-- MySQL Workbench Forward Engineering

SET @OLD_UNIQUE_CHECKS=@@UNIQUE_CHECKS, UNIQUE_CHECKS=0;
SET @OLD_FOREIGN_KEY_CHECKS=@@FOREIGN_KEY_CHECKS, FOREIGN_KEY_CHECKS=0;
SET @OLD_SQL_MODE=@@SQL_MODE, SQL_MODE='TRADITIONAL,ALLOW_INVALID_DATES';

-- -----------------------------------------------------
-- Schema mydb
-- -----------------------------------------------------
DROP SCHEMA IF EXISTS `mydb` ;

-- -----------------------------------------------------
-- Schema mydb
-- -----------------------------------------------------
CREATE SCHEMA IF NOT EXISTS `mydb` DEFAULT CHARACTER SET utf8 COLLATE utf8_general_ci ;
USE `mydb` ;

-- -----------------------------------------------------
-- Table `mydb`.`HOMELAND`
-- -----------------------------------------------------
CREATE TABLE IF NOT EXISTS `mydb`.`HOMELAND` (
  `homeland_id` INT NOT NULL AUTO_INCREMENT COMMENT '',
  `homeland_name` VARCHAR(14) NULL COMMENT '',
  PRIMARY KEY (`homeland_id`)  COMMENT '')
ENGINE = InnoDB;


-- -----------------------------------------------------
-- Table `mydb`.`Champion_Main_Role`
-- -----------------------------------------------------
CREATE TABLE IF NOT EXISTS `mydb`.`Champion_Main_Role` (
  `main_role_id` INT NOT NULL COMMENT '',
  `main_roles_name` VARCHAR(45) NULL COMMENT '',
  PRIMARY KEY (`main_role_id`)  COMMENT '')
ENGINE = InnoDB;


-- -----------------------------------------------------
-- Table `mydb`.`Champion_Second_Role`
-- -----------------------------------------------------
CREATE TABLE IF NOT EXISTS `mydb`.`Champion_Second_Role` (
  `Second_Role_id` INT NOT NULL COMMENT '',
  `Second_roles_name` VARCHAR(45) NULL COMMENT '',
  PRIMARY KEY (`Second_Role_id`)  COMMENT '')
ENGINE = InnoDB;


-- -----------------------------------------------------
-- Table `mydb`.`CHAMPIONS`
-- -----------------------------------------------------
CREATE TABLE IF NOT EXISTS `mydb`.`CHAMPIONS` (
  `champion_id` INT NOT NULL COMMENT '',
  `Champion` VARCHAR(14) NOT NULL COMMENT '',
  `Alias` VARCHAR(26) NULL COMMENT '',
  `Health` VARCHAR(25) NULL COMMENT '',
  `Health_Regen` VARCHAR(24) NULL COMMENT '',
  `Mana` VARCHAR(24) NULL COMMENT '',
  `Mana_Regen` VARCHAR(26) NULL COMMENT '',
  `Attack_Damage` VARCHAR(27) NULL COMMENT '',
  `Attack_Speed` VARCHAR(27) NULL COMMENT '',
  `Armor` VARCHAR(27) NULL COMMENT '',
  `Magic_Resist` VARCHAR(24) NULL COMMENT '',
  `Movement_Speed` SMALLINT NULL COMMENT '',
  `IP_COST` SMALLINT NULL COMMENT '',
  `RP_COST` SMALLINT NULL COMMENT '',
  `HOMELAND_homeland_id` INT NOT NULL COMMENT '',
  `Champion_Main_Role_main_role_id` INT NOT NULL COMMENT '',
  `Champion_Second_Role_Second_Role_id` INT NOT NULL COMMENT '',
  PRIMARY KEY (`champion_id`)  COMMENT '',
  INDEX `fk_CHAMPIONS_HOMELAND1_idx` (`HOMELAND_homeland_id` ASC)  COMMENT '',
  INDEX `fk_CHAMPIONS_Champion_Main_Role1_idx` (`Champion_Main_Role_main_role_id` ASC)  COMMENT '',
  INDEX `fk_CHAMPIONS_Champion_Second_Role1_idx` (`Champion_Second_Role_Second_Role_id` ASC)  COMMENT '')
ENGINE = InnoDB;


-- -----------------------------------------------------
-- Table `mydb`.`ITEM_TYPE`
-- -----------------------------------------------------
CREATE TABLE IF NOT EXISTS `mydb`.`ITEM_TYPE` (
  `type_id` INT NOT NULL COMMENT '',
  `types_name` VARCHAR(10) NULL COMMENT '',
  PRIMARY KEY (`type_id`)  COMMENT '')
ENGINE = InnoDB;


-- -----------------------------------------------------
-- Table `mydb`.`ITEM_FUNCTİON`
-- -----------------------------------------------------
CREATE TABLE IF NOT EXISTS `mydb`.`ITEM_FUNCTİON` (
  `function_id` INT NOT NULL COMMENT '',
  `functions_name` VARCHAR(10) NULL COMMENT '',
  PRIMARY KEY (`function_id`)  COMMENT '')
ENGINE = InnoDB;


-- -----------------------------------------------------
-- Table `mydb`.`ITEMS`
-- -----------------------------------------------------
CREATE TABLE IF NOT EXISTS `mydb`.`ITEMS` (
  `item_number` INT NOT NULL COMMENT '',
  `ITEM` VARCHAR(34) NOT NULL COMMENT '',
  `Features` VARCHAR(130) NULL COMMENT '',
  `Unique_Property` TEXT NULL COMMENT '',
  `Gold_Cost` SMALLINT NULL COMMENT '',
  `ITEM_TYPE_type_id` INT NOT NULL COMMENT '',
  `ITEM_FUNCTİON_function_id` INT NOT NULL COMMENT '',
  INDEX `fk_ITEMS_ITEM_TYPE1_idx` (`ITEM_TYPE_type_id` ASC)  COMMENT '',
  PRIMARY KEY (`item_number`)  COMMENT '',
  INDEX `fk_ITEMS_ITEM_FUNCTİON1_idx` (`ITEM_FUNCTİON_function_id` ASC)  COMMENT '')
ENGINE = InnoDB;


-- -----------------------------------------------------
-- Table `mydb`.`SUMMONER_SPELL_TYPE`
-- -----------------------------------------------------
CREATE TABLE IF NOT EXISTS `mydb`.`SUMMONER_SPELL_TYPE` (
  `summoner_type_id` INT NOT NULL COMMENT '',
  `summoner_type_name` VARCHAR(12) NULL COMMENT '',
  PRIMARY KEY (`summoner_type_id`)  COMMENT '')
ENGINE = InnoDB;


-- -----------------------------------------------------
-- Table `mydb`.`SUMMONER_SPELLS`
-- -----------------------------------------------------
CREATE TABLE IF NOT EXISTS `mydb`.`SUMMONER_SPELLS` (
  `Summoner_Spell` VARCHAR(14) NOT NULL COMMENT '',
  `Required_Summoner_Level` TINYINT NULL COMMENT '',
  `Description` VARCHAR(201) NULL COMMENT '',
  `Cooldown` SMALLINT NULL COMMENT '',
  `SUMMONER_SPELL_TYPE_summoner_type_id` INT NOT NULL COMMENT '',
  PRIMARY KEY (`Summoner_Spell`)  COMMENT '',
  INDEX `fk_SUMMONER_SPELLS_SUMMONER_SPELL_TYPE1_idx` (`SUMMONER_SPELL_TYPE_summoner_type_id` ASC)  COMMENT '')
ENGINE = InnoDB;


-- -----------------------------------------------------
-- Table `mydb`.`SUMMONER_REGION`
-- -----------------------------------------------------
CREATE TABLE IF NOT EXISTS `mydb`.`SUMMONER_REGION` (
  `summoner_region_id` INT NOT NULL COMMENT '',
  `summoner_region_name` VARCHAR(30) NULL COMMENT '',
  PRIMARY KEY (`summoner_region_id`)  COMMENT '')
ENGINE = InnoDB;


-- -----------------------------------------------------
-- Table `mydb`.`SUMMONER_CHOSEN_LOCATION`
-- -----------------------------------------------------
CREATE TABLE IF NOT EXISTS `mydb`.`SUMMONER_CHOSEN_LOCATION` (
  `summoners_chosen_location_id` INT NOT NULL COMMENT '',
  `summoners_chosen_location_name` VARCHAR(10) NULL COMMENT '',
  PRIMARY KEY (`summoners_chosen_location_id`)  COMMENT '')
ENGINE = InnoDB;


-- -----------------------------------------------------
-- Table `mydb`.`SUMMONER_PEAK_LEAGUE`
-- -----------------------------------------------------
CREATE TABLE IF NOT EXISTS `mydb`.`SUMMONER_PEAK_LEAGUE` (
  `summoner_league_id` INT NOT NULL COMMENT '',
  `summoner_peak_league_name` VARCHAR(15) NULL COMMENT '',
  PRIMARY KEY (`summoner_league_id`)  COMMENT '')
ENGINE = InnoDB;


-- -----------------------------------------------------
-- Table `mydb`.`SUMMONERS`
-- -----------------------------------------------------
CREATE TABLE IF NOT EXISTS `mydb`.`SUMMONERS` (
  `Summoners_Nickname` VARCHAR(25) NOT NULL COMMENT '',
  `Summoners_Real_Name` VARCHAR(45) NULL COMMENT '',
  `Nationality` VARCHAR(15) NULL COMMENT '',
  `Year_of_Birth` SMALLINT NULL COMMENT '',
  `Clan` VARCHAR(30) NULL COMMENT '',
  `SUMMONER_REGION_summoner_region_id` INT NOT NULL COMMENT '',
  `SUMMONER_CHOSEN_LOCATION_summoners_chosen_location_id` INT NOT NULL COMMENT '',
  `SUMMONER_PEAK_LEAGUE_summoner_league_id1` INT NOT NULL COMMENT '',
  PRIMARY KEY (`Summoners_Nickname`)  COMMENT '',
  INDEX `fk_SUMMONERS_SUMMONER_REGION1_idx` (`SUMMONER_REGION_summoner_region_id` ASC)  COMMENT '',
  INDEX `fk_SUMMONERS_SUMMONER_CHOSEN_LOCATION1_idx` (`SUMMONER_CHOSEN_LOCATION_summoners_chosen_location_id` ASC)  COMMENT '',
  INDEX `fk_SUMMONERS_SUMMONER_PEAK_LEAGUE1_idx` (`SUMMONER_PEAK_LEAGUE_summoner_league_id1` ASC)  COMMENT '')
ENGINE = InnoDB;


-- -----------------------------------------------------
-- Table `mydb`.`RUNE_EFFECT`
-- -----------------------------------------------------
CREATE TABLE IF NOT EXISTS `mydb`.`RUNE_EFFECT` (
  `rune_effect_id` INT NOT NULL COMMENT '',
  `rune_effects_name` VARCHAR(25) NULL COMMENT '',
  PRIMARY KEY (`rune_effect_id`)  COMMENT '')
ENGINE = InnoDB;


-- -----------------------------------------------------
-- Table `mydb`.`RUNE_TIER`
-- -----------------------------------------------------
CREATE TABLE IF NOT EXISTS `mydb`.`RUNE_TIER` (
  `rune_tier_id` INT NOT NULL COMMENT '',
  `rune_tier_name` VARCHAR(10) NULL COMMENT '',
  PRIMARY KEY (`rune_tier_id`)  COMMENT '')
ENGINE = InnoDB;


-- -----------------------------------------------------
-- Table `mydb`.`RUNE_TYPE`
-- -----------------------------------------------------
CREATE TABLE IF NOT EXISTS `mydb`.`RUNE_TYPE` (
  `rune_type_id` INT NOT NULL COMMENT '',
  `rune_type_name` VARCHAR(25) NULL COMMENT '',
  PRIMARY KEY (`rune_type_id`)  COMMENT '')
ENGINE = InnoDB;


-- -----------------------------------------------------
-- Table `mydb`.`RUNE_INCREASE_STYLE`
-- -----------------------------------------------------
CREATE TABLE IF NOT EXISTS `mydb`.`RUNE_INCREASE_STYLE` (
  `rune_increase_style_id` INT NOT NULL COMMENT '',
  `rune_increase_style_name` VARCHAR(11) NULL COMMENT '',
  PRIMARY KEY (`rune_increase_style_id`)  COMMENT '')
ENGINE = InnoDB;


-- -----------------------------------------------------
-- Table `mydb`.`RUNES`
-- -----------------------------------------------------
CREATE TABLE IF NOT EXISTS `mydb`.`RUNES` (
  `Rune` VARCHAR(53) NOT NULL COMMENT '',
  `Description` VARCHAR(72) NULL COMMENT '',
  `IP_Cost` SMALLINT NULL COMMENT '',
  `RUNE_EFFECT_rune_effect_id` INT NOT NULL COMMENT '',
  `RUNE_TIER_rune_tier_id` INT NOT NULL COMMENT '',
  `RUNE_TYPE_rune_type_id` INT NOT NULL COMMENT '',
  `RUNE_INCREASE_STYLE_rune_increase_style_id` INT NOT NULL COMMENT '',
  PRIMARY KEY (`Rune`)  COMMENT '',
  INDEX `fk_RUNES_RUNE_EFFECT1_idx` (`RUNE_EFFECT_rune_effect_id` ASC)  COMMENT '',
  INDEX `fk_RUNES_RUNE_TIER1_idx` (`RUNE_TIER_rune_tier_id` ASC)  COMMENT '',
  INDEX `fk_RUNES_RUNE_TYPE1_idx` (`RUNE_TYPE_rune_type_id` ASC)  COMMENT '',
  INDEX `fk_RUNES_RUNE_INCREASE_STYLE1_idx` (`RUNE_INCREASE_STYLE_rune_increase_style_id` ASC)  COMMENT '')
ENGINE = InnoDB;


-- -----------------------------------------------------
-- Table `mydb`.`MASTER_TREE`
-- -----------------------------------------------------
CREATE TABLE IF NOT EXISTS `mydb`.`MASTER_TREE` (
  `tree_id` INT NOT NULL COMMENT '',
  `tree_name` VARCHAR(10) NULL COMMENT '',
  PRIMARY KEY (`tree_id`)  COMMENT '')
ENGINE = InnoDB;


-- -----------------------------------------------------
-- Table `mydb`.`MASTERIES`
-- -----------------------------------------------------
CREATE TABLE IF NOT EXISTS `mydb`.`MASTERIES` (
  `Master_name` VARCHAR(21) NOT NULL COMMENT '',
  `masteries_id` INT NULL COMMENT '',
  `Rank` TINYINT NULL COMMENT '',
  `Required_Points_to_open` TINYINT NULL COMMENT '',
  `Required_Points_to_complete` TINYINT NULL COMMENT '',
  `Required_Base_Master_id` INT NULL COMMENT '',
  `Description` VARCHAR(253) NULL COMMENT '',
  `MASTER_TREE_tree_id` INT NOT NULL COMMENT '',
  PRIMARY KEY (`Master_name`)  COMMENT '',
  INDEX `fk_MASTERIES_MASTER_TREE1_idx` (`MASTER_TREE_tree_id` ASC)  COMMENT '')
ENGINE = InnoDB;


-- -----------------------------------------------------
-- Table `mydb`.`SUMMONERS_has_SUMMONER_SPELLS`
-- -----------------------------------------------------
CREATE TABLE IF NOT EXISTS `mydb`.`SUMMONERS_has_SUMMONER_SPELLS` (
  `SUMMONERS_Summoners_Nickname` VARCHAR(25) NOT NULL COMMENT '',
  `SUMMONER SPELLS_Summoner_Spell` VARCHAR(14) NOT NULL COMMENT '',
  PRIMARY KEY (`SUMMONERS_Summoners_Nickname`, `SUMMONER SPELLS_Summoner_Spell`)  COMMENT '',
  INDEX `fk_SUMMONERS_has_SUMMONER SPELLS_SUMMONER SPELLS1_idx` (`SUMMONER SPELLS_Summoner_Spell` ASC)  COMMENT '',
  INDEX `fk_SUMMONERS_has_SUMMONER SPELLS_SUMMONERS1_idx` (`SUMMONERS_Summoners_Nickname` ASC)  COMMENT '')
ENGINE = InnoDB;


-- -----------------------------------------------------
-- Table `mydb`.`SUMMONERS_has_MASTERIES`
-- -----------------------------------------------------
CREATE TABLE IF NOT EXISTS `mydb`.`SUMMONERS_has_MASTERIES` (
  `SUMMONERS_Summoners_Nickname` VARCHAR(25) NOT NULL COMMENT '',
  `MASTERIES_Master_name` VARCHAR(21) NOT NULL COMMENT '',
  PRIMARY KEY (`SUMMONERS_Summoners_Nickname`, `MASTERIES_Master_name`)  COMMENT '',
  INDEX `fk_SUMMONERS_has_MASTERIES_MASTERIES1_idx` (`MASTERIES_Master_name` ASC)  COMMENT '',
  INDEX `fk_SUMMONERS_has_MASTERIES_SUMMONERS1_idx` (`SUMMONERS_Summoners_Nickname` ASC)  COMMENT '')
ENGINE = InnoDB;


-- -----------------------------------------------------
-- Table `mydb`.`SUMMONERS_has_RUNES`
-- -----------------------------------------------------
CREATE TABLE IF NOT EXISTS `mydb`.`SUMMONERS_has_RUNES` (
  `SUMMONERS_Summoners_Nickname` VARCHAR(25) NOT NULL COMMENT '',
  `RUNES_Rune` VARCHAR(53) NOT NULL COMMENT '',
  PRIMARY KEY (`SUMMONERS_Summoners_Nickname`, `RUNES_Rune`)  COMMENT '',
  INDEX `fk_SUMMONERS_has_RUNES_RUNES1_idx` (`RUNES_Rune` ASC)  COMMENT '',
  INDEX `fk_SUMMONERS_has_RUNES_SUMMONERS1_idx` (`SUMMONERS_Summoners_Nickname` ASC)  COMMENT '')
ENGINE = InnoDB;


-- -----------------------------------------------------
-- Table `mydb`.`ABILITIES_TYPE`
-- -----------------------------------------------------
CREATE TABLE IF NOT EXISTS `mydb`.`ABILITIES_TYPE` (
  `abilities_type_id` INT NOT NULL COMMENT '',
  `abilities_type_name` VARCHAR(45) NULL COMMENT '',
  PRIMARY KEY (`abilities_type_id`)  COMMENT '')
ENGINE = InnoDB;


-- -----------------------------------------------------
-- Table `mydb`.`ABILITES`
-- -----------------------------------------------------
CREATE TABLE IF NOT EXISTS `mydb`.`ABILITES` (
  `ability_id` INT NOT NULL COMMENT '',
  `ABILITIY` VARCHAR(45) NOT NULL COMMENT '',
  `Description` TEXT NULL COMMENT '',
  `Cost` VARCHAR(45) NULL COMMENT '',
  `Cooldown` VARCHAR(45) NULL COMMENT '',
  `Ability_Range` VARCHAR(45) NULL COMMENT '',
  `ABILITIES_TYPE_abilities_type_id` INT NOT NULL COMMENT '',
  `CHAMPIONS_champion_id` INT NOT NULL COMMENT '',
  INDEX `fk_ABILITES_ABILITIES_TYPE1_idx` (`ABILITIES_TYPE_abilities_type_id` ASC)  COMMENT '',
  PRIMARY KEY (`ability_id`)  COMMENT '',
  INDEX `fk_ABILITES_CHAMPIONS1_idx` (`CHAMPIONS_champion_id` ASC)  COMMENT '')
ENGINE = InnoDB;


-- -----------------------------------------------------
-- Table `mydb`.`CHAMPIONS_has_ITEMS`
-- -----------------------------------------------------
CREATE TABLE IF NOT EXISTS `mydb`.`CHAMPIONS_has_ITEMS` (
  `CHAMPIONS_champion_id` INT NOT NULL COMMENT '',
  `ITEMS_item_number` INT NOT NULL COMMENT '',
  PRIMARY KEY (`CHAMPIONS_champion_id`, `ITEMS_item_number`)  COMMENT '',
  INDEX `fk_CHAMPIONS_has_ITEMS_ITEMS1_idx` (`ITEMS_item_number` ASC)  COMMENT '',
  INDEX `fk_CHAMPIONS_has_ITEMS_CHAMPIONS1_idx` (`CHAMPIONS_champion_id` ASC)  COMMENT '')
ENGINE = InnoDB;


-- -----------------------------------------------------
-- Table `mydb`.`ITEMS_has_required_ITEMS`
-- -----------------------------------------------------
CREATE TABLE IF NOT EXISTS `mydb`.`ITEMS_has_required_ITEMS` (
  `ITEMS_item_number` INT NOT NULL COMMENT '',
  `ITEMS_required_item_number1` INT NOT NULL COMMENT '',
  PRIMARY KEY (`ITEMS_item_number`, `ITEMS_required_item_number1`)  COMMENT '',
  INDEX `fk_ITEMS_has_ITEMS_ITEMS2_idx` (`ITEMS_required_item_number1` ASC)  COMMENT '',
  INDEX `fk_ITEMS_has_ITEMS_ITEMS1_idx` (`ITEMS_item_number` ASC)  COMMENT '')
ENGINE = InnoDB;


-- -----------------------------------------------------
-- Table `mydb`.`SUMMONERS_has_CHAMPIONS`
-- -----------------------------------------------------
CREATE TABLE IF NOT EXISTS `mydb`.`SUMMONERS_has_CHAMPIONS` (
  `SUMMONERS_Summoners_Nickname` VARCHAR(25) NOT NULL COMMENT '',
  `CHAMPIONS_champion_id` INT NOT NULL COMMENT '',
  PRIMARY KEY (`SUMMONERS_Summoners_Nickname`, `CHAMPIONS_champion_id`)  COMMENT '',
  INDEX `fk_SUMMONERS_has_CHAMPIONS_CHAMPIONS1_idx` (`CHAMPIONS_champion_id` ASC)  COMMENT '',
  INDEX `fk_SUMMONERS_has_CHAMPIONS_SUMMONERS1_idx` (`SUMMONERS_Summoners_Nickname` ASC)  COMMENT '')
ENGINE = InnoDB;


SET SQL_MODE=@OLD_SQL_MODE;
SET FOREIGN_KEY_CHECKS=@OLD_FOREIGN_KEY_CHECKS;
SET UNIQUE_CHECKS=@OLD_UNIQUE_CHECKS;

-- -----------------------------------------------------
-- Data for table `mydb`.`HOMELAND`
-- -----------------------------------------------------
START TRANSACTION;
USE `mydb`;
INSERT INTO `mydb`.`HOMELAND` (`homeland_id`, `homeland_name`) VALUES (1, 'Bandle City');
INSERT INTO `mydb`.`HOMELAND` (`homeland_id`, `homeland_name`) VALUES (2, 'Bilgewater');
INSERT INTO `mydb`.`HOMELAND` (`homeland_id`, `homeland_name`) VALUES (3, 'Demacia');
INSERT INTO `mydb`.`HOMELAND` (`homeland_id`, `homeland_name`) VALUES (4, 'Freljord');
INSERT INTO `mydb`.`HOMELAND` (`homeland_id`, `homeland_name`) VALUES (5, 'Independent');
INSERT INTO `mydb`.`HOMELAND` (`homeland_id`, `homeland_name`) VALUES (6, 'Ionia');
INSERT INTO `mydb`.`HOMELAND` (`homeland_id`, `homeland_name`) VALUES (7, 'Mt. Targon');
INSERT INTO `mydb`.`HOMELAND` (`homeland_id`, `homeland_name`) VALUES (8, 'Noxus');
INSERT INTO `mydb`.`HOMELAND` (`homeland_id`, `homeland_name`) VALUES (9, 'Piltover');
INSERT INTO `mydb`.`HOMELAND` (`homeland_id`, `homeland_name`) VALUES (10, 'Shadow Isles');
INSERT INTO `mydb`.`HOMELAND` (`homeland_id`, `homeland_name`) VALUES (11, 'Shurima');
INSERT INTO `mydb`.`HOMELAND` (`homeland_id`, `homeland_name`) VALUES (12, 'Void');
INSERT INTO `mydb`.`HOMELAND` (`homeland_id`, `homeland_name`) VALUES (13, 'Zaun');

COMMIT;


-- -----------------------------------------------------
-- Data for table `mydb`.`Champion_Main_Role`
-- -----------------------------------------------------
START TRANSACTION;
USE `mydb`;
INSERT INTO `mydb`.`Champion_Main_Role` (`main_role_id`, `main_roles_name`) VALUES (1, 'Assassin');
INSERT INTO `mydb`.`Champion_Main_Role` (`main_role_id`, `main_roles_name`) VALUES (2, 'Fighter');
INSERT INTO `mydb`.`Champion_Main_Role` (`main_role_id`, `main_roles_name`) VALUES (3, 'Mage');
INSERT INTO `mydb`.`Champion_Main_Role` (`main_role_id`, `main_roles_name`) VALUES (4, 'Marksman');
INSERT INTO `mydb`.`Champion_Main_Role` (`main_role_id`, `main_roles_name`) VALUES (5, 'Support');
INSERT INTO `mydb`.`Champion_Main_Role` (`main_role_id`, `main_roles_name`) VALUES (6, 'Tank');

COMMIT;


-- -----------------------------------------------------
-- Data for table `mydb`.`Champion_Second_Role`
-- -----------------------------------------------------
START TRANSACTION;
USE `mydb`;
INSERT INTO `mydb`.`Champion_Second_Role` (`Second_Role_id`, `Second_roles_name`) VALUES (1, 'Assassin');
INSERT INTO `mydb`.`Champion_Second_Role` (`Second_Role_id`, `Second_roles_name`) VALUES (2, 'Fighter');
INSERT INTO `mydb`.`Champion_Second_Role` (`Second_Role_id`, `Second_roles_name`) VALUES (3, 'Mage');
INSERT INTO `mydb`.`Champion_Second_Role` (`Second_Role_id`, `Second_roles_name`) VALUES (4, 'Marksman');
INSERT INTO `mydb`.`Champion_Second_Role` (`Second_Role_id`, `Second_roles_name`) VALUES (5, 'Support');
INSERT INTO `mydb`.`Champion_Second_Role` (`Second_Role_id`, `Second_roles_name`) VALUES (6, 'Tank');
INSERT INTO `mydb`.`Champion_Second_Role` (`Second_Role_id`, `Second_roles_name`) VALUES (7, 'N/A');

COMMIT;


-- -----------------------------------------------------
-- Data for table `mydb`.`CHAMPIONS`
-- -----------------------------------------------------
START TRANSACTION;
USE `mydb`;
INSERT INTO `mydb`.`CHAMPIONS` (`champion_id`, `Champion`, `Alias`, `Health`, `Health_Regen`, `Mana`, `Mana_Regen`, `Attack_Damage`, `Attack_Speed`, `Armor`, `Magic_Resist`, `Movement_Speed`, `IP_COST`, `RP_COST`, `HOMELAND_homeland_id`, `Champion_Main_Role_main_role_id`, `Champion_Second_Role_Second_Role_id`) VALUES (1, 'Aatrox', 'the Darkin Blade', '537.8 (+85 per level)', '6.59 (+0.5 per level)', 'N/A', 'N/A', '60.376 (+3.2 per level)', '0.651 (+3% per level)', '24.384 (+3.8 per level)', '32.1 (+1.25 per level)', 345, 6300, 975, 5, 2, 6);
INSERT INTO `mydb`.`CHAMPIONS` (`champion_id`, `Champion`, `Alias`, `Health`, `Health_Regen`, `Mana`, `Mana_Regen`, `Attack_Damage`, `Attack_Speed`, `Armor`, `Magic_Resist`, `Movement_Speed`, `IP_COST`, `RP_COST`, `HOMELAND_homeland_id`, `Champion_Main_Role_main_role_id`, `Champion_Second_Role_Second_Role_id`) VALUES (2, 'Ahri', 'the Nine-Tailed Fox', '514.4 (+80 per level)', '6.505 (+0.6 per level)', '334 (+50 per level)', '6 (+0.8 per level)', '53.04 (+3 per level)', '0.668 (+2% per level)', '20.88 (+3.5 per level)', '30 (+0 per level)', 330, 4800, 880, 6, 3, 1);
INSERT INTO `mydb`.`CHAMPIONS` (`champion_id`, `Champion`, `Alias`, `Health`, `Health_Regen`, `Mana`, `Mana_Regen`, `Attack_Damage`, `Attack_Speed`, `Armor`, `Magic_Resist`, `Movement_Speed`, `IP_COST`, `RP_COST`, `HOMELAND_homeland_id`, `Champion_Main_Role_main_role_id`, `Champion_Second_Role_Second_Role_id`) VALUES (3, 'Akali', 'the Fist of Shadow', '587.8 (+85 per level)', '8.34 (+0.65 per level)', 'N/A', 'N/A', '58.376 (+3.2 per level)', '0.694 (+3.1% per level)', '26.38 (+3.5 per level)', '32.1 (+1.25 per level)', 350, 3150, 790, 6, 1, 7);
INSERT INTO `mydb`.`CHAMPIONS` (`champion_id`, `Champion`, `Alias`, `Health`, `Health_Regen`, `Mana`, `Mana_Regen`, `Attack_Damage`, `Attack_Speed`, `Armor`, `Magic_Resist`, `Movement_Speed`, `IP_COST`, `RP_COST`, `HOMELAND_homeland_id`, `Champion_Main_Role_main_role_id`, `Champion_Second_Role_Second_Role_id`) VALUES (4, 'Alistar', 'the Minotaur', '613.36 (+102 per level)', '8.675 (+0.85 per level)', '278.84 (+38 per level)', '6 (+0.8 per level)', '61.1116 (+3.62 per level)', '0.625 (+2.125% per level)', '24.38 (+3.5 per level)', '32.1 (+1.25 per level)', 330, 1350, 585, 5, 6, 7);
INSERT INTO `mydb`.`CHAMPIONS` (`champion_id`, `Champion`, `Alias`, `Health`, `Health_Regen`, `Mana`, `Mana_Regen`, `Attack_Damage`, `Attack_Speed`, `Armor`, `Magic_Resist`, `Movement_Speed`, `IP_COST`, `RP_COST`, `HOMELAND_homeland_id`, `Champion_Main_Role_main_role_id`, `Champion_Second_Role_Second_Role_id`) VALUES (5, 'Amumu', 'the Sad Mummy', '613.12 (+84 per level)', '8.875 (+0.85 per level)', '287.2 (+40 per level)', '7.38 (+0.525 per level)', '53.384 (+3.8 per level)', '0.638 (+2.18% per level)', '23.544 (+3.3 per level)', '32.1 (+1.25 per level)', 335, 450, 260, 1, 6, 3);
INSERT INTO `mydb`.`CHAMPIONS` (`champion_id`, `Champion`, `Alias`, `Health`, `Health_Regen`, `Mana`, `Mana_Regen`, `Attack_Damage`, `Attack_Speed`, `Armor`, `Magic_Resist`, `Movement_Speed`, `IP_COST`, `RP_COST`, `HOMELAND_homeland_id`, `Champion_Main_Role_main_role_id`, `Champion_Second_Role_Second_Role_id`) VALUES (6, 'Anivia', 'the Cryophoenix', '467.6 (+70 per level)', '5.57 (+0.55 per level)', '346.04 (+53 per level)', '6 (+0.8 per level)', '51.376 (+3.2 per level)', '0.625 (+1.68% per level)', '21.22 (+4 per level)', '30 (+0 per level)', 325, 3150, 790, 4, 3, 5);
INSERT INTO `mydb`.`CHAMPIONS` (`champion_id`, `Champion`, `Alias`, `Health`, `Health_Regen`, `Mana`, `Mana_Regen`, `Attack_Damage`, `Attack_Speed`, `Armor`, `Magic_Resist`, `Movement_Speed`, `IP_COST`, `RP_COST`, `HOMELAND_homeland_id`, `Champion_Main_Role_main_role_id`, `Champion_Second_Role_Second_Role_id`) VALUES (7, 'Annie', 'the Dark Child', '511.68 (+76 per level)', '5.42 (+0.55 per level)', '334 (+50 per level)', '6 (+0.8 per level)', '50.41 (+2.625 per level)', '0.579 (+1.36% per level)', '19.22 (+4 per level)', '30 (+0 per level)', 335, 450, 260, 5, 3, 7);
INSERT INTO `mydb`.`CHAMPIONS` (`champion_id`, `Champion`, `Alias`, `Health`, `Health_Regen`, `Mana`, `Mana_Regen`, `Attack_Damage`, `Attack_Speed`, `Armor`, `Magic_Resist`, `Movement_Speed`, `IP_COST`, `RP_COST`, `HOMELAND_homeland_id`, `Champion_Main_Role_main_role_id`, `Champion_Second_Role_Second_Role_id`) VALUES (8, 'Ashe', 'the Frost Archer', '527.72 (+79 per level)', '5.42 (+0.55 per level)', '231.8 (+35 per level)', '6.97 (+0.4 per level)', '51.088 (+2.85 per level)', '0.658 (+4% per level)', '21.212 (+3.4 per level)', '30 (+0 per level)', 325, 450, 260, 4, 4, 5);
INSERT INTO `mydb`.`CHAMPIONS` (`champion_id`, `Champion`, `Alias`, `Health`, `Health_Regen`, `Mana`, `Mana_Regen`, `Attack_Damage`, `Attack_Speed`, `Armor`, `Magic_Resist`, `Movement_Speed`, `IP_COST`, `RP_COST`, `HOMELAND_homeland_id`, `Champion_Main_Role_main_role_id`, `Champion_Second_Role_Second_Role_id`) VALUES (9, 'Azir', 'the Emperor of the Sands', '524.4 (+80 per level)', '6.92 (+0.55 per level)', '350.56 (+42 per level)', '6 (+0.8 per level)', '49.704 (+2.8 per level)', '0.521 (+1.5% per level)', '19.04 (+3 per level', '30 (+0 per level)', 335, 6300, 975, 11, 3, 4);
INSERT INTO `mydb`.`CHAMPIONS` (`champion_id`, `Champion`, `Alias`, `Health`, `Health_Regen`, `Mana`, `Mana_Regen`, `Attack_Damage`, `Attack_Speed`, `Armor`, `Magic_Resist`, `Movement_Speed`, `IP_COST`, `RP_COST`, `HOMELAND_homeland_id`, `Champion_Main_Role_main_role_id`, `Champion_Second_Role_Second_Role_id`) VALUES (10, 'Blitzcrank', 'the Great Steam Golem', '582.6 (+95 per level)', '8.51 (+0.75 per level)', '267.2 (+40 per level)', '6 (+0.8 per level)', '61.54 (+3.5 per level)', '0.625 (+1.13% per level)', '24.38 (+3.5 per level)', '32.1 (+1.25 per level)', 325, 3150, 790, 13, 6, 2);
INSERT INTO `mydb`.`CHAMPIONS` (`champion_id`, `Champion`, `Alias`, `Health`, `Health_Regen`, `Mana`, `Mana_Regen`, `Attack_Damage`, `Attack_Speed`, `Armor`, `Magic_Resist`, `Movement_Speed`, `IP_COST`, `RP_COST`, `HOMELAND_homeland_id`, `Champion_Main_Role_main_role_id`, `Champion_Second_Role_Second_Role_id`) VALUES (11, 'Brand', 'the Burning Vengeance', '507.68 (+76 per level)', '5.42 (+0.55 per level)', '325.6 (+45 per level)', '8.005 (+0.6 per level)', '57.04 (+3 per level)', '0.625 (+1.36% per level)', '21.88 (+3.5 per level)', '30 (+0 per level)', 340, 4800, 880, 5, 3, 7);
INSERT INTO `mydb`.`CHAMPIONS` (`champion_id`, `Champion`, `Alias`, `Health`, `Health_Regen`, `Mana`, `Mana_Regen`, `Attack_Damage`, `Attack_Speed`, `Armor`, `Magic_Resist`, `Movement_Speed`, `IP_COST`, `RP_COST`, `HOMELAND_homeland_id`, `Champion_Main_Role_main_role_id`, `Champion_Second_Role_Second_Role_id`) VALUES (12, 'Braum', 'the Heart of the Freljord', '576.16 (+87 per level)', '8.18 (+1 per level)', '310.6 (+45 per level)', '6 (+0.8 per level)', '55.376 (+3.2 per level)', '0.644 (+3.5% per level)', '26.72 (+4 per level)', '32.1 (+1.25 per level)', 335, 6300, 975, 4, 5, 6);
INSERT INTO `mydb`.`CHAMPIONS` (`champion_id`, `Champion`, `Alias`, `Health`, `Health_Regen`, `Mana`, `Mana_Regen`, `Attack_Damage`, `Attack_Speed`, `Armor`, `Magic_Resist`, `Movement_Speed`, `IP_COST`, `RP_COST`, `HOMELAND_homeland_id`, `Champion_Main_Role_main_role_id`, `Champion_Second_Role_Second_Role_id`) VALUES (13, 'Caitlyn', 'the Sheriff of Piltover', '524.4 (+80 per level)', '5.67 (+0.55 per level)', '313.8 (+35 per level)', '7.42 (+0.55 per level)', '50.04 (+3 per level)', '0.625 (+4% per level)', '22.88 (+3.5 per level)', '30 (+0 per level)', 325, 4800, 880, 9, 4, 7);
INSERT INTO `mydb`.`CHAMPIONS` (`champion_id`, `Champion`, `Alias`, `Health`, `Health_Regen`, `Mana`, `Mana_Regen`, `Attack_Damage`, `Attack_Speed`, `Armor`, `Magic_Resist`, `Movement_Speed`, `IP_COST`, `RP_COST`, `HOMELAND_homeland_id`, `Champion_Main_Role_main_role_id`, `Champion_Second_Role_Second_Role_id`) VALUES (14, 'Cassiopeia', 'the Serpent\'s Embrace', '506 (+75 per level)', '5.69 (+0.5 per level)', '370.8 (+60 per level)', '8.36 (+0.75 per level)', '52.376 (+3.2 per level)', '0.647 (+1.68% per level)', '22.22 (+4 per level)', '30 (+0 per level)', 335, 4800, 880, 11, 3, 7);
INSERT INTO `mydb`.`CHAMPIONS` (`champion_id`, `Champion`, `Alias`, `Health`, `Health_Regen`, `Mana`, `Mana_Regen`, `Attack_Damage`, `Attack_Speed`, `Armor`, `Magic_Resist`, `Movement_Speed`, `IP_COST`, `RP_COST`, `HOMELAND_homeland_id`, `Champion_Main_Role_main_role_id`, `Champion_Second_Role_Second_Role_id`) VALUES (15, 'Cho\'Gath', 'the Terror of the Void', '574.4 (+80 per level)', '8.925 (+0.85 per level)', '272.2 (+40 per level)', '7.205 (+0.45 per level)', '61.156 (+4.2 per level)', '0.625 (+1.44% per level)', '28.88 (+3.5 per level)', '32.1 (+1.25 per level)', 345, 1350, 585, 12, 6, 3);
INSERT INTO `mydb`.`CHAMPIONS` (`champion_id`, `Champion`, `Alias`, `Health`, `Health_Regen`, `Mana`, `Mana_Regen`, `Attack_Damage`, `Attack_Speed`, `Armor`, `Magic_Resist`, `Movement_Speed`, `IP_COST`, `RP_COST`, `HOMELAND_homeland_id`, `Champion_Main_Role_main_role_id`, `Champion_Second_Role_Second_Role_id`) VALUES (16, 'Corki', 'the Daring Bombardier', '512.76 (+82 per level)', '5.42 (+0.55 per level)', '305.16 (+37 per level)', '7.42 (+0.55 per level)', '51.24 (+3 per level)', '0.625 (+2.3% per level)', '23.38 (+3.5 per level)', '30 (+0 per level)', 325, 3150, 790, 1, 4, 7);
INSERT INTO `mydb`.`CHAMPIONS` (`champion_id`, `Champion`, `Alias`, `Health`, `Health_Regen`, `Mana`, `Mana_Regen`, `Attack_Damage`, `Attack_Speed`, `Armor`, `Magic_Resist`, `Movement_Speed`, `IP_COST`, `RP_COST`, `HOMELAND_homeland_id`, `Champion_Main_Role_main_role_id`, `Champion_Second_Role_Second_Role_id`) VALUES (17, 'Darius', 'the Hand of Noxus', '582.24 (+93 per level)', '9.845 (+0.95 per level)', '263 (+37.5 per level)', '6.585 (+0.35 per level)', '55.88 (+3.5 per level)', '0.679 (+2.65% per level)', '29.88 (+3.5 per level)', '32.1 (+1.25 per level)', 340, 6300, 975, 8, 2, 6);
INSERT INTO `mydb`.`CHAMPIONS` (`champion_id`, `Champion`, `Alias`, `Health`, `Health_Regen`, `Mana`, `Mana_Regen`, `Attack_Damage`, `Attack_Speed`, `Armor`, `Magic_Resist`, `Movement_Speed`, `IP_COST`, `RP_COST`, `HOMELAND_homeland_id`, `Champion_Main_Role_main_role_id`, `Champion_Second_Role_Second_Role_id`) VALUES (18, 'Diana', 'Scorn of the Moon', '589.2 (+90 per level)', '7.425 (+0.85 per level)', '297.2 (+40 per level)', '6 (+0.8 per level)', '53.04 (+3 per level)', '0.625 (+2.25% per level)', '26.048 (+3.6 per level)', '32.1 (+1.25 per level)', 345, 6300, 975, 7, 2, 3);
INSERT INTO `mydb`.`CHAMPIONS` (`champion_id`, `Champion`, `Alias`, `Health`, `Health_Regen`, `Mana`, `Mana_Regen`, `Attack_Damage`, `Attack_Speed`, `Armor`, `Magic_Resist`, `Movement_Speed`, `IP_COST`, `RP_COST`, `HOMELAND_homeland_id`, `Champion_Main_Role_main_role_id`, `Champion_Second_Role_Second_Role_id`) VALUES (19, 'Dr. Mundo', 'the Madman of Zaun', '582.52 (+89 per level)', '7.76 (+0.75 per level)', 'N/A', 'N/A', '61.27 (+3 per level)', '0.625 (+2.8% per level)', '26.88 (+3.5 per level)', '32.1 (+1.25 per level)', 345, 1350, 585, 13, 2, 6);
INSERT INTO `mydb`.`CHAMPIONS` (`champion_id`, `Champion`, `Alias`, `Health`, `Health_Regen`, `Mana`, `Mana_Regen`, `Attack_Damage`, `Attack_Speed`, `Armor`, `Magic_Resist`, `Movement_Speed`, `IP_COST`, `RP_COST`, `HOMELAND_homeland_id`, `Champion_Main_Role_main_role_id`, `Champion_Second_Role_Second_Role_id`) VALUES (20, 'Draven', 'the Glorious Executioner', '557.76 (+82 per level)', '6.175 (+0.7 per level)', '310.56 (+42 per level)', '8.04 (+0.65 per level)', '50.38 (+3.5 per level)', '0.679 (+2.7% per level)', '25.544 (+3.3 per level)', '30 (+0 per level)', 330, 6300, 975, 8, 4, 7);
INSERT INTO `mydb`.`CHAMPIONS` (`champion_id`, `Champion`, `Alias`, `Health`, `Health_Regen`, `Mana`, `Mana_Regen`, `Attack_Damage`, `Attack_Speed`, `Armor`, `Magic_Resist`, `Movement_Speed`, `IP_COST`, `RP_COST`, `HOMELAND_homeland_id`, `Champion_Main_Role_main_role_id`, `Champion_Second_Role_Second_Role_id`) VALUES (21, 'Elise', 'The Spider Queen', '529.4 (+80 per level)', '5.705 (+0.6 per level)', '324 (+50 per level)', '6 (+0.8 per level)', '50.54 (+3 per level)', '0.625 (+1.75% per level)', '22.128 (+3.35 per level)', '30 (+0 per level)', 335, 6300, 975, 10, 3, 2);
INSERT INTO `mydb`.`CHAMPIONS` (`champion_id`, `Champion`, `Alias`, `Health`, `Health_Regen`, `Mana`, `Mana_Regen`, `Attack_Damage`, `Attack_Speed`, `Armor`, `Magic_Resist`, `Movement_Speed`, `IP_COST`, `RP_COST`, `HOMELAND_homeland_id`, `Champion_Main_Role_main_role_id`, `Champion_Second_Role_Second_Role_id`) VALUES (22, 'Evelynn', 'the Widowmaker', '531.2 (+90 per level)', '9.82 (+0.55 per level)', '265.6 (+45 per level)', '8.105 (+0.6 per level)', '53.88 (+3.5 per level)', '0.625 (+3.6% per level)', '26.5 (+3.8 per level)', '32.1 (+1.25 per level)', 340, 1350, 585, 10, 1, 3);
INSERT INTO `mydb`.`CHAMPIONS` (`champion_id`, `Champion`, `Alias`, `Health`, `Health_Regen`, `Mana`, `Mana_Regen`, `Attack_Damage`, `Attack_Speed`, `Armor`, `Magic_Resist`, `Movement_Speed`, `IP_COST`, `RP_COST`, `HOMELAND_homeland_id`, `Champion_Main_Role_main_role_id`, `Champion_Second_Role_Second_Role_id`) VALUES (23, 'Ezreal', 'the Prodigal Explorer', '484.4 (+80 per level)', '6.42 (+0.55 per level)', '310.6 (+45 per level)', '8.09 (+0.65 per level)', '50.24 (+3 per level)', '0.625 (+2.8% per level)', '21.88 (+3.5 per level)', '30 (+0 per level)', 325, 4800, 880, 9, 4, 3);
INSERT INTO `mydb`.`CHAMPIONS` (`champion_id`, `Champion`, `Alias`, `Health`, `Health_Regen`, `Mana`, `Mana_Regen`, `Attack_Damage`, `Attack_Speed`, `Armor`, `Magic_Resist`, `Movement_Speed`, `IP_COST`, `RP_COST`, `HOMELAND_homeland_id`, `Champion_Main_Role_main_role_id`, `Champion_Second_Role_Second_Role_id`) VALUES (24, 'Fiddlesticks', 'the Harbinger of Doom', '524.4 (+80 per level)', '5.605 (+0.6 per level)', '350.12 (+59 per level)', '6 (+0.8 per level)', '48.36 (+2.625 per level)', '0.625 (+2.11% per level)', '20.88 (+3.5 per level)', '30 (+0 per level)', 335, 1350, 585, 5, 3, 5);
INSERT INTO `mydb`.`CHAMPIONS` (`champion_id`, `Champion`, `Alias`, `Health`, `Health_Regen`, `Mana`, `Mana_Regen`, `Attack_Damage`, `Attack_Speed`, `Armor`, `Magic_Resist`, `Movement_Speed`, `IP_COST`, `RP_COST`, `HOMELAND_homeland_id`, `Champion_Main_Role_main_role_id`, `Champion_Second_Role_Second_Role_id`) VALUES (25, 'Fiora', 'the Grand Duelist', '592.8 (+85 per level)', '6.84 (+0.8 per level)', '287.2 (+40 per level)', '7.59 (+0.5 per level)', '59.876 (+3.2 per level)', '0.672 (+3% per level)', '24.88 (+3.5 per level)', '32.1 (+1.25 per level)', 350, 6300, 975, 3, 2, 1);
INSERT INTO `mydb`.`CHAMPIONS` (`champion_id`, `Champion`, `Alias`, `Health`, `Health_Regen`, `Mana`, `Mana_Regen`, `Attack_Damage`, `Attack_Speed`, `Armor`, `Magic_Resist`, `Movement_Speed`, `IP_COST`, `RP_COST`, `HOMELAND_homeland_id`, `Champion_Main_Role_main_role_id`, `Champion_Second_Role_Second_Role_id`) VALUES (26, 'Fizz', 'the Tidal Trickster', '558.48 (+86 per level)', '8.175 (+0.7 per level)', '267.2 (+40 per level)', '6 (+0.8 per level)', '58.04 (+3 per level)', '0.658 (+3.1% per level)', '22.412 (+3.4 per level)', '32.1 (+1.25 per level)', 335, 4800, 880, 2, 1, 2);
INSERT INTO `mydb`.`CHAMPIONS` (`champion_id`, `Champion`, `Alias`, `Health`, `Health_Regen`, `Mana`, `Mana_Regen`, `Attack_Damage`, `Attack_Speed`, `Armor`, `Magic_Resist`, `Movement_Speed`, `IP_COST`, `RP_COST`, `HOMELAND_homeland_id`, `Champion_Main_Role_main_role_id`, `Champion_Second_Role_Second_Role_id`) VALUES (27, 'Galio', 'the Sentinel\'s Sorrow', '577.8 (+85 per level)', '8.71 (+0.75 per level)', '319 (+50 per level)', '6 (+0.8 per level)', '61.97 (+3.375 per level)', '0.638 (+1.2% per level)', '26.88 (+3.5 per level)', '32.1 (+1.25 per level)', 335, 4800, 880, 3, 6, 3);
INSERT INTO `mydb`.`CHAMPIONS` (`champion_id`, `Champion`, `Alias`, `Health`, `Health_Regen`, `Mana`, `Mana_Regen`, `Attack_Damage`, `Attack_Speed`, `Armor`, `Magic_Resist`, `Movement_Speed`, `IP_COST`, `RP_COST`, `HOMELAND_homeland_id`, `Champion_Main_Role_main_role_id`, `Champion_Second_Role_Second_Role_id`) VALUES (28, 'Gangplank', 'the Saltwater Scourge', '631.08 (+81 per level)', '5.51 (+0.75 per level)', '282.2 (+40 per level)', '7.675 (+0.7 per level)', '59.04 (+3 per level)', '0.651 (+2.75% per level)', '26.044 (+3.3 per level)', '32.1 (+1.25 per level)', 345, 3150, 790, 2, 2, 5);
INSERT INTO `mydb`.`CHAMPIONS` (`champion_id`, `Champion`, `Alias`, `Health`, `Health_Regen`, `Mana`, `Mana_Regen`, `Attack_Damage`, `Attack_Speed`, `Armor`, `Magic_Resist`, `Movement_Speed`, `IP_COST`, `RP_COST`, `HOMELAND_homeland_id`, `Champion_Main_Role_main_role_id`, `Champion_Second_Role_Second_Role_id`) VALUES (29, 'Garen', 'The Might of Demacia', '616.28 (+96 per level)', '7.84 (+0.5 per level)', 'N/A', 'N/A', '57.88 (+3.5 per level)', '0.625 (+2.9% per level)', '27.536 (+2.7 per level)', '32.1 (+1.25 per level)', 345, 450, 260, 3, 2, 6);
INSERT INTO `mydb`.`CHAMPIONS` (`champion_id`, `Champion`, `Alias`, `Health`, `Health_Regen`, `Mana`, `Mana_Regen`, `Attack_Damage`, `Attack_Speed`, `Armor`, `Magic_Resist`, `Movement_Speed`, `IP_COST`, `RP_COST`, `HOMELAND_homeland_id`, `Champion_Main_Role_main_role_id`, `Champion_Second_Role_Second_Role_id`) VALUES (30, 'Gnar', 'the Missing Link', '540 (+65 per level)', '2.5 (+0.5 per level)', 'N/A', 'N/A', '48 (+3 per level)', '0.625 (+6% per level)', '23 (+2.5 per level)', '30 (+0 per level)', 325, 6300, 975, 5, 2, 4);
INSERT INTO `mydb`.`CHAMPIONS` (`champion_id`, `Champion`, `Alias`, `Health`, `Health_Regen`, `Mana`, `Mana_Regen`, `Attack_Damage`, `Attack_Speed`, `Armor`, `Magic_Resist`, `Movement_Speed`, `IP_COST`, `RP_COST`, `HOMELAND_homeland_id`, `Champion_Main_Role_main_role_id`, `Champion_Second_Role_Second_Role_id`) VALUES (31, 'Gragas', 'the Rabble Rouser', '583.52 (+89 per level)', '8.675 (+0.85 per level)', '299.96 (+47 per level)', '6 (+0.8 per level)', '61.38 (+3.5 per level)', '0.651 (+2.05% per level)', '26.048 (+3.6 per level)', '32.1 (+1.25 per level)', 330, 3150, 790, 4, 2, 3);
INSERT INTO `mydb`.`CHAMPIONS` (`champion_id`, `Champion`, `Alias`, `Health`, `Health_Regen`, `Mana`, `Mana_Regen`, `Attack_Damage`, `Attack_Speed`, `Armor`, `Magic_Resist`, `Movement_Speed`, `IP_COST`, `RP_COST`, `HOMELAND_homeland_id`, `Champion_Main_Role_main_role_id`, `Champion_Second_Role_Second_Role_id`) VALUES (32, 'Graves', 'the Outlaw', '551.12 (+84 per level)', '6.675 (+0.7 per level)', '322.2 (+40 per level)', '7.925 (+0.7 per level)', '54.208 (+3.1 per level)', '0.625 (+2.9% per level)', '24.376 (+3.2 per level)', '30 (+0 per level)', 330, 4800, 880, 2, 4, 7);
INSERT INTO `mydb`.`CHAMPIONS` (`champion_id`, `Champion`, `Alias`, `Health`, `Health_Regen`, `Mana`, `Mana_Regen`, `Attack_Damage`, `Attack_Speed`, `Armor`, `Magic_Resist`, `Movement_Speed`, `IP_COST`, `RP_COST`, `HOMELAND_homeland_id`, `Champion_Main_Role_main_role_id`, `Champion_Second_Role_Second_Role_id`) VALUES (33, 'Hecarim', 'the Shadow of War', '599.6 (+95 per level)', '9.26 (+0.75 per level)', '277.2 (+40 per level)', '7.505 (+0.6 per level)', '61.376 (+3.2 per level)', '0.670 (+2.5% per level)', '26.72 (+4 per level)', '32.1 (+1.25 per level)', 345, 6300, 975, 10, 2, 6);
INSERT INTO `mydb`.`CHAMPIONS` (`champion_id`, `Champion`, `Alias`, `Health`, `Health_Regen`, `Mana`, `Mana_Regen`, `Attack_Damage`, `Attack_Speed`, `Armor`, `Magic_Resist`, `Movement_Speed`, `IP_COST`, `RP_COST`, `HOMELAND_homeland_id`, `Champion_Main_Role_main_role_id`, `Champion_Second_Role_Second_Role_id`) VALUES (34, 'Heimerdinger', 'the Revered Inventor', '476 (+75 per level)', '11.005 (+1.75 per level)', '307.2 (+40 per level)', '6 (+0.8 per level)', '55.536 (+2.7 per level)', '0.625 (+1.36% per level)', '19.04 (+3 per level)', '30 (+0 per level)', 340, 3150, 790, 1, 3, 5);
INSERT INTO `mydb`.`CHAMPIONS` (`champion_id`, `Champion`, `Alias`, `Health`, `Health_Regen`, `Mana`, `Mana_Regen`, `Attack_Damage`, `Attack_Speed`, `Armor`, `Magic_Resist`, `Movement_Speed`, `IP_COST`, `RP_COST`, `HOMELAND_homeland_id`, `Champion_Main_Role_main_role_id`, `Champion_Second_Role_Second_Role_id`) VALUES (35, 'Irelia', 'the Will of the Blades', '607.2 (+90 per level)', '8.59 (+0.65 per level)', '288.8 (+35 per level)', '8.09 (+0.65 per level)', '61.544 (+3.3 per level)', '0.665 (+3.2% per level', '25.3 (+3.75 per level)', '32.1 (+1.25 per level)', 345, 4800, 880, 6, 2, 1);
INSERT INTO `mydb`.`CHAMPIONS` (`champion_id`, `Champion`, `Alias`, `Health`, `Health_Regen`, `Mana`, `Mana_Regen`, `Attack_Damage`, `Attack_Speed`, `Armor`, `Magic_Resist`, `Movement_Speed`, `IP_COST`, `RP_COST`, `HOMELAND_homeland_id`, `Champion_Main_Role_main_role_id`, `Champion_Second_Role_Second_Role_id`) VALUES (36, 'Janna', 'the Storm\'s Fury', '487.04 (+78 per level)', '5.42 (+0.55 per level)', '409.52 (+64 per level)', '9 (+0.4 per level)', '51.956 (+2.95 per level)', '0.625 (+2.61% per level)', '19.384 (+3.8 per level)', '30 (+0 per level)', 335, 1350, 585, 5, 5, 3);
INSERT INTO `mydb`.`CHAMPIONS` (`champion_id`, `Champion`, `Alias`, `Health`, `Health_Regen`, `Mana`, `Mana_Regen`, `Attack_Damage`, `Attack_Speed`, `Armor`, `Magic_Resist`, `Movement_Speed`, `IP_COST`, `RP_COST`, `HOMELAND_homeland_id`, `Champion_Main_Role_main_role_id`, `Champion_Second_Role_Second_Role_id`) VALUES (37, 'Jarvan IV', 'the Exemplar of Demacia', '571.2 (+90 per level)', '8.175 (+0.7 per level)', '302.2 (+40 per level)', '6.755 (+0.45 per level)', '55.712 (+3.4 per level)', '0.658 (+2.5% per level)', '24.048 (+3.6 per level)', '32.1 (+1.25 per level)', 340, 4800, 880, 3, 6, 2);
INSERT INTO `mydb`.`CHAMPIONS` (`champion_id`, `Champion`, `Alias`, `Health`, `Health_Regen`, `Mana`, `Mana_Regen`, `Attack_Damage`, `Attack_Speed`, `Armor`, `Magic_Resist`, `Movement_Speed`, `IP_COST`, `RP_COST`, `HOMELAND_homeland_id`, `Champion_Main_Role_main_role_id`, `Champion_Second_Role_Second_Role_id`) VALUES (38, 'Jax', 'Grandmaster at Arms', '592.8 (+85 per level)', '8.37 (+0.55 per level)', '288.8 (+35 per level)', '7.575 (+0.7 per level)', '61.97 (+3.375 per level)', '0.638 (+3.4% per level)', '27.04 (+3 per level)', '32.1 (+1.25 per level)', 350, 1350, 585, 6, 2, 1);
INSERT INTO `mydb`.`CHAMPIONS` (`champion_id`, `Champion`, `Alias`, `Health`, `Health_Regen`, `Mana`, `Mana_Regen`, `Attack_Damage`, `Attack_Speed`, `Armor`, `Magic_Resist`, `Movement_Speed`, `IP_COST`, `RP_COST`, `HOMELAND_homeland_id`, `Champion_Main_Role_main_role_id`, `Champion_Second_Role_Second_Role_id`) VALUES (39, 'Jayce', 'the Defender of Tomorrow', '571.2 (+90 per level)', '7.34 (+0.8 per level)', '307.2 (+40 per level)', '6 (+0.8 per level)', '50.38 (+3.5 per level)', '0.658 (+3% per level)', '22.38 (+3.5 per level)', '30 (+0 per level)', 335, 6300, 975, 9, 2, 4);
INSERT INTO `mydb`.`CHAMPIONS` (`champion_id`, `Champion`, `Alias`, `Health`, `Health_Regen`, `Mana`, `Mana_Regen`, `Attack_Damage`, `Attack_Speed`, `Armor`, `Magic_Resist`, `Movement_Speed`, `IP_COST`, `RP_COST`, `HOMELAND_homeland_id`, `Champion_Main_Role_main_role_id`, `Champion_Second_Role_Second_Role_id`) VALUES (40, 'Jinx', 'the Loose Cannon', '517.76 (+82 per level)', '5.84 (+0.5 per level)', '245.6 (+45 per level)', '6.68 (+1 per level)', '53.04 (+3 per level)', '0.625 (+1% per level)', '22.88 (+3.5 per level)', '30 (+0 per level)', 325, 6300, 975, 13, 4, 7);
INSERT INTO `mydb`.`CHAMPIONS` (`champion_id`, `Champion`, `Alias`, `Health`, `Health_Regen`, `Mana`, `Mana_Regen`, `Attack_Damage`, `Attack_Speed`, `Armor`, `Magic_Resist`, `Movement_Speed`, `IP_COST`, `RP_COST`, `HOMELAND_homeland_id`, `Champion_Main_Role_main_role_id`, `Champion_Second_Role_Second_Role_id`) VALUES (41, 'Kalista', 'the Spear of Vengeance', '517.76 (+83 per level)', '6 (+0.55 per level)', '231.8 (+35 per level)', '6.3 (+0.4 per level)', '53.46 (+3.25 per level)', '0.625 (+3.3% per level)', '19.012 (+3.5 per level)', '30 (+0 per level)', 325, 6300, 975, 10, 4, 7);
INSERT INTO `mydb`.`CHAMPIONS` (`champion_id`, `Champion`, `Alias`, `Health`, `Health_Regen`, `Mana`, `Mana_Regen`, `Attack_Damage`, `Attack_Speed`, `Armor`, `Magic_Resist`, `Movement_Speed`, `IP_COST`, `RP_COST`, `HOMELAND_homeland_id`, `Champion_Main_Role_main_role_id`, `Champion_Second_Role_Second_Role_id`) VALUES (42, 'Karma', 'the Enlightened One', '522.44 (+83 per level)', '5.62 (+0.55 per level)', '374 (+50 per level)', '6 (+0.8 per level)', '53.544 (+3.3 per level)', '0.625 (+2.3% per level)', '20.384 (+3.8 per level)', '30 (+0 per level)', 335, 3150, 790, 6, 3, 5);
INSERT INTO `mydb`.`CHAMPIONS` (`champion_id`, `Champion`, `Alias`, `Health`, `Health_Regen`, `Mana`, `Mana_Regen`, `Attack_Damage`, `Attack_Speed`, `Armor`, `Magic_Resist`, `Movement_Speed`, `IP_COST`, `RP_COST`, `HOMELAND_homeland_id`, `Champion_Main_Role_main_role_id`, `Champion_Second_Role_Second_Role_id`) VALUES (43, 'Karthus', 'the Deathsinger', '516 (+75 per level)', '6.42 (+0.55 per level)', '372.48 (+61 per level)', '6 (+0.8 per level)', '45.66 (+3.25 per level)', '0.625 (+2.11% per level)', '20.88 (+3.5 per level)', '30 (+0 per level)', 335, 3150, 790, 10, 3, 7);
INSERT INTO `mydb`.`CHAMPIONS` (`champion_id`, `Champion`, `Alias`, `Health`, `Health_Regen`, `Mana`, `Mana_Regen`, `Attack_Damage`, `Attack_Speed`, `Armor`, `Magic_Resist`, `Movement_Speed`, `IP_COST`, `RP_COST`, `HOMELAND_homeland_id`, `Champion_Main_Role_main_role_id`, `Champion_Second_Role_Second_Role_id`) VALUES (44, 'Kassadin', 'the Void Walker', '564.04 (+78 per level)', '7.79 (+0.5 per level)', '347.6 (+70 per level)', '6 (+0.8 per level)', '58.852 (+3.9 per level)', '0.640 (+3.7% per level)', '23.376 (+3.2 per level)', '30 (+0 per level)', 340, 3150, 790, 12, 1, 3);
INSERT INTO `mydb`.`CHAMPIONS` (`champion_id`, `Champion`, `Alias`, `Health`, `Health_Regen`, `Mana`, `Mana_Regen`, `Attack_Damage`, `Attack_Speed`, `Armor`, `Magic_Resist`, `Movement_Speed`, `IP_COST`, `RP_COST`, `HOMELAND_homeland_id`, `Champion_Main_Role_main_role_id`, `Champion_Second_Role_Second_Role_id`) VALUES (45, 'Katarina', 'the Sinister Blade', '559.4 (+80 per level)', '7.87 (+0.55 per level)', 'N/A', 'N/A', '58.376 (+3.2 per level)', '0.658 (+2.74% per level)', '26.88 (+3.5 per level)', '32.1 (+1.25 per level)', 345, 3150, 790, 8, 1, 3);
INSERT INTO `mydb`.`CHAMPIONS` (`champion_id`, `Champion`, `Alias`, `Health`, `Health_Regen`, `Mana`, `Mana_Regen`, `Attack_Damage`, `Attack_Speed`, `Armor`, `Magic_Resist`, `Movement_Speed`, `IP_COST`, `RP_COST`, `HOMELAND_homeland_id`, `Champion_Main_Role_main_role_id`, `Champion_Second_Role_Second_Role_id`) VALUES (46, 'Kayle', 'The Judicator', '574.24 (+93 per level)', '8.26 (+0.75 per level)', '322.2 (+40 per level)', '6 (+0.8 per level)', '56.004 (+2.8 per level)', '0.638 (+2.2% per level)', '26.88 (+3.5 per level)', '30 (+0 per level)', 335, 450, 260, 3, 2, 5);
INSERT INTO `mydb`.`CHAMPIONS` (`champion_id`, `Champion`, `Alias`, `Health`, `Health_Regen`, `Mana`, `Mana_Regen`, `Attack_Damage`, `Attack_Speed`, `Armor`, `Magic_Resist`, `Movement_Speed`, `IP_COST`, `RP_COST`, `HOMELAND_homeland_id`, `Champion_Main_Role_main_role_id`, `Champion_Second_Role_Second_Role_id`) VALUES (47, 'Kennen', 'the Heart of the Tempest', '535.72 (+79 per level)', '5.59 (+0.65 per level)', 'N/A', 'N/A', '50.544 (+3.3 per level)', '0.690 (+3.4% per level)', '24.3 (+3.75 per level)', '30 (+0 per level)', 335, 4800, 880, 6, 3, 4);
INSERT INTO `mydb`.`CHAMPIONS` (`champion_id`, `Champion`, `Alias`, `Health`, `Health_Regen`, `Mana`, `Mana_Regen`, `Attack_Damage`, `Attack_Speed`, `Armor`, `Magic_Resist`, `Movement_Speed`, `IP_COST`, `RP_COST`, `HOMELAND_homeland_id`, `Champion_Main_Role_main_role_id`, `Champion_Second_Role_Second_Role_id`) VALUES (48, 'Kha\'Zix', 'the Voidreaver', '572.8 (+85 per level)', '7.51 (+0.75 per level)', '327.2 (+40 per level)', '7.59 (+0.5 per level)', '55.208 (+3.1 per level)', '0.668 (+2.7% per level)', '24.04 (+3 per level)', '32.1 (+1.25 per level)', 350, 6300, 975, 12, 1, 2);
INSERT INTO `mydb`.`CHAMPIONS` (`champion_id`, `Champion`, `Alias`, `Health`, `Health_Regen`, `Mana`, `Mana_Regen`, `Attack_Damage`, `Attack_Speed`, `Armor`, `Magic_Resist`, `Movement_Speed`, `IP_COST`, `RP_COST`, `HOMELAND_homeland_id`, `Champion_Main_Role_main_role_id`, `Champion_Second_Role_Second_Role_id`) VALUES (49, 'Kog\'Maw', 'the Mouth of the Abyss', '546.16 (+87 per level)', '5.92 (+0.55 per level)', '322.2 (+40 per level)', '8.675 (+0.7 per level)', '49.04 (+3 per level)', '0.665 (+2.65% per level)', '19.88 (+3.5 per level)', '30 (+0 per level)', 325, 4800, 880, 12, 4, 3);
INSERT INTO `mydb`.`CHAMPIONS` (`champion_id`, `Champion`, `Alias`, `Health`, `Health_Regen`, `Mana`, `Mana_Regen`, `Attack_Damage`, `Attack_Speed`, `Armor`, `Magic_Resist`, `Movement_Speed`, `IP_COST`, `RP_COST`, `HOMELAND_homeland_id`, `Champion_Main_Role_main_role_id`, `Champion_Second_Role_Second_Role_id`) VALUES (50, 'LeBlanc', 'the Deceiver', '516 (+75 per level)', '7.42 (+0.55 per level)', '334 (+50 per level)', '6 (+0.8 per level)', '54.88 (+3.5 per level)', '0.625 (+1.4% per level)', '21.88 (+3.5 per level)', '30 (+0 per level)', 335, 3150, 790, 8, 1, 3);
INSERT INTO `mydb`.`CHAMPIONS` (`champion_id`, `Champion`, `Alias`, `Health`, `Health_Regen`, `Mana`, `Mana_Regen`, `Attack_Damage`, `Attack_Speed`, `Armor`, `Magic_Resist`, `Movement_Speed`, `IP_COST`, `RP_COST`, `HOMELAND_homeland_id`, `Champion_Main_Role_main_role_id`, `Champion_Second_Role_Second_Role_id`) VALUES (51, 'Lee Sin', 'the Blind Monk', '570.8 (+85 per level)', '7.425 (+0.7 per level)', 'N/A', 'N/A', '61.176 (+3.2 per level)', '0.651 (+3% per level)', '24.216 (+3.7 per level)', '32.1 (+1.25 per level)', 350, 4800, 880, 6, 2, 1);
INSERT INTO `mydb`.`CHAMPIONS` (`champion_id`, `Champion`, `Alias`, `Health`, `Health_Regen`, `Mana`, `Mana_Regen`, `Attack_Damage`, `Attack_Speed`, `Armor`, `Magic_Resist`, `Movement_Speed`, `IP_COST`, `RP_COST`, `HOMELAND_homeland_id`, `Champion_Main_Role_main_role_id`, `Champion_Second_Role_Second_Role_id`) VALUES (52, 'Leona', 'the Radiant Dawn', '576.16 (+87 per level)', '8.425 (+0.85 per level)', '302.2 (+40 per level)', '6 (+0.8 per level)', '60.04 (+3 per level)', '0.625 (+2.9% per level)', '27.208 (+3.1 per level)', '32.1 (+1.25 per level)', 335, 4800, 880, 7, 6, 5);
INSERT INTO `mydb`.`CHAMPIONS` (`champion_id`, `Champion`, `Alias`, `Health`, `Health_Regen`, `Mana`, `Mana_Regen`, `Attack_Damage`, `Attack_Speed`, `Armor`, `Magic_Resist`, `Movement_Speed`, `IP_COST`, `RP_COST`, `HOMELAND_homeland_id`, `Champion_Main_Role_main_role_id`, `Champion_Second_Role_Second_Role_id`) VALUES (53, 'Lissandra', 'the Ice Witch', '506.12 (+84 per level)', '6.92 (+0.55 per level)', '304 (+50 per level)', '5.67 (+0.4 per level)', '50.536 (+2.7 per level)', '0.625 (+1.36% per level)', '20.216 (+3.7 per level)', '30 (+0 per level)', 325, 6300, 975, 4, 3, 7);
INSERT INTO `mydb`.`CHAMPIONS` (`champion_id`, `Champion`, `Alias`, `Health`, `Health_Regen`, `Mana`, `Mana_Regen`, `Attack_Damage`, `Attack_Speed`, `Armor`, `Magic_Resist`, `Movement_Speed`, `IP_COST`, `RP_COST`, `HOMELAND_homeland_id`, `Champion_Main_Role_main_role_id`, `Champion_Second_Role_Second_Role_id`) VALUES (54, 'Lucian', 'the Purifier', '554.4 (+80 per level)', '6.19 (+0.65 per level)', '298.88 (+41 per level)', '8.175 (+0.7 per level)', '52.04 (+3 per level)', '0.638 (+3.3% per level)', '24.04 (+3 per level)', '30 (+0 per level)', 335, 6300, 975, 3, 4, 7);
INSERT INTO `mydb`.`CHAMPIONS` (`champion_id`, `Champion`, `Alias`, `Health`, `Health_Regen`, `Mana`, `Mana_Regen`, `Attack_Damage`, `Attack_Speed`, `Armor`, `Magic_Resist`, `Movement_Speed`, `IP_COST`, `RP_COST`, `HOMELAND_homeland_id`, `Champion_Main_Role_main_role_id`, `Champion_Second_Role_Second_Role_id`) VALUES (55, 'Lulu', 'the Fae Sorceress', '552.76 (+82 per level)', '6.005 (+0.6 per level)', '292.4 (+55 per level)', '6 (+0.8 per level)', '46.368 (+2.6 per level)', '0.625 (+2.25% per level)', '19.216 (+3.7 per level)', '30 (+0 per level)', 325, 6300, 975, 1, 5, 3);
INSERT INTO `mydb`.`CHAMPIONS` (`champion_id`, `Champion`, `Alias`, `Health`, `Health_Regen`, `Mana`, `Mana_Regen`, `Attack_Damage`, `Attack_Speed`, `Armor`, `Magic_Resist`, `Movement_Speed`, `IP_COST`, `RP_COST`, `HOMELAND_homeland_id`, `Champion_Main_Role_main_role_id`, `Champion_Second_Role_Second_Role_id`) VALUES (56, 'Lux', 'the Lady of Luminosity', '477.72 (+79 per level)', '5.42 (+0.55 per level)', '334 (+50 per level)', '6 (+0.8 per level)', '53.544 (+3.3 per level)', '0.625 (+1.36% per level)', '18.72 (+4 per level)', '30 (+0 per level)', 330, 3150, 790, 3, 3, 5);
INSERT INTO `mydb`.`CHAMPIONS` (`champion_id`, `Champion`, `Alias`, `Health`, `Health_Regen`, `Mana`, `Mana_Regen`, `Attack_Damage`, `Attack_Speed`, `Armor`, `Magic_Resist`, `Movement_Speed`, `IP_COST`, `RP_COST`, `HOMELAND_homeland_id`, `Champion_Main_Role_main_role_id`, `Champion_Second_Role_Second_Role_id`) VALUES (57, 'Malphite', 'Shard of the Monolith', '574.2 (+90 per level)', '8.37 (+0.55 per level)', '282.2 (+40 per level)', '7.32 (+0.55 per level)', '61.97 (+3.375 per level)', '0.638 (+3.4% per level)', '28.3 (+3.75 per level)', '32.1 (+1.25 per level)', 335, 1350, 585, 5, 6, 2);
INSERT INTO `mydb`.`CHAMPIONS` (`champion_id`, `Champion`, `Alias`, `Health`, `Health_Regen`, `Mana`, `Mana_Regen`, `Attack_Damage`, `Attack_Speed`, `Armor`, `Magic_Resist`, `Movement_Speed`, `IP_COST`, `RP_COST`, `HOMELAND_homeland_id`, `Champion_Main_Role_main_role_id`, `Champion_Second_Role_Second_Role_id`) VALUES (58, 'Malzahar', 'the Prophet of the Void', '514.4 (+80 per level)', '5.42 (+0.55 per level)', '325.6 (+45 per level)', '6 (+0.8 per level)', '54.7 (+3 per level)', '0.625 (+1.36% per level)', '21.88 (+3.5 per level)', '30 (+0 per level)', 340, 4800, 880, 12, 3, 1);
INSERT INTO `mydb`.`CHAMPIONS` (`champion_id`, `Champion`, `Alias`, `Health`, `Health_Regen`, `Mana`, `Mana_Regen`, `Attack_Damage`, `Attack_Speed`, `Armor`, `Magic_Resist`, `Movement_Speed`, `IP_COST`, `RP_COST`, `HOMELAND_homeland_id`, `Champion_Main_Role_main_role_id`, `Champion_Second_Role_Second_Role_id`) VALUES (59, 'Maokai', 'the Twisted Treant', '572.2 (+90 per level)', '8.675 (+0.85 per level)', '327.28 (+46 per level)', '7.205 (+0.45 per level)', '63.544 (+3.3 per level)', '0.694 (+2.125% per level)', '28.72 (+4 per level)', '30 (+0 per level)', 335, 4800, 880, 5, 6, 3);
INSERT INTO `mydb`.`CHAMPIONS` (`champion_id`, `Champion`, `Alias`, `Health`, `Health_Regen`, `Mana`, `Mana_Regen`, `Attack_Damage`, `Attack_Speed`, `Armor`, `Magic_Resist`, `Movement_Speed`, `IP_COST`, `RP_COST`, `HOMELAND_homeland_id`, `Champion_Main_Role_main_role_id`, `Champion_Second_Role_Second_Role_id`) VALUES (60, 'Master Yi', 'the Wuju Bladesman', '598.56 (+92 per level)', '7.59 (+0.65 per level)', '250.56 (+42 per level)', '7.255 (+0.45 per level)', '60.04 (+3 per level)', '0.679 (+2% per level)', '24.04 (+3 per level)', '32.1 (+1.25 per level)', 355, 450, 260, 6, 1, 2);
INSERT INTO `mydb`.`CHAMPIONS` (`champion_id`, `Champion`, `Alias`, `Health`, `Health_Regen`, `Mana`, `Mana_Regen`, `Attack_Damage`, `Attack_Speed`, `Armor`, `Magic_Resist`, `Movement_Speed`, `IP_COST`, `RP_COST`, `HOMELAND_homeland_id`, `Champion_Main_Role_main_role_id`, `Champion_Second_Role_Second_Role_id`) VALUES (61, 'Miss Fortune', 'rthe Bounty Hunter', '577.8 (+85 per level)', '6.19 (+0.65 per level)', '275.84 (+38 per level)', '8.04 (+0.65 per level)', '49.54 (+3 per level)', '0.656 (+3.01% per level)', '24.04 (+3 per level)', '30 (+0 per level)', 325, 3150, 790, 2, 4, 7);
INSERT INTO `mydb`.`CHAMPIONS` (`champion_id`, `Champion`, `Alias`, `Health`, `Health_Regen`, `Mana`, `Mana_Regen`, `Attack_Damage`, `Attack_Speed`, `Armor`, `Magic_Resist`, `Movement_Speed`, `IP_COST`, `RP_COST`, `HOMELAND_homeland_id`, `Champion_Main_Role_main_role_id`, `Champion_Second_Role_Second_Role_id`) VALUES (62, 'Mordekaiser', 'the Master of Metal', '555.4 (+80 per level)', '8.37 (+0.55 per level)', 'N/A', 'N/A', '57.58 (+3.5 per level)', '0.694 (+3% per level)', '24.88 (+3.5 per level)', '32.1 (+1.25 per level)', 340, 3150, 790, 10, 2, 3);
INSERT INTO `mydb`.`CHAMPIONS` (`champion_id`, `Champion`, `Alias`, `Health`, `Health_Regen`, `Mana`, `Mana_Regen`, `Attack_Damage`, `Attack_Speed`, `Armor`, `Magic_Resist`, `Movement_Speed`, `IP_COST`, `RP_COST`, `HOMELAND_homeland_id`, `Champion_Main_Role_main_role_id`, `Champion_Second_Role_Second_Role_id`) VALUES (63, 'Morgana', 'Fallen Angel', '547.48 (+86 per level)', '5.705 (+0.6 per level)', '340.8 (+60 per level)', '6 (+0.8 per level)', '55.46 (+3.5 per level)', '0.625 (+1.53% per level)', '25.384 (+3.8 per level)', '30 (+0 per level)', 335, 1350, 585, 8, 3, 5);
INSERT INTO `mydb`.`CHAMPIONS` (`champion_id`, `Champion`, `Alias`, `Health`, `Health_Regen`, `Mana`, `Mana_Regen`, `Attack_Damage`, `Attack_Speed`, `Armor`, `Magic_Resist`, `Movement_Speed`, `IP_COST`, `RP_COST`, `HOMELAND_homeland_id`, `Champion_Main_Role_main_role_id`, `Champion_Second_Role_Second_Role_id`) VALUES (64, 'Nami', 'the Tidecaller', '489.32 (+74 per level)', '5.42 (+0.55 per level)', '377.24 (+43 per level)', '9 (+0.4 per level)', '51.208 (+3.1 per level)', '0.644 (+2.61% per level)', '19.72 (+4 per level)', '30 (+0 per level)', 335, 6300, 975, 5, 5, 3);
INSERT INTO `mydb`.`CHAMPIONS` (`champion_id`, `Champion`, `Alias`, `Health`, `Health_Regen`, `Mana`, `Mana_Regen`, `Attack_Damage`, `Attack_Speed`, `Armor`, `Magic_Resist`, `Movement_Speed`, `IP_COST`, `RP_COST`, `HOMELAND_homeland_id`, `Champion_Main_Role_main_role_id`, `Champion_Second_Role_Second_Role_id`) VALUES (65, 'Nasus', 'the Curator of the Sands', '561.2 (+90 per level)', '9.01 (+0.9 per level)', '275.6 (+45 per level)', '7.44 (+0.5 per level)', '59.18 (+3.5 per level)', '0.638 (+3.48% per level)', '24.88 (+3.5 per level)', '32.1 (+1.25 per level)', 350, 1350, 585, 11, 2, 6);
INSERT INTO `mydb`.`CHAMPIONS` (`champion_id`, `Champion`, `Alias`, `Health`, `Health_Regen`, `Mana`, `Mana_Regen`, `Attack_Damage`, `Attack_Speed`, `Armor`, `Magic_Resist`, `Movement_Speed`, `IP_COST`, `RP_COST`, `HOMELAND_homeland_id`, `Champion_Main_Role_main_role_id`, `Champion_Second_Role_Second_Role_id`) VALUES (66, 'Nautilus', 'the Titan of the Depths', '576.48 (+86 per level)', '8.37 (+0.55 per level)', '284 (+50 per level)', '8.625 (+0.7 per level)', '57.544 (+3.3 per level)', '0.613 (+1% per level)', '26.46 (+3.25 per level)', '32.1 (+1.25 per level)', 325, 6300, 975, 2, 6, 2);
INSERT INTO `mydb`.`CHAMPIONS` (`champion_id`, `Champion`, `Alias`, `Health`, `Health_Regen`, `Mana`, `Mana_Regen`, `Attack_Damage`, `Attack_Speed`, `Armor`, `Magic_Resist`, `Movement_Speed`, `IP_COST`, `RP_COST`, `HOMELAND_homeland_id`, `Champion_Main_Role_main_role_id`, `Champion_Second_Role_Second_Role_id`) VALUES (67, 'Nidalee', 'the Bestial Huntress', '541.2 (+90 per level)', '6.005 (+0.6 per level)', '295.6 (+45 per level)', '6 (+0.8 per level)', '47.88 (+3.5 per level)', '0.638 (+3.22% per level)', '22.88 (+3.5 per level)', '30 (+0 per level)', 335, 3150, 790, 5, 1, 2);
INSERT INTO `mydb`.`CHAMPIONS` (`champion_id`, `Champion`, `Alias`, `Health`, `Health_Regen`, `Mana`, `Mana_Regen`, `Attack_Damage`, `Attack_Speed`, `Armor`, `Magic_Resist`, `Movement_Speed`, `IP_COST`, `RP_COST`, `HOMELAND_homeland_id`, `Champion_Main_Role_main_role_id`, `Champion_Second_Role_Second_Role_id`) VALUES (68, 'Nocturne', 'the Eternal Nightmare', '582.8 (+85 per level)', '8.26 (+0.75 per level)', '273.8 (+35 per level)', '6.755 (+0.45 per level)', '59.208 (+3.1 per level)', '0.668 (+2.7% per level)', '26.88 (+3.5 per level)', '32.1 (+1.25 per level)', 345, 4800, 880, 5, 1, 2);
INSERT INTO `mydb`.`CHAMPIONS` (`champion_id`, `Champion`, `Alias`, `Health`, `Health_Regen`, `Mana`, `Mana_Regen`, `Attack_Damage`, `Attack_Speed`, `Armor`, `Magic_Resist`, `Movement_Speed`, `IP_COST`, `RP_COST`, `HOMELAND_homeland_id`, `Champion_Main_Role_main_role_id`, `Champion_Second_Role_Second_Role_id`) VALUES (69, 'Nunu', 'the Yeti Rider', '598.28 (+96 per level)', '8.39 (+0.8 per level)', '283.56 (+42 per level)', '7.44 (+0.5 per level)', '56.856 (+3.45 per level)', '0.625 (+2.25% per level)', '26.38 (+3.5 per level)', '32.1 (+1.25 per level)', 350, 450, 260, 4, 5, 2);
INSERT INTO `mydb`.`CHAMPIONS` (`champion_id`, `Champion`, `Alias`, `Health`, `Health_Regen`, `Mana`, `Mana_Regen`, `Attack_Damage`, `Attack_Speed`, `Armor`, `Magic_Resist`, `Movement_Speed`, `IP_COST`, `RP_COST`, `HOMELAND_homeland_id`, `Champion_Main_Role_main_role_id`, `Champion_Second_Role_Second_Role_id`) VALUES (70, 'Olaf', 'the Berserker', '597.24 (+93 per level)', '8.51 (+0.9 per level)', '265.6 (+45 per level)', '7.465 (+0.575 per level)', '59.98 (+3.5 per level)', '0.694 (+2.7% per level)', '26.04 (+3 per level)', '32.1 (+1.25 per level)', 350, 3150, 790, 4, 2, 6);
INSERT INTO `mydb`.`CHAMPIONS` (`champion_id`, `Champion`, `Alias`, `Health`, `Health_Regen`, `Mana`, `Mana_Regen`, `Attack_Damage`, `Attack_Speed`, `Armor`, `Magic_Resist`, `Movement_Speed`, `IP_COST`, `RP_COST`, `HOMELAND_homeland_id`, `Champion_Main_Role_main_role_id`, `Champion_Second_Role_Second_Role_id`) VALUES (71, 'Orianna', 'the Lady of Clockwork', '517.72 (+79 per level)', '6.87 (+0.55 per level)', '334 (+50 per level)', '6 (+0.8 per level)', '40.368 (+2.6 per level)', '0.658 (+3.5% per level)', '17.04 (+3 per level)', '30 (+0 per level)', 325, 4800, 880, 9, 3, 5);
INSERT INTO `mydb`.`CHAMPIONS` (`champion_id`, `Champion`, `Alias`, `Health`, `Health_Regen`, `Mana`, `Mana_Regen`, `Attack_Damage`, `Attack_Speed`, `Armor`, `Magic_Resist`, `Movement_Speed`, `IP_COST`, `RP_COST`, `HOMELAND_homeland_id`, `Champion_Main_Role_main_role_id`, `Champion_Second_Role_Second_Role_id`) VALUES (72, 'Pantheon', 'the Artisan of War', '579.16 (+87 per level)', '7.84 (+0.65 per level)', '267.12 (+34 per level)', '7.355 (+0.45 per level)', '55.572 (+2.9 per level)', '0.625 (+2.95% per level)', '27.652 (+3.9 per level)', '32.1 (+1.25 per level)', 355, 3150, 790, 7, 2, 1);
INSERT INTO `mydb`.`CHAMPIONS` (`champion_id`, `Champion`, `Alias`, `Health`, `Health_Regen`, `Mana`, `Mana_Regen`, `Attack_Damage`, `Attack_Speed`, `Armor`, `Magic_Resist`, `Movement_Speed`, `IP_COST`, `RP_COST`, `HOMELAND_homeland_id`, `Champion_Main_Role_main_role_id`, `Champion_Second_Role_Second_Role_id`) VALUES (73, 'Poppy', 'the Iron Ambassador', '559.08 (+81 per level)', '8.37 (+0.55 per level)', '235.4 (+30 per level)', '7.155 (+0.45 per level)', '61.97 (+3.375 per level)', '0.638 (+3.35% per level)', '28.72 (+4 per level)', '30 (+0 per level)', 345, 450, 260, 1, 2, 1);
INSERT INTO `mydb`.`CHAMPIONS` (`champion_id`, `Champion`, `Alias`, `Health`, `Health_Regen`, `Mana`, `Mana_Regen`, `Attack_Damage`, `Attack_Speed`, `Armor`, `Magic_Resist`, `Movement_Speed`, `IP_COST`, `RP_COST`, `HOMELAND_homeland_id`, `Champion_Main_Role_main_role_id`, `Champion_Second_Role_Second_Role_id`) VALUES (74, 'Quinn', 'Demacia\'s Wings', '532.8 (+85 per level)', '5.42 (+0.55 per level)', '268.8 (+35 per level)', '6.97 (+0.4 per level)', '51.04 (+3 per level)', '0.668 (+3.1% per level)', '23.38 (+3.5 per level)', '30 (+0 per level)', 335, 6300, 975, 3, 4, 2);
INSERT INTO `mydb`.`CHAMPIONS` (`champion_id`, `Champion`, `Alias`, `Health`, `Health_Regen`, `Mana`, `Mana_Regen`, `Attack_Damage`, `Attack_Speed`, `Armor`, `Magic_Resist`, `Movement_Speed`, `IP_COST`, `RP_COST`, `HOMELAND_homeland_id`, `Champion_Main_Role_main_role_id`, `Champion_Second_Role_Second_Role_id`) VALUES (75, 'Rammus', 'the Armordillo', '564.48 (+86 per level)', '7.92 (+0.55 per level)', '310.44 (+33 per level)', '7.84 (+0.5 per level)', '55.88 (+3.5 per level)', '0.625 (+2.215% per level)', '31.384 (+3.8 per level)', '32.1 (+1.25 per level)', 335, 3150, 790, 11, 6, 2);
INSERT INTO `mydb`.`CHAMPIONS` (`champion_id`, `Champion`, `Alias`, `Health`, `Health_Regen`, `Mana`, `Mana_Regen`, `Attack_Damage`, `Attack_Speed`, `Armor`, `Magic_Resist`, `Movement_Speed`, `IP_COST`, `RP_COST`, `HOMELAND_homeland_id`, `Champion_Main_Role_main_role_id`, `Champion_Second_Role_Second_Role_id`) VALUES (76, 'Rek\'Sai', 'the Void Burrower', '611.2 (+90 per level)', '7.34 (+0.65 per level)', 'N/A', 'N/A', '55.628 (+3.35 per level)', '0.625 (+2% per level)', '28.3 (+3.75 per level)', '32.1 (+1.25 per level)', 335, 6300, 975, 12, 2, 7);
INSERT INTO `mydb`.`CHAMPIONS` (`champion_id`, `Champion`, `Alias`, `Health`, `Health_Regen`, `Mana`, `Mana_Regen`, `Attack_Damage`, `Attack_Speed`, `Armor`, `Magic_Resist`, `Movement_Speed`, `IP_COST`, `RP_COST`, `HOMELAND_homeland_id`, `Champion_Main_Role_main_role_id`, `Champion_Second_Role_Second_Role_id`) VALUES (77, 'Renekton', 'the Butcher of the Sands', '572.16 (+87 per level)', '7.96 (+0.75 per level)', 'N/A', 'N/A', '58.328 (+3.1 per level)', '0.665 (+2.65% per level)', '25.584 (+3.8 per level)', '32.1 (+1.25 per level)', 345, 4800, 880, 11, 2, 6);
INSERT INTO `mydb`.`CHAMPIONS` (`champion_id`, `Champion`, `Alias`, `Health`, `Health_Regen`, `Mana`, `Mana_Regen`, `Attack_Damage`, `Attack_Speed`, `Armor`, `Magic_Resist`, `Movement_Speed`, `IP_COST`, `RP_COST`, `HOMELAND_homeland_id`, `Champion_Main_Role_main_role_id`, `Champion_Second_Role_Second_Role_id`) VALUES (78, 'Rengar', 'the Pridestalker', '586.2 (+90 per level)', '4.27 (+0.4 per level)', 'N/A', 'N/A', '60.04 (+3 per level)', '0.679 (+2.85% per level)', '25.88 (+3.5 per level)', '32.1 (+1.25 per level)', 345, 6300, 975, 5, 1, 2);
INSERT INTO `mydb`.`CHAMPIONS` (`champion_id`, `Champion`, `Alias`, `Health`, `Health_Regen`, `Mana`, `Mana_Regen`, `Attack_Damage`, `Attack_Speed`, `Armor`, `Magic_Resist`, `Movement_Speed`, `IP_COST`, `RP_COST`, `HOMELAND_homeland_id`, `Champion_Main_Role_main_role_id`, `Champion_Second_Role_Second_Role_id`) VALUES (79, 'Riven', 'the Exile', '558.48 (+86 per level)', '3.34 (+0.5 per level)', 'N/A', 'N/A', '56.04 (+3 per level)', '0.625 (+3.5% per level)', '24.376 (+3.2 per level)', '32.1 (+1.25 per level)', 345, 4800, 880, 8, 2, 1);
INSERT INTO `mydb`.`CHAMPIONS` (`champion_id`, `Champion`, `Alias`, `Health`, `Health_Regen`, `Mana`, `Mana_Regen`, `Attack_Damage`, `Attack_Speed`, `Armor`, `Magic_Resist`, `Movement_Speed`, `IP_COST`, `RP_COST`, `HOMELAND_homeland_id`, `Champion_Main_Role_main_role_id`, `Champion_Second_Role_Second_Role_id`) VALUES (80, 'Rumble', 'the Mechanized Menace', '584.4 (+80 per level)', '8.005 (+0.6 per level)', 'N/A', 'N/A', '61.036 (+3.2 per level)', '0.644 (+1.85% per level)', '25.88 (+3.5 per level)', '32.1 (+1.25 per level)', 345, 4800, 880, 1, 2, 3);
INSERT INTO `mydb`.`CHAMPIONS` (`champion_id`, `Champion`, `Alias`, `Health`, `Health_Regen`, `Mana`, `Mana_Regen`, `Attack_Damage`, `Attack_Speed`, `Armor`, `Magic_Resist`, `Movement_Speed`, `IP_COST`, `RP_COST`, `HOMELAND_homeland_id`, `Champion_Main_Role_main_role_id`, `Champion_Second_Role_Second_Role_id`) VALUES (81, 'Ryze', 'the Rogue Mage', '558.48 (+86 per level)', '5.27 (+0.55 per level)', '342.4 (+55 per level)', '6 (+0.8 per level)', '55.04 (+3 per level)', '0.625 (+2.112% per level)', '21.552 (+3.9 per level)', '30 (+0 per level)', 340, 450, 260, 5, 3, 2);
INSERT INTO `mydb`.`CHAMPIONS` (`champion_id`, `Champion`, `Alias`, `Health`, `Health_Regen`, `Mana`, `Mana_Regen`, `Attack_Damage`, `Attack_Speed`, `Armor`, `Magic_Resist`, `Movement_Speed`, `IP_COST`, `RP_COST`, `HOMELAND_homeland_id`, `Champion_Main_Role_main_role_id`, `Champion_Second_Role_Second_Role_id`) VALUES (82, 'Sejuani', 'the Winter\'s Wrath', '600 (+95 per level)', '8.675 (+0.85 per level)', '400 (+40 per level)', '7.205 (+0.45 per level)', '57.544 (+3.3 per level)', '0.670 (+1.44% per level)', '29.54 (+3 per level)', '32.1 (+1.25 per level)', 340, 4800, 880, 4, 6, 2);
INSERT INTO `mydb`.`CHAMPIONS` (`champion_id`, `Champion`, `Alias`, `Health`, `Health_Regen`, `Mana`, `Mana_Regen`, `Attack_Damage`, `Attack_Speed`, `Armor`, `Magic_Resist`, `Movement_Speed`, `IP_COST`, `RP_COST`, `HOMELAND_homeland_id`, `Champion_Main_Role_main_role_id`, `Champion_Second_Role_Second_Role_id`) VALUES (83, 'Shaco', 'the Demon Jester', '582.12 (+84 per level)', '8.37 (+0.55 per level)', '297.2 (+40 per level)', '7.155 (+0.45 per level)', '57.58 (+3.5 per level)', '0.694 (+3% per level)', '24.88 (+3.5 per level)', '32.1 (+1.25 per level)', 350, 3150, 790, 5, 1, 7);
INSERT INTO `mydb`.`CHAMPIONS` (`champion_id`, `Champion`, `Alias`, `Health`, `Health_Regen`, `Mana`, `Mana_Regen`, `Attack_Damage`, `Attack_Speed`, `Armor`, `Magic_Resist`, `Movement_Speed`, `IP_COST`, `RP_COST`, `HOMELAND_homeland_id`, `Champion_Main_Role_main_role_id`, `Champion_Second_Role_Second_Role_id`) VALUES (84, 'Shen', 'Eye of Twilight', '570.8 (+85 per level)', '8.37 (+0.55 per level)', 'N/A', 'N/A', '60.17 (+3.375 per level)', '0.651 (+3.4% per level)', '25.72 (+4 per level)', '30 (+0 per level)', 335, 3150, 790, 6, 6, 2);
INSERT INTO `mydb`.`CHAMPIONS` (`champion_id`, `Champion`, `Alias`, `Health`, `Health_Regen`, `Mana`, `Mana_Regen`, `Attack_Damage`, `Attack_Speed`, `Armor`, `Magic_Resist`, `Movement_Speed`, `IP_COST`, `RP_COST`, `HOMELAND_homeland_id`, `Champion_Main_Role_main_role_id`, `Champion_Second_Role_Second_Role_id`) VALUES (85, 'Shyvana', 'the Half-Dragon', '594.6 (+95 per level)', '8.59 (+0.8 per level)', 'N/A', 'N/A', '60.712 (+3.4 per level)', '0.658 (+2.5% per level)', '27.628 (+3.35 per level)', '32.1 (+1.25 per level)', 350, 4800, 880, 3, 2, 6);
INSERT INTO `mydb`.`CHAMPIONS` (`champion_id`, `Champion`, `Alias`, `Health`, `Health_Regen`, `Mana`, `Mana_Regen`, `Attack_Damage`, `Attack_Speed`, `Armor`, `Magic_Resist`, `Movement_Speed`, `IP_COST`, `RP_COST`, `HOMELAND_homeland_id`, `Champion_Main_Role_main_role_id`, `Champion_Second_Role_Second_Role_id`) VALUES (86, 'Singed', 'the Mad Chemist', '542.76 (+82 per level)', '8.02 (+0.55 per level)', '290.6 (+45 per level)', '7.52 (+0.55 per level)', '62.32 (+3.375 per level)', '0.613 (+1.81% per level)', '27.88 (+3.5 per level)', '30 (+0 per level)', 345, 1350, 585, 13, 6, 2);
INSERT INTO `mydb`.`CHAMPIONS` (`champion_id`, `Champion`, `Alias`, `Health`, `Health_Regen`, `Mana`, `Mana_Regen`, `Attack_Damage`, `Attack_Speed`, `Armor`, `Magic_Resist`, `Movement_Speed`, `IP_COST`, `RP_COST`, `HOMELAND_homeland_id`, `Champion_Main_Role_main_role_id`, `Champion_Second_Role_Second_Role_id`) VALUES (87, 'Sion', 'The Undead Juggernaut', '542.64 (+73 per level)', '10.18 (+0.8 per level)', '275.6 (+45 per level)', '8.005 (+0.6 per level)', '59.72 (+4 per level)', '0.679 (+1.3% per level)', '23.04 (+3 per level)', '32.1 (+1.25 per level)', 345, 1350, 585, 8, 2, 6);
INSERT INTO `mydb`.`CHAMPIONS` (`champion_id`, `Champion`, `Alias`, `Health`, `Health_Regen`, `Mana`, `Mana_Regen`, `Attack_Damage`, `Attack_Speed`, `Armor`, `Magic_Resist`, `Movement_Speed`, `IP_COST`, `RP_COST`, `HOMELAND_homeland_id`, `Champion_Main_Role_main_role_id`, `Champion_Second_Role_Second_Role_id`) VALUES (88, 'Sivir', 'the Battle Mistress', '515.76 (+82 per level)', '5.17 (+0.55 per level)', '284 (+50 per level)', '8.01 (+0.9 per level)', '52.04 (+3 per level)', '0.658 (+1.6% per level)', '22.21 (+3.25 per level)', '30 (+0 per level)', 335, 450, 260, 11, 4, 7);
INSERT INTO `mydb`.`CHAMPIONS` (`champion_id`, `Champion`, `Alias`, `Health`, `Health_Regen`, `Mana`, `Mana_Regen`, `Attack_Damage`, `Attack_Speed`, `Armor`, `Magic_Resist`, `Movement_Speed`, `IP_COST`, `RP_COST`, `HOMELAND_homeland_id`, `Champion_Main_Role_main_role_id`, `Champion_Second_Role_Second_Role_id`) VALUES (89, 'Skarner', 'the Crystal Vanguard', '601.28 (+96 per level)', '8.925 (+0.85 per level)', '272.2 (+40 per level)', '7.205 (+0.45 per level)', '61.156 (+4.2 per level)', '0.625 (+2.1% per level)', '29.384 (+3.8 per level)', '32.1 (+1.25 per level)', 345, 4800, 880, 5, 2, 6);
INSERT INTO `mydb`.`CHAMPIONS` (`champion_id`, `Champion`, `Alias`, `Health`, `Health_Regen`, `Mana`, `Mana_Regen`, `Attack_Damage`, `Attack_Speed`, `Armor`, `Magic_Resist`, `Movement_Speed`, `IP_COST`, `RP_COST`, `HOMELAND_homeland_id`, `Champion_Main_Role_main_role_id`, `Champion_Second_Role_Second_Role_id`) VALUES (90, 'Sona', 'Maven of the Strings', '482.36 (+77 per level)', '5.42 (+0.55 per level)', '340.6 (+45 per level)', '9 (+0.4 per level)', '50.04 (+3 per level)', '0.644 (+2.3% per level)', '20.544 (+3.3 per level)', '30 (+0 per level)', 325, 3150, 790, 3, 5, 3);
INSERT INTO `mydb`.`CHAMPIONS` (`champion_id`, `Champion`, `Alias`, `Health`, `Health_Regen`, `Mana`, `Mana_Regen`, `Attack_Damage`, `Attack_Speed`, `Armor`, `Magic_Resist`, `Movement_Speed`, `IP_COST`, `RP_COST`, `HOMELAND_homeland_id`, `Champion_Main_Role_main_role_id`, `Champion_Second_Role_Second_Role_id`) VALUES (91, 'Soraka', 'the Starchild', '529.04 (+78 per level)', '2.5 (+0.5 per level)', '350.8 (+60 per level)', '9 (+0.4 per level)', '50.04 (+3 per level)', '0.625 (+2.14% per level)', '23.384 (+3.8 per level)', '30 (+0 per level)', 325, 450, 260, 6, 5, 3);
INSERT INTO `mydb`.`CHAMPIONS` (`champion_id`, `Champion`, `Alias`, `Health`, `Health_Regen`, `Mana`, `Mana_Regen`, `Attack_Damage`, `Attack_Speed`, `Armor`, `Magic_Resist`, `Movement_Speed`, `IP_COST`, `RP_COST`, `HOMELAND_homeland_id`, `Champion_Main_Role_main_role_id`, `Champion_Second_Role_Second_Role_id`) VALUES (92, 'Swain', 'the Master Tactician', '516.04 (+78 per level)', '7.84 (+0.65 per level)', '324 (+50 per level)', '6 (+0.8 per level)', '52.04 (+3 per level)', '0.625 (+2.11% per level)', '22.72 (+4 per level)', '30 (+0 per level)', 335, 4800, 880, 8, 3, 2);
INSERT INTO `mydb`.`CHAMPIONS` (`champion_id`, `Champion`, `Alias`, `Health`, `Health_Regen`, `Mana`, `Mana_Regen`, `Attack_Damage`, `Attack_Speed`, `Armor`, `Magic_Resist`, `Movement_Speed`, `IP_COST`, `RP_COST`, `HOMELAND_homeland_id`, `Champion_Main_Role_main_role_id`, `Champion_Second_Role_Second_Role_id`) VALUES (93, 'Syndra', 'the Dark Sovereign', '511.04 (+78 per level)', '6.505 (+0.6 per level)', '334 (+50 per level)', '6 (+0.8 per level)', '53.872 (+2.9 per level)', '0.625 (+2% per level)', '24.712 (+3.4 per level)', '30 (+0 per level)', 330, 6300, 975, 6, 3, 5);
INSERT INTO `mydb`.`CHAMPIONS` (`champion_id`, `Champion`, `Alias`, `Health`, `Health_Regen`, `Mana`, `Mana_Regen`, `Attack_Damage`, `Attack_Speed`, `Armor`, `Magic_Resist`, `Movement_Speed`, `IP_COST`, `RP_COST`, `HOMELAND_homeland_id`, `Champion_Main_Role_main_role_id`, `Champion_Second_Role_Second_Role_id`) VALUES (94, 'Talon', 'the Blade\'s Shadow', '582.8 (+85 per level)', '8.51 (+0.75 per level)', '327.2 (+40 per level)', '7.59 (+0.5 per level)', '55.208 (+3.1 per level)', '0.668 (+2.7% per level)', '26.88 (+3.5 per level)', '32.1 (+1.25 per level)', 350, 4800, 880, 8, 1, 2);
INSERT INTO `mydb`.`CHAMPIONS` (`champion_id`, `Champion`, `Alias`, `Health`, `Health_Regen`, `Mana`, `Mana_Regen`, `Attack_Damage`, `Attack_Speed`, `Armor`, `Magic_Resist`, `Movement_Speed`, `IP_COST`, `RP_COST`, `HOMELAND_homeland_id`, `Champion_Main_Role_main_role_id`, `Champion_Second_Role_Second_Role_id`) VALUES (95, 'Taric', 'the Gem Knight', '619.2 (+90 per level)', '7.94 (+0.5 per level)', '349.08 (+56 per level)', '6 (+0.8 per level)', '57.88 (+3.5 per level)', '0.625 (+2.02% per level)', '25.876 (+3.2 per level)', '32.1 (+1.25 per level)', 340, 1350, 585, 3, 5, 2);
INSERT INTO `mydb`.`CHAMPIONS` (`champion_id`, `Champion`, `Alias`, `Health`, `Health_Regen`, `Mana`, `Mana_Regen`, `Attack_Damage`, `Attack_Speed`, `Armor`, `Magic_Resist`, `Movement_Speed`, `IP_COST`, `RP_COST`, `HOMELAND_homeland_id`, `Champion_Main_Role_main_role_id`, `Champion_Second_Role_Second_Role_id`) VALUES (96, 'Teemo', 'the Swift Scout', '515.76 (+82 per level)', '5.74 (+0.65 per level)', '267.2 (+40 per level)', '7.205 (+0.45 per level)', '47.54 (+3 per level)', '0.690 (+3.38% per level)', '24.3 (+3.75 per level)', '30 (+0 per level)', 330, 1350, 585, 1, 4, 1);
INSERT INTO `mydb`.`CHAMPIONS` (`champion_id`, `Champion`, `Alias`, `Health`, `Health_Regen`, `Mana`, `Mana_Regen`, `Attack_Damage`, `Attack_Speed`, `Armor`, `Magic_Resist`, `Movement_Speed`, `IP_COST`, `RP_COST`, `HOMELAND_homeland_id`, `Champion_Main_Role_main_role_id`, `Champion_Second_Role_Second_Role_id`) VALUES (97, 'Thresh', 'the Chain Warden', '560.52 (+89 per level)', '6.92 (+0.55 per level)', '273.92 (+44 per level)', '6 (+0.8 per level)', '47.696 (+2.2 per level)', '0.625 (+3.5% per level)', '16 (+0 per level)', '30 (+0 per level)', 335, 6300, 975, 10, 5, 2);
INSERT INTO `mydb`.`CHAMPIONS` (`champion_id`, `Champion`, `Alias`, `Health`, `Health_Regen`, `Mana`, `Mana_Regen`, `Attack_Damage`, `Attack_Speed`, `Armor`, `Magic_Resist`, `Movement_Speed`, `IP_COST`, `RP_COST`, `HOMELAND_homeland_id`, `Champion_Main_Role_main_role_id`, `Champion_Second_Role_Second_Role_id`) VALUES (98, 'Tristana', 'the Yordle Gunner', '542.76 (+82 per level)', '6.19 (+0.65 per level)', '246.76 (+32 per level)', '7.205 (+0.45 per level)', '51.54 (+3 per level)', '0.656 (+1.5% per level)', '22 (+3 per level)', '30 (+0 per level)', 325, 1350, 585, 1, 4, 1);
INSERT INTO `mydb`.`CHAMPIONS` (`champion_id`, `Champion`, `Alias`, `Health`, `Health_Regen`, `Mana`, `Mana_Regen`, `Attack_Damage`, `Attack_Speed`, `Armor`, `Magic_Resist`, `Movement_Speed`, `IP_COST`, `RP_COST`, `HOMELAND_homeland_id`, `Champion_Main_Role_main_role_id`, `Champion_Second_Role_Second_Role_id`) VALUES (99, 'Trundle', 'the Troll King', '616.28 (+96 per level)', '9.425 (+0.85 per level)', '281.6 (+45 per level)', '7.505 (+0.6 per level)', '60.04 (+3 per level)', '0.670 (+2.9% per level)', '27.536 (+2.7 per level)', '32.1 (+1.25 per level)', 350, 4800, 880, 4, 2, 6);
INSERT INTO `mydb`.`CHAMPIONS` (`champion_id`, `Champion`, `Alias`, `Health`, `Health_Regen`, `Mana`, `Mana_Regen`, `Attack_Damage`, `Attack_Speed`, `Armor`, `Magic_Resist`, `Movement_Speed`, `IP_COST`, `RP_COST`, `HOMELAND_homeland_id`, `Champion_Main_Role_main_role_id`, `Champion_Second_Role_Second_Role_id`) VALUES (100, 'Tryndamere', 'the Barbarian King', '625.64 (+98 per level)', '8.51 (+0.9 per level)', 'N/A', 'N/A', '61.376 (+3.2 per level)', '0.670 (+2.9% per level)', '24.108 (+3.1 per level)', '32.1 (+1.25 per level)', 345, 1350, 585, 4, 2, 1);
INSERT INTO `mydb`.`CHAMPIONS` (`champion_id`, `Champion`, `Alias`, `Health`, `Health_Regen`, `Mana`, `Mana_Regen`, `Attack_Damage`, `Attack_Speed`, `Armor`, `Magic_Resist`, `Movement_Speed`, `IP_COST`, `RP_COST`, `HOMELAND_homeland_id`, `Champion_Main_Role_main_role_id`, `Champion_Second_Role_Second_Role_id`) VALUES (101, 'Twisted Fate', 'the Card Master', '521.76 (+82 per level)', '5.505 (+0.6 per level)', '265.84 (+38 per level)', '6 (+0.8 per level)', '49.954 (+3.3 per level)', '0.651 (+3.22% per level)', '20.542 (+3.15 per level)', '30 (+0 per level)', 330, 1350, 585, 2, 3, 7);
INSERT INTO `mydb`.`CHAMPIONS` (`champion_id`, `Champion`, `Alias`, `Health`, `Health_Regen`, `Mana`, `Mana_Regen`, `Attack_Damage`, `Attack_Speed`, `Armor`, `Magic_Resist`, `Movement_Speed`, `IP_COST`, `RP_COST`, `HOMELAND_homeland_id`, `Champion_Main_Role_main_role_id`, `Champion_Second_Role_Second_Role_id`) VALUES (102, 'Twitch', 'the Plague Rat', '525.08 (+81 per level)', '6.005 (+0.6 per level)', '287.2 (+40 per level)', '7.255 (+0.45 per level)', '49.04 (+3 per level)', '0.679 (+3.38% per level)', '23.04 (+3 per level)', '30 (+0 per level)', 330, 3150, 790, 13, 4, 1);
INSERT INTO `mydb`.`CHAMPIONS` (`champion_id`, `Champion`, `Alias`, `Health`, `Health_Regen`, `Mana`, `Mana_Regen`, `Attack_Damage`, `Attack_Speed`, `Armor`, `Magic_Resist`, `Movement_Speed`, `IP_COST`, `RP_COST`, `HOMELAND_homeland_id`, `Champion_Main_Role_main_role_id`, `Champion_Second_Role_Second_Role_id`) VALUES (103, 'Udyr', 'the Spirit Walker', '593.32 (+99 per level)', '8.71 (+0.75 per level)', '270.4 (+30 per level)', '7.505 (+0.45 per level)', '58.286 (+3.2 per level)', '0.658 (+2.67% per level)', '25.47 (+4 per level)', '32.1 (+1.25 per level)', 345, 1350, 585, 4, 2, 6);
INSERT INTO `mydb`.`CHAMPIONS` (`champion_id`, `Champion`, `Alias`, `Health`, `Health_Regen`, `Mana`, `Mana_Regen`, `Attack_Damage`, `Attack_Speed`, `Armor`, `Magic_Resist`, `Movement_Speed`, `IP_COST`, `RP_COST`, `HOMELAND_homeland_id`, `Champion_Main_Role_main_role_id`, `Champion_Second_Role_Second_Role_id`) VALUES (104, 'Urgot', 'the Headsman\'s Pride', '586.52 (+89 per level)', '6.505 (+0.6 per level)', '312.4 (+55 per level)', '8.59 (+0.65 per level)', '52.048 (+3.6 per level)', '0.644 (+2.9% per level)', '24.544 (+3.3 per level)', '30 (+0 per level)', 335, 3150, 790, 8, 4, 2);
INSERT INTO `mydb`.`CHAMPIONS` (`champion_id`, `Champion`, `Alias`, `Health`, `Health_Regen`, `Mana`, `Mana_Regen`, `Attack_Damage`, `Attack_Speed`, `Armor`, `Magic_Resist`, `Movement_Speed`, `IP_COST`, `RP_COST`, `HOMELAND_homeland_id`, `Champion_Main_Role_main_role_id`, `Champion_Second_Role_Second_Role_id`) VALUES (105, 'Varus', 'the Arrow of Retribution', '537.76 (+82 per level)', '5.42 (+0.55 per level)', '310.48 (+36 per level)', '7.34 (+0.8 per level)', '49.04 (+3 per level)', '0.658 (+3% per level)', '23.212 (+3.4 per level)', '30 (+0 per level)', 330, 6300, 975, 6, 4, 3);
INSERT INTO `mydb`.`CHAMPIONS` (`champion_id`, `Champion`, `Alias`, `Health`, `Health_Regen`, `Mana`, `Mana_Regen`, `Attack_Damage`, `Attack_Speed`, `Armor`, `Magic_Resist`, `Movement_Speed`, `IP_COST`, `RP_COST`, `HOMELAND_homeland_id`, `Champion_Main_Role_main_role_id`, `Champion_Second_Role_Second_Role_id`) VALUES (106, 'Vayne', 'the Night Hunter', '498.44 (+83 per level)', '5.42 (+0.55 per level)', '231.8 (+35 per level)', '6.97 (+0.4 per level)', '53.46 (+3.25 per level)', '0.658 (+4% per level)', '19.012 (+3.4 per level)', '30 (+0 per level)', 330, 4800, 880, 3, 4, 1);
INSERT INTO `mydb`.`CHAMPIONS` (`champion_id`, `Champion`, `Alias`, `Health`, `Health_Regen`, `Mana`, `Mana_Regen`, `Attack_Damage`, `Attack_Speed`, `Armor`, `Magic_Resist`, `Movement_Speed`, `IP_COST`, `RP_COST`, `HOMELAND_homeland_id`, `Champion_Main_Role_main_role_id`, `Champion_Second_Role_Second_Role_id`) VALUES (107, 'Veigar', 'the Tiny Master of Evil', '492.76 (+82 per level)', '5.42 (+0.55 per level)', '342.4 (+55 per level)', '6 (+0.8 per level)', '50.71 (+2.625 per level)', '0.625 (+2.24% per level)', '22.55 (+3.75 per level)', '30 (+0 per level)', 340, 1350, 585, 1, 3, 7);
INSERT INTO `mydb`.`CHAMPIONS` (`champion_id`, `Champion`, `Alias`, `Health`, `Health_Regen`, `Mana`, `Mana_Regen`, `Attack_Damage`, `Attack_Speed`, `Armor`, `Magic_Resist`, `Movement_Speed`, `IP_COST`, `RP_COST`, `HOMELAND_homeland_id`, `Champion_Main_Role_main_role_id`, `Champion_Second_Role_Second_Role_id`) VALUES (108, 'Vel\'Koz', 'the Eye of the Void', '507.68 (+76 per level)', '5.42 (+0.55 per level)', '325.6 (+45 per level)', '6 (+0.8 per level)', '54.93 (+3.141 per level)', '0.625 (+1.36% per level)', '21.88 (+3.5 per level)', '30 (+0 per level)', 340, 6300, 975, 12, 3, 7);
INSERT INTO `mydb`.`CHAMPIONS` (`champion_id`, `Champion`, `Alias`, `Health`, `Health_Regen`, `Mana`, `Mana_Regen`, `Attack_Damage`, `Attack_Speed`, `Armor`, `Magic_Resist`, `Movement_Speed`, `IP_COST`, `RP_COST`, `HOMELAND_homeland_id`, `Champion_Main_Role_main_role_id`, `Champion_Second_Role_Second_Role_id`) VALUES (109, 'Vi', 'the Piltover Enforcer', '582.8 (+85 per level)', '9.01 (+0.9 per level)', '295.6 (+45 per level)', '8.09 (+0.65 per level)', '55.88 (+3.5 per level)', '0.644 (+2.5% per level)', '25.88 (+3.5 per level)', '32.1 (+1.25 per level)', 350, 6300, 975, 9, 2, 1);
INSERT INTO `mydb`.`CHAMPIONS` (`champion_id`, `Champion`, `Alias`, `Health`, `Health_Regen`, `Mana`, `Mana_Regen`, `Attack_Damage`, `Attack_Speed`, `Armor`, `Magic_Resist`, `Movement_Speed`, `IP_COST`, `RP_COST`, `HOMELAND_homeland_id`, `Champion_Main_Role_main_role_id`, `Champion_Second_Role_Second_Role_id`) VALUES (110, 'Viktor', 'the Machine Herald', '516.04 (+78 per level)', '7.84 (+0.65 per level)', '324 (+50 per level)', '6 (+0.8 per level', '52.04 (+3 per level)', '0.658 (+2.11% per level)', '22.72 (+4 per level)', '30 (+0 per level)', 335, 4800, 880, 13, 3, 7);
INSERT INTO `mydb`.`CHAMPIONS` (`champion_id`, `Champion`, `Alias`, `Health`, `Health_Regen`, `Mana`, `Mana_Regen`, `Attack_Damage`, `Attack_Speed`, `Armor`, `Magic_Resist`, `Movement_Speed`, `IP_COST`, `RP_COST`, `HOMELAND_homeland_id`, `Champion_Main_Role_main_role_id`, `Champion_Second_Role_Second_Role_id`) VALUES (111, 'Vladimir', 'the Crimson Reaper', '542.8 (+85 per level)', '7.005 (+0.6 per level)', 'N/A', 'N/A', '48.04 (+3 per level)', '0.658 (+2% per level)', '21.88 (+3.5 per level)', '30 (+0 per level)', 335, 4800, 880, 8, 3, 6);
INSERT INTO `mydb`.`CHAMPIONS` (`champion_id`, `Champion`, `Alias`, `Health`, `Health_Regen`, `Mana`, `Mana_Regen`, `Attack_Damage`, `Attack_Speed`, `Armor`, `Magic_Resist`, `Movement_Speed`, `IP_COST`, `RP_COST`, `HOMELAND_homeland_id`, `Champion_Main_Role_main_role_id`, `Champion_Second_Role_Second_Role_id`) VALUES (112, 'Volibear', 'the Thunder\'s Roar', '584.48 (+86 per level)', '8.09 (+0.65 per level)', '270.4 (+30 per level)', '8.09 (+0.65 per level)', '59.544 (+3.3 per level)', '0.658 (+2.67% per level)', '26.38 (+3.5 per level)', '32.1 (+1.25 per level)', 345, 4800, 880, 4, 2, 6);
INSERT INTO `mydb`.`CHAMPIONS` (`champion_id`, `Champion`, `Alias`, `Health`, `Health_Regen`, `Mana`, `Mana_Regen`, `Attack_Damage`, `Attack_Speed`, `Armor`, `Magic_Resist`, `Movement_Speed`, `IP_COST`, `RP_COST`, `HOMELAND_homeland_id`, `Champion_Main_Role_main_role_id`, `Champion_Second_Role_Second_Role_id`) VALUES (113, 'Warwick', 'the Blood Hunter', '592.64 (+98 per level)', '8.39 (+0.8 per level)', '240.4 (+30 per level)', '8.105 (+0.6 per level)', '62.43 (+3.375 per level)', '0.679 (+2.88% per level)', '25.88 (+3.5 per level)', '32.1 (+1.25 per level)', 345, 450, 260, 13, 2, 6);
INSERT INTO `mydb`.`CHAMPIONS` (`champion_id`, `Champion`, `Alias`, `Health`, `Health_Regen`, `Mana`, `Mana_Regen`, `Attack_Damage`, `Attack_Speed`, `Armor`, `Magic_Resist`, `Movement_Speed`, `IP_COST`, `RP_COST`, `HOMELAND_homeland_id`, `Champion_Main_Role_main_role_id`, `Champion_Second_Role_Second_Role_id`) VALUES (114, 'Wukong', 'the Monkey King', '577.8 (+85 per level)', '6.19 (+0.65 per level)', '265.84 (+38 per level)', '8.04 (+0.65 per level)', '59.876 (+3.2 per level)', '0.658 (+3% per level)', '24.88 (+3.5 per level)', '32.1 (+1.25 per level)', 345, 4800, 880, 6, 2, 6);
INSERT INTO `mydb`.`CHAMPIONS` (`champion_id`, `Champion`, `Alias`, `Health`, `Health_Regen`, `Mana`, `Mana_Regen`, `Attack_Damage`, `Attack_Speed`, `Armor`, `Magic_Resist`, `Movement_Speed`, `IP_COST`, `RP_COST`, `HOMELAND_homeland_id`, `Champion_Main_Role_main_role_id`, `Champion_Second_Role_Second_Role_id`) VALUES (115, 'Xerath', 'the Magus Ascendant', '514.4 (+80 per level)', '5.42 (+0.55 per level)', '316.96 (+47 per level)', '6 (+0.8 per level)', '54.7 (+3 per level)', '0.625 (+1.36% per level)', '21.88 (+3.5 per level)', '30 (+0 per level)', 340, 4800, 880, 11, 3, 1);
INSERT INTO `mydb`.`CHAMPIONS` (`champion_id`, `Champion`, `Alias`, `Health`, `Health_Regen`, `Mana`, `Mana_Regen`, `Attack_Damage`, `Attack_Speed`, `Armor`, `Magic_Resist`, `Movement_Speed`, `IP_COST`, `RP_COST`, `HOMELAND_homeland_id`, `Champion_Main_Role_main_role_id`, `Champion_Second_Role_Second_Role_id`) VALUES (116, 'Xin Zhao', 'the Seneschal of Demacia', '591.16 (+87 per level)', '8.175 (+0.7 per level)', '273.8 (+35 per level)', '7.255 (+0.45 per level)', '57.544 (+3.3 per level)', '0.672 (+2.6% per level', '25.88 (+3.5 per level)', '32.1 (+1.25 per level)', 345, 1350, 585, 3, 2, 1);
INSERT INTO `mydb`.`CHAMPIONS` (`champion_id`, `Champion`, `Alias`, `Health`, `Health_Regen`, `Mana`, `Mana_Regen`, `Attack_Damage`, `Attack_Speed`, `Armor`, `Magic_Resist`, `Movement_Speed`, `IP_COST`, `RP_COST`, `HOMELAND_homeland_id`, `Champion_Main_Role_main_role_id`, `Champion_Second_Role_Second_Role_id`) VALUES (117, 'Yasuo', 'the Unforgiven', '517.76 (+82 per level)', '6.51 (+0.9 per level)', 'N/A', 'N/A', '55.376 (+3.2 per level)', '0.658 (+3.2% per level)', '24.712 (+3.4 per level)', '30 (+0 per level)', 345, 6300, 975, 6, 2, 1);
INSERT INTO `mydb`.`CHAMPIONS` (`champion_id`, `Champion`, `Alias`, `Health`, `Health_Regen`, `Mana`, `Mana_Regen`, `Attack_Damage`, `Attack_Speed`, `Armor`, `Magic_Resist`, `Movement_Speed`, `IP_COST`, `RP_COST`, `HOMELAND_homeland_id`, `Champion_Main_Role_main_role_id`, `Champion_Second_Role_Second_Role_id`) VALUES (118, 'Yorick', 'the Gravedigger', '563.8 (+85 per level)', '8.175 (+0.7 per level)', '293.8 (+35 per level)', '6.755 (+0.45 per level)', '57.58 (+3.5 per level)', '0.625 (+3% per level)', '25.048 (+3.6 per level)', '32.1 (+1.25 per level)', 345, 4800, 880, 10, 2, 3);
INSERT INTO `mydb`.`CHAMPIONS` (`champion_id`, `Champion`, `Alias`, `Health`, `Health_Regen`, `Mana`, `Mana_Regen`, `Attack_Damage`, `Attack_Speed`, `Armor`, `Magic_Resist`, `Movement_Speed`, `IP_COST`, `RP_COST`, `HOMELAND_homeland_id`, `Champion_Main_Role_main_role_id`, `Champion_Second_Role_Second_Role_id`) VALUES (119, 'Zac', 'the Secret Weapon', '614.6 (+95 per level)', '7.92 (+0.55 per level)', 'N/A', 'N/A', '59.67 (+3.375 per level)', '0.638 (+1.6% per level)', '23.88 (+3.5 per level)', '32.1 (+1.25 per level)', 335, 6300, 975, 13, 6, 2);
INSERT INTO `mydb`.`CHAMPIONS` (`champion_id`, `Champion`, `Alias`, `Health`, `Health_Regen`, `Mana`, `Mana_Regen`, `Attack_Damage`, `Attack_Speed`, `Armor`, `Magic_Resist`, `Movement_Speed`, `IP_COST`, `RP_COST`, `HOMELAND_homeland_id`, `Champion_Main_Role_main_role_id`, `Champion_Second_Role_Second_Role_id`) VALUES (120, 'Zed', 'the Master of Shadows', '579.4 (+80 per level)', '7.09 (+0.65 per level)', 'N/A', 'N/A', '54.712 (+3.4 per level)', '0.644 (+2.1% per level)', '26.88 (+3.5 per level)', '32.1 (+1.25 per level)', 345, 6300, 975, 6, 1, 2);
INSERT INTO `mydb`.`CHAMPIONS` (`champion_id`, `Champion`, `Alias`, `Health`, `Health_Regen`, `Mana`, `Mana_Regen`, `Attack_Damage`, `Attack_Speed`, `Armor`, `Magic_Resist`, `Movement_Speed`, `IP_COST`, `RP_COST`, `HOMELAND_homeland_id`, `Champion_Main_Role_main_role_id`, `Champion_Second_Role_Second_Role_id`) VALUES (121, 'Ziggs', 'the Hexplosives Expert', '524.4 (+80 per level)', '6.255 (+0.6 per level)', '334 (+50 per level)', '6 (+0.8 per level)', '54.208 (+3.1 per level)', '0.656 (+2% per level)', '21.544 (+3.3 per level)', '30 (+0 per level)', 325, 6300, 975, 1, 3, 7);
INSERT INTO `mydb`.`CHAMPIONS` (`champion_id`, `Champion`, `Alias`, `Health`, `Health_Regen`, `Mana`, `Mana_Regen`, `Attack_Damage`, `Attack_Speed`, `Armor`, `Magic_Resist`, `Movement_Speed`, `IP_COST`, `RP_COST`, `HOMELAND_homeland_id`, `Champion_Main_Role_main_role_id`, `Champion_Second_Role_Second_Role_id`) VALUES (122, 'Zilean', 'the Chronokeeper', '499.28 (+71 per level)', '5.44 (+0.5 per level)', '360.8 (+60 per level)', '6 (+0.8 per level)', '51.64 (+3 per level)', '0.625 (+2.13% per level)', '17.134 (+3.8 per level)', '30 (+0 per level)', 335, 1350, 585, 9, 5, 3);
INSERT INTO `mydb`.`CHAMPIONS` (`champion_id`, `Champion`, `Alias`, `Health`, `Health_Regen`, `Mana`, `Mana_Regen`, `Attack_Damage`, `Attack_Speed`, `Armor`, `Magic_Resist`, `Movement_Speed`, `IP_COST`, `RP_COST`, `HOMELAND_homeland_id`, `Champion_Main_Role_main_role_id`, `Champion_Second_Role_Second_Role_id`) VALUES (123, 'Zyra', 'Rise of the Thorns', '479.32 (+74 per level)', '5.69 (+0.5 per level)', '334 (+50 per level)', '6 (+0.8 per level)', '53.376 (+3.2 per level)', '0.625 (+2.11% per level)', '20.04 (+3 per level)', '30 (+0 per level)', 325, 6300, 975, 5, 3, 5);

COMMIT;


-- -----------------------------------------------------
-- Data for table `mydb`.`ITEM_TYPE`
-- -----------------------------------------------------
START TRANSACTION;
USE `mydb`;
INSERT INTO `mydb`.`ITEM_TYPE` (`type_id`, `types_name`) VALUES (1, 'Basic');
INSERT INTO `mydb`.`ITEM_TYPE` (`type_id`, `types_name`) VALUES (2, 'Compound');
INSERT INTO `mydb`.`ITEM_TYPE` (`type_id`, `types_name`) VALUES (3, 'Trinket');

COMMIT;


-- -----------------------------------------------------
-- Data for table `mydb`.`ITEM_FUNCTİON`
-- -----------------------------------------------------
START TRANSACTION;
USE `mydb`;
INSERT INTO `mydb`.`ITEM_FUNCTİON` (`function_id`, `functions_name`) VALUES (1, 'Attack');
INSERT INTO `mydb`.`ITEM_FUNCTİON` (`function_id`, `functions_name`) VALUES (2, 'Defense');
INSERT INTO `mydb`.`ITEM_FUNCTİON` (`function_id`, `functions_name`) VALUES (3, 'Magic');
INSERT INTO `mydb`.`ITEM_FUNCTİON` (`function_id`, `functions_name`) VALUES (4, 'Movement');
INSERT INTO `mydb`.`ITEM_FUNCTİON` (`function_id`, `functions_name`) VALUES (5, 'Utility');
INSERT INTO `mydb`.`ITEM_FUNCTİON` (`function_id`, `functions_name`) VALUES (6, 'Vision');

COMMIT;


-- -----------------------------------------------------
-- Data for table `mydb`.`ITEMS`
-- -----------------------------------------------------
START TRANSACTION;
USE `mydb`;
INSERT INTO `mydb`.`ITEMS` (`item_number`, `ITEM`, `Features`, `Unique_Property`, `Gold_Cost`, `ITEM_TYPE_type_id`, `ITEM_FUNCTİON_function_id`) VALUES (1, 'Abyssal Scepter', 'Add 70 Ability Power and 50 Magic Resist', 'Reduces the Magic Resist of nearby enemies by 20', 2440, 2, 3);
INSERT INTO `mydb`.`ITEMS` (`item_number`, `ITEM`, `Features`, `Unique_Property`, `Gold_Cost`, `ITEM_TYPE_type_id`, `ITEM_FUNCTİON_function_id`) VALUES (2, 'Ageis of the Legion', 'Add 200 Health  and 20 Magic Resistance', 'Add Grants nearby allies 20 Magic Resist and 75% Base Health Regen', 1900, 2, 2);
INSERT INTO `mydb`.`ITEMS` (`item_number`, `ITEM`, `Features`, `Unique_Property`, `Gold_Cost`, `ITEM_TYPE_type_id`, `ITEM_FUNCTİON_function_id`) VALUES (3, 'Aether Wisp', 'Add 30 Ability Power', 'Add 5% Movement Speed', 850, 2, 3);
INSERT INTO `mydb`.`ITEMS` (`item_number`, `ITEM`, `Features`, `Unique_Property`, `Gold_Cost`, `ITEM_TYPE_type_id`, `ITEM_FUNCTİON_function_id`) VALUES (4, 'Amplifying Tome', 'Add 20 Ability Power', 'N/A', 435, 1, 3);
INSERT INTO `mydb`.`ITEMS` (`item_number`, `ITEM`, `Features`, `Unique_Property`, `Gold_Cost`, `ITEM_TYPE_type_id`, `ITEM_FUNCTİON_function_id`) VALUES (5, 'Ancient Coin', 'Add 25% Base Mana Regen', 'Being near a minion death without dealing the killing blow grants 2 Gold and 5 Health', 365, 1, 3);
INSERT INTO `mydb`.`ITEMS` (`item_number`, `ITEM`, `Features`, `Unique_Property`, `Gold_Cost`, `ITEM_TYPE_type_id`, `ITEM_FUNCTİON_function_id`) VALUES (6, 'Archangel\'s Staff', 'Add 60 Ability Power, 250 Mana and 50% Base Mana Regen', 'Grants Ability Power equal to 3% of maximum Mana. Grants +8 maximum Mana (max +750 Mana) for each spell cast and Mana expenditure (occurs up to 2 times every 8 seconds). Transforms into Seraph\'s Embrace at +750 Mana', 2700, 2, 3);
INSERT INTO `mydb`.`ITEMS` (`item_number`, `ITEM`, `Features`, `Unique_Property`, `Gold_Cost`, `ITEM_TYPE_type_id`, `ITEM_FUNCTİON_function_id`) VALUES (7, 'Ardent Censer', 'Add 40 Ability Power, 10% Cooldown Reduction and 100% Base Mana Regen', 'Add 8% Movement Speed. Your heals and shields on another unit grant them 25% Attack Speed for 6 seconds.', 2100, 2, 3);
INSERT INTO `mydb`.`ITEMS` (`item_number`, `ITEM`, `Features`, `Unique_Property`, `Gold_Cost`, `ITEM_TYPE_type_id`, `ITEM_FUNCTİON_function_id`) VALUES (8, 'Athene s Unholy Grail', 'Add 60 Ability Power, 25 Magic Resist, 20% Cooldown Reduction and 50% Base Mana Regen', 'Restores 15% of maximum Mana on kill or assist. Restores 2% of missing Mana every 5 seconds.', 2700, 2, 3);
INSERT INTO `mydb`.`ITEMS` (`item_number`, `ITEM`, `Features`, `Unique_Property`, `Gold_Cost`, `ITEM_TYPE_type_id`, `ITEM_FUNCTİON_function_id`) VALUES (9, 'Avarice Blade', 'Add %10 Critical Strike Chance', 'Add 3 Gold Per 10 Seconds. Grants 2 Gold upon killing a unit.', 800, 2, 1);
INSERT INTO `mydb`.`ITEMS` (`item_number`, `ITEM`, `Features`, `Unique_Property`, `Gold_Cost`, `ITEM_TYPE_type_id`, `ITEM_FUNCTİON_function_id`) VALUES (10, 'B.F. Sword', 'Add 50 Attack Damage', 'N/A', 1550, 1, 1);
INSERT INTO `mydb`.`ITEMS` (`item_number`, `ITEM`, `Features`, `Unique_Property`, `Gold_Cost`, `ITEM_TYPE_type_id`, `ITEM_FUNCTİON_function_id`) VALUES (11, 'Banner of Command', 'Add 200 Health, 20 Magic Resist, 60 Ability Power and 10% Cooldown Reduction', 'Grants nearby allies +20 Magic Resist and +75% Base Health Regen. Greatly increases the power of a lane minion and grants it immunity to magic damage (120 second cooldown).', 3000, 2, 2);
INSERT INTO `mydb`.`ITEMS` (`item_number`, `ITEM`, `Features`, `Unique_Property`, `Gold_Cost`, `ITEM_TYPE_type_id`, `ITEM_FUNCTİON_function_id`) VALUES (12, 'Banshee s Veil', 'Add 450 Health, 55 Magic Resist and 100% Base Health Regeneration', 'Grants a spell shield that blocks the next enemy ability. This shield refreshes after no damage is taken from enemy champions for 40 seconds.', 2750, 2, 2);
INSERT INTO `mydb`.`ITEMS` (`item_number`, `ITEM`, `Features`, `Unique_Property`, `Gold_Cost`, `ITEM_TYPE_type_id`, `ITEM_FUNCTİON_function_id`) VALUES (13, 'Berserker s Greaves', 'Add 25% Attack Speed', 'Add 45 Movement Speed', 1000, 2, 4);
INSERT INTO `mydb`.`ITEMS` (`item_number`, `ITEM`, `Features`, `Unique_Property`, `Gold_Cost`, `ITEM_TYPE_type_id`, `ITEM_FUNCTİON_function_id`) VALUES (14, 'Bilgewater Cutlass', 'Add 25% Attack Speed and 8% Life Steal', 'Deals 100 magic damage and slows the target champion\'s Movement Speed by 25% for 2 seconds (90 second cooldown).', 1400, 2, 1);
INSERT INTO `mydb`.`ITEMS` (`item_number`, `ITEM`, `Features`, `Unique_Property`, `Gold_Cost`, `ITEM_TYPE_type_id`, `ITEM_FUNCTİON_function_id`) VALUES (15, 'Blade of the Ruined King', 'Add 25 Attack Damage, 40% Attack Speed and 10% Life Steal', 'Basic attacks deal 8% of the target\'s current Health in bonus physical damage (max 60 vs. monsters and minions) on hit.  Deals 10% of target champion\'s maximum Health (min. 100) as physical damage, heals for the same amount, and steals 25% of the target\'s Movement Speed for 3 seconds.', 3200, 2, 1);
INSERT INTO `mydb`.`ITEMS` (`item_number`, `ITEM`, `Features`, `Unique_Property`, `Gold_Cost`, `ITEM_TYPE_type_id`, `ITEM_FUNCTİON_function_id`) VALUES (16, 'Blasting Wand', 'Add 40 Ability Power', 'N/A', 860, 1, 3);
INSERT INTO `mydb`.`ITEMS` (`item_number`, `ITEM`, `Features`, `Unique_Property`, `Gold_Cost`, `ITEM_TYPE_type_id`, `ITEM_FUNCTİON_function_id`) VALUES (17, 'Boots Of Mobility', 'N/A', '25 Movement Speed. Increases to +105 Movement Speed when out of combat for 5 seconds.', 800, 2, 4);
INSERT INTO `mydb`.`ITEMS` (`item_number`, `ITEM`, `Features`, `Unique_Property`, `Gold_Cost`, `ITEM_TYPE_type_id`, `ITEM_FUNCTİON_function_id`) VALUES (18, 'Boots Of Speed', 'N/A', 'Add 25 Movement Speed', 325, 1, 4);
INSERT INTO `mydb`.`ITEMS` (`item_number`, `ITEM`, `Features`, `Unique_Property`, `Gold_Cost`, `ITEM_TYPE_type_id`, `ITEM_FUNCTİON_function_id`) VALUES (19, 'Boots Of Swiftness', 'N/A', 'Add 60 Movement Speed.  Movement slowing effects are reduced by 25%.', 1000, 2, 4);
INSERT INTO `mydb`.`ITEMS` (`item_number`, `ITEM`, `Features`, `Unique_Property`, `Gold_Cost`, `ITEM_TYPE_type_id`, `ITEM_FUNCTİON_function_id`) VALUES (20, 'Brawler s Gloves', 'Add 8% Critical Strike Chance', 'N/A', 400, 1, 1);
INSERT INTO `mydb`.`ITEMS` (`item_number`, `ITEM`, `Features`, `Unique_Property`, `Gold_Cost`, `ITEM_TYPE_type_id`, `ITEM_FUNCTİON_function_id`) VALUES (21, 'Catalyst the Protector', 'Add 200 Health and 300 Mana', 'Upon leveling up, restores 150 Health and 200 Mana over 8 seconds.', 1200, 2, 3);
INSERT INTO `mydb`.`ITEMS` (`item_number`, `ITEM`, `Features`, `Unique_Property`, `Gold_Cost`, `ITEM_TYPE_type_id`, `ITEM_FUNCTİON_function_id`) VALUES (22, 'Chain Vest', 'Add 40 Armor', 'N/A', 750, 2, 2);
INSERT INTO `mydb`.`ITEMS` (`item_number`, `ITEM`, `Features`, `Unique_Property`, `Gold_Cost`, `ITEM_TYPE_type_id`, `ITEM_FUNCTİON_function_id`) VALUES (23, 'Chalice of Harmony', 'Add 25 Magic Resist and 50% Base Mana Regen', 'Restores 2% of missing Mana every 5 seconds.', 1000, 2, 3);
INSERT INTO `mydb`.`ITEMS` (`item_number`, `ITEM`, `Features`, `Unique_Property`, `Gold_Cost`, `ITEM_TYPE_type_id`, `ITEM_FUNCTİON_function_id`) VALUES (24, 'Cloak of Agility', 'Add 15% Critical Attack Chance', 'N/A', 730, 1, 1);
INSERT INTO `mydb`.`ITEMS` (`item_number`, `ITEM`, `Features`, `Unique_Property`, `Gold_Cost`, `ITEM_TYPE_type_id`, `ITEM_FUNCTİON_function_id`) VALUES (25, 'Cloth Armor', 'Add 15 Armor', 'N/A', 300, 1, 2);
INSERT INTO `mydb`.`ITEMS` (`item_number`, `ITEM`, `Features`, `Unique_Property`, `Gold_Cost`, `ITEM_TYPE_type_id`, `ITEM_FUNCTİON_function_id`) VALUES (26, 'Crystalline Bracer', 'Add 200 Health and 50% Base Health Regen', 'N/A', 600, 2, 2);
INSERT INTO `mydb`.`ITEMS` (`item_number`, `ITEM`, `Features`, `Unique_Property`, `Gold_Cost`, `ITEM_TYPE_type_id`, `ITEM_FUNCTİON_function_id`) VALUES (27, 'Crystalline Flask', 'N/A', 'Holds 3 charges and refills upon visiting the shop. Consumes a charge to restore 120 Health and 60 Mana over 12 seconds.', 345, 1, 5);
INSERT INTO `mydb`.`ITEMS` (`item_number`, `ITEM`, `Features`, `Unique_Property`, `Gold_Cost`, `ITEM_TYPE_type_id`, `ITEM_FUNCTİON_function_id`) VALUES (28, 'Dagger', 'Add 15% Attack Speed', 'N/A', 450, 1, 1);
INSERT INTO `mydb`.`ITEMS` (`item_number`, `ITEM`, `Features`, `Unique_Property`, `Gold_Cost`, `ITEM_TYPE_type_id`, `ITEM_FUNCTİON_function_id`) VALUES (29, 'Dervish Blade', 'Add 50% Attack Speed, 45 Magic Resist and 10% Cooldown Reduction', 'Removes all debuffs, and if champion is melee, also grants +50% bonus Movement Speed for 1 second (90 second cooldown).', 2700, 2, 2);
INSERT INTO `mydb`.`ITEMS` (`item_number`, `ITEM`, `Features`, `Unique_Property`, `Gold_Cost`, `ITEM_TYPE_type_id`, `ITEM_FUNCTİON_function_id`) VALUES (30, 'Doran s Blade', 'Add 70 Health, 7 Attack Damage and 3% Life Steal', 'N/A', 440, 1, 1);
INSERT INTO `mydb`.`ITEMS` (`item_number`, `ITEM`, `Features`, `Unique_Property`, `Gold_Cost`, `ITEM_TYPE_type_id`, `ITEM_FUNCTİON_function_id`) VALUES (31, 'Doran s Ring', 'Add 60 Health and 15 Ability Power', 'Add 3 Mana Regen per 5 seconds. Restores 4 Mana upon killing a unit.', 400, 1, 3);
INSERT INTO `mydb`.`ITEMS` (`item_number`, `ITEM`, `Features`, `Unique_Property`, `Gold_Cost`, `ITEM_TYPE_type_id`, `ITEM_FUNCTİON_function_id`) VALUES (32, 'Doran s Shield', 'Add 80 Health', '6 Health every 5 seconds. Blocks 8 damage from single target attacks and spells from champions.', 440, 1, 2);
INSERT INTO `mydb`.`ITEMS` (`item_number`, `ITEM`, `Features`, `Unique_Property`, `Gold_Cost`, `ITEM_TYPE_type_id`, `ITEM_FUNCTİON_function_id`) VALUES (33, 'Elixir of Iron', 'N/A', 'Click to Consume: Grants 25% increased Size, Slow Resistance, Tenacity and Path of Iron for 3 minutes. Path of Iron: Moving leaves a path behind that boosts allied champion\'s Movement Speed by 15%.', 400, 1, 2);
INSERT INTO `mydb`.`ITEMS` (`item_number`, `ITEM`, `Features`, `Unique_Property`, `Gold_Cost`, `ITEM_TYPE_type_id`, `ITEM_FUNCTİON_function_id`) VALUES (34, 'Elixir of Ruin', 'N/A', 'Click to Consume: Grants +250 Health, 15% Bonus Damage to Towers and Siege Commander for 3 minutes. Siege Commander: Nearby minions gain 15% Bonus Damage to Towers and gain Movement Speed based on champion\'s Movement Speed.', 400, 1, 1);
INSERT INTO `mydb`.`ITEMS` (`item_number`, `ITEM`, `Features`, `Unique_Property`, `Gold_Cost`, `ITEM_TYPE_type_id`, `ITEM_FUNCTİON_function_id`) VALUES (35, 'Elixir of Sorcery', 'N/A', 'Click to Consume: Grants +40 Ability Power, 15 bonus Mana Regen per 5 seconds and Sorcery for 3 minutes. Sorcery: Damaging a champion or turret deals 25 bonus True Damage. This effect has a 5 second cooldown versus champions but no cooldown versus turrets.', 400, 1, 3);
INSERT INTO `mydb`.`ITEMS` (`item_number`, `ITEM`, `Features`, `Unique_Property`, `Gold_Cost`, `ITEM_TYPE_type_id`, `ITEM_FUNCTİON_function_id`) VALUES (36, 'Elixir of Wrath', 'N/A', 'Click to Consume: Grants +25 Attack Damage and Bloodlust for 3 minutes. Bloodlust: Dealing physical damage to champions heals for 10% of the damage dealt. Scoring a Kill or Assist extends the duration of this Flask by 30 seconds.', 400, 1, 1);
INSERT INTO `mydb`.`ITEMS` (`item_number`, `ITEM`, `Features`, `Unique_Property`, `Gold_Cost`, `ITEM_TYPE_type_id`, `ITEM_FUNCTİON_function_id`) VALUES (37, 'Essence Reaver', 'Add 80 Attack Damage, 10% Life Steal and 10% Cooldown Reduction', 'Restores 2% to 8% of the damage dealt by basic attacks as Mana. This effect increases based on missing Mana.', 3200, 2, 1);
INSERT INTO `mydb`.`ITEMS` (`item_number`, `ITEM`, `Features`, `Unique_Property`, `Gold_Cost`, `ITEM_TYPE_type_id`, `ITEM_FUNCTİON_function_id`) VALUES (38, 'Face of the Mountain', 'Add 500 Health, 100% Base Health Regen and 10% Cooldown Reduction', 'Melee basic attacks execute minions below 400 Health. Killing a minion heals the owner and the nearest allied champion for 50 (+1% of your maximum Health) and grants them kill Gold.', 2200, 2, 2);
INSERT INTO `mydb`.`ITEMS` (`item_number`, `ITEM`, `Features`, `Unique_Property`, `Gold_Cost`, `ITEM_TYPE_type_id`, `ITEM_FUNCTİON_function_id`) VALUES (39, 'Faerie Charm', 'Add 25% Base Mana Regen', 'N/A', 180, 1, 3);
INSERT INTO `mydb`.`ITEMS` (`item_number`, `ITEM`, `Features`, `Unique_Property`, `Gold_Cost`, `ITEM_TYPE_type_id`, `ITEM_FUNCTİON_function_id`) VALUES (40, 'Farsight Orb', 'N/A', 'Reveals an area up to 4000 units away for 2 seconds. Enemy champions found will be revealed for 5 seconds (90 second cooldown).', 250, 3, 6);
INSERT INTO `mydb`.`ITEMS` (`item_number`, `ITEM`, `Features`, `Unique_Property`, `Gold_Cost`, `ITEM_TYPE_type_id`, `ITEM_FUNCTİON_function_id`) VALUES (41, 'Fiendish Codex', 'Add 30 Ability Power', 'Add 10% Cooldown Reduction.', 820, 2, 3);
INSERT INTO `mydb`.`ITEMS` (`item_number`, `ITEM`, `Features`, `Unique_Property`, `Gold_Cost`, `ITEM_TYPE_type_id`, `ITEM_FUNCTİON_function_id`) VALUES (42, 'Forbidden Idol', 'Add 50% Base Mana Regen', 'Add 10% Cooldown Reduction', 600, 2, 3);
INSERT INTO `mydb`.`ITEMS` (`item_number`, `ITEM`, `Features`, `Unique_Property`, `Gold_Cost`, `ITEM_TYPE_type_id`, `ITEM_FUNCTİON_function_id`) VALUES (43, 'Frost Queen s Claim', 'Add 50 Ability Power, 10% Cooldown Reduction, 2 Gold per 10 seconds and 50% Base Mana Regen', 'Spells and basic attacks against champions or buildings deal 15 additional damage and grant 10 Gold. This can occur up to three times every 30 seconds. Fires an ice lance that explodes dealing 50 (+5 per champion level) magic damage to nearby enemies and slowing their Movement Speed by 80%, decaying over 2 seconds.', 2200, 2, 3);
INSERT INTO `mydb`.`ITEMS` (`item_number`, `ITEM`, `Features`, `Unique_Property`, `Gold_Cost`, `ITEM_TYPE_type_id`, `ITEM_FUNCTİON_function_id`) VALUES (44, 'Frostfang', 'Add 10 Ability Power, 2 Gold per 10 seconds and 50% Base Mana Regen', 'Spells and basic attacks against champions or buildings deal 15 additional damage and grant 10 Gold. This can occur up to 3 times every 30 seconds. Killing a minion disables this passive for 12 seconds.', 865, 2, 3);
INSERT INTO `mydb`.`ITEMS` (`item_number`, `ITEM`, `Features`, `Unique_Property`, `Gold_Cost`, `ITEM_TYPE_type_id`, `ITEM_FUNCTİON_function_id`) VALUES (45, 'Frozen Heath', 'Add 100 Armor, 20% Cooldown Reduction and 400 Mana', 'Reduces the Attack Speed of nearby enemies by 15%', 2450, 2, 2);
INSERT INTO `mydb`.`ITEMS` (`item_number`, `ITEM`, `Features`, `Unique_Property`, `Gold_Cost`, `ITEM_TYPE_type_id`, `ITEM_FUNCTİON_function_id`) VALUES (46, 'Frozen Mallet', 'Add 700 Health and 30 Attack Damage', 'Basic attacks slow the target\'s Movement Speed for 1.5 seconds on hit (40% slow for melee attacks, 30% slow for ranged attacks).', 3300, 2, 1);
INSERT INTO `mydb`.`ITEMS` (`item_number`, `ITEM`, `Features`, `Unique_Property`, `Gold_Cost`, `ITEM_TYPE_type_id`, `ITEM_FUNCTİON_function_id`) VALUES (47, 'Giant s Belt', 'Add 380 Health', 'N/A', 1000, 2, 2);
INSERT INTO `mydb`.`ITEMS` (`item_number`, `ITEM`, `Features`, `Unique_Property`, `Gold_Cost`, `ITEM_TYPE_type_id`, `ITEM_FUNCTİON_function_id`) VALUES (48, 'Glacial Shroud', 'Add 20 Armor and 250 Mana', 'Add 10% Cooldown Reduction', 950, 2, 3);
INSERT INTO `mydb`.`ITEMS` (`item_number`, `ITEM`, `Features`, `Unique_Property`, `Gold_Cost`, `ITEM_TYPE_type_id`, `ITEM_FUNCTİON_function_id`) VALUES (49, 'Greater Stealth Totem', 'N/A', 'Places an invisible ward that reveals the surrounding area for 180 seconds (60 second cooldown). Limit 3 Stealth Wards on the map per player.', 250, 3, 6);
INSERT INTO `mydb`.`ITEMS` (`item_number`, `ITEM`, `Features`, `Unique_Property`, `Gold_Cost`, `ITEM_TYPE_type_id`, `ITEM_FUNCTİON_function_id`) VALUES (50, 'Greater Vision Totem', 'N/A', 'Places a visible ward that reveals the surrounding area and invisible units in the area until killed (120 second cooldown). Limit 1 Vision Ward on the map per player.', 250, 3, 6);
INSERT INTO `mydb`.`ITEMS` (`item_number`, `ITEM`, `Features`, `Unique_Property`, `Gold_Cost`, `ITEM_TYPE_type_id`, `ITEM_FUNCTİON_function_id`) VALUES (51, 'Guardian Angel', 'Add 50 Armor and 50 Magic Resist', 'Upon taking lethal damage, restores 30% of maximum Health and Mana after 4 seconds of stasis (300 second cooldown).', 2800, 2, 2);
INSERT INTO `mydb`.`ITEMS` (`item_number`, `ITEM`, `Features`, `Unique_Property`, `Gold_Cost`, `ITEM_TYPE_type_id`, `ITEM_FUNCTİON_function_id`) VALUES (52, 'Guinsoo s Rageblade', 'Add 30 Attack Damage and 40 Ability Power', 'Basic attacks (on attack) and spell casts grant +4% Attack Speed and +4 Ability Power for 8 seconds (stacks up to 8 times). Falling below 50% Health grants +20% Attack Speed, +10% Life Steal, and +10% Spell Vamp until out of combat (30 second cooldown).', 2600, 2, 1);
INSERT INTO `mydb`.`ITEMS` (`item_number`, `ITEM`, `Features`, `Unique_Property`, `Gold_Cost`, `ITEM_TYPE_type_id`, `ITEM_FUNCTİON_function_id`) VALUES (53, 'Haunting Guise', 'Add 25 Ability Power and 200 Health', 'Add 15 Magic Penetration', 1485, 2, 3);
INSERT INTO `mydb`.`ITEMS` (`item_number`, `ITEM`, `Features`, `Unique_Property`, `Gold_Cost`, `ITEM_TYPE_type_id`, `ITEM_FUNCTİON_function_id`) VALUES (54, 'Health Potion', 'N/A', 'Click to Consume: Restores 150 Health over 15 seconds.', 35, 1, 2);
INSERT INTO `mydb`.`ITEMS` (`item_number`, `ITEM`, `Features`, `Unique_Property`, `Gold_Cost`, `ITEM_TYPE_type_id`, `ITEM_FUNCTİON_function_id`) VALUES (55, 'Hexdrinker', 'Add 25 Attack Damage and 30 Magic Resist', 'Upon taking magic damage that would reduce Health below 30%, grants a shield that absorbs 250 magic damage for 5 seconds (90 second cooldown).', 1450, 2, 1);
INSERT INTO `mydb`.`ITEMS` (`item_number`, `ITEM`, `Features`, `Unique_Property`, `Gold_Cost`, `ITEM_TYPE_type_id`, `ITEM_FUNCTİON_function_id`) VALUES (56, 'Hextech Gunblade', 'Add 40 Attack Damage, 80 Ability Power and 10% Life Steal', 'Add 20% Spell Vamp. Basic attacks (on hit) and single-target spells against champions reduce the cooldown of this item by 3 seconds. Deals 150 (+40% of Ability Power) magic damage and slows the target champion\'s Movement Speed by 40% for 2 seconds (60 second cooldown).', 3400, 2, 3);
INSERT INTO `mydb`.`ITEMS` (`item_number`, `ITEM`, `Features`, `Unique_Property`, `Gold_Cost`, `ITEM_TYPE_type_id`, `ITEM_FUNCTİON_function_id`) VALUES (57, 'Hextech Revolver', 'Add 40 Ability Power', 'Add 12% Spell Vamp', 1200, 2, 3);
INSERT INTO `mydb`.`ITEMS` (`item_number`, `ITEM`, `Features`, `Unique_Property`, `Gold_Cost`, `ITEM_TYPE_type_id`, `ITEM_FUNCTİON_function_id`) VALUES (58, 'Hunter s Machete', 'Add 15 Bonus Gold per Large Monster Kill', 'Deal 30 magic damage on hit to monsters over 2 seconds and gain 7 Health and 3 Mana per second while in combat with monsters.', 400, 1, 5);
INSERT INTO `mydb`.`ITEMS` (`item_number`, `ITEM`, `Features`, `Unique_Property`, `Gold_Cost`, `ITEM_TYPE_type_id`, `ITEM_FUNCTİON_function_id`) VALUES (59, 'Iceborn Gauntlet', 'Add 60 Armor, 30 Ability Power, 10% Cooldown Reduction and 500 Mana', 'After using an ability, the next basic attack (on hit) deals bonus physical damage equal to 125% of base Attack Damage to enemies near the target, and creates a field around the target for 2 seconds that slows enemy Movement Speed by 30% (1.5 second cooldown, half-sized field if ranged).', 2900, 2, 3);
INSERT INTO `mydb`.`ITEMS` (`item_number`, `ITEM`, `Features`, `Unique_Property`, `Gold_Cost`, `ITEM_TYPE_type_id`, `ITEM_FUNCTİON_function_id`) VALUES (60, 'Infinity Edge', 'Add 80 Attack Damage and 20% Critical Strike Chance', 'Critical strikes deal 250% damage instead of 200%.', 3800, 2, 1);
INSERT INTO `mydb`.`ITEMS` (`item_number`, `ITEM`, `Features`, `Unique_Property`, `Gold_Cost`, `ITEM_TYPE_type_id`, `ITEM_FUNCTİON_function_id`) VALUES (61, 'Ionian Boots of Lucidity', 'N/A', 'Add 15% Cooldown Reduction. Add 45 Movement Speed.', 1000, 2, 4);
INSERT INTO `mydb`.`ITEMS` (`item_number`, `ITEM`, `Features`, `Unique_Property`, `Gold_Cost`, `ITEM_TYPE_type_id`, `ITEM_FUNCTİON_function_id`) VALUES (62, 'Kindlegem', 'Add 200 Health', 'Add 10% Cooldown Reduction', 850, 2, 2);
INSERT INTO `mydb`.`ITEMS` (`item_number`, `ITEM`, `Features`, `Unique_Property`, `Gold_Cost`, `ITEM_TYPE_type_id`, `ITEM_FUNCTİON_function_id`) VALUES (63, 'Last Whisper', 'Add 40 Attack Damage, 80 Ability Power and 10% Life Steal', 'Physical damage ignores 35% of the target\'s Armor (applies before Armor Penetration).', 2300, 2, 1);
INSERT INTO `mydb`.`ITEMS` (`item_number`, `ITEM`, `Features`, `Unique_Property`, `Gold_Cost`, `ITEM_TYPE_type_id`, `ITEM_FUNCTİON_function_id`) VALUES (64, 'Liandry s Torment', 'Add 50 Ability Power and 300 Health', 'Add 15 Magic Penetration. Dealing spell damage applies a damage-over-time effect for 3 seconds that deals bonus magic damage equal to 2% of the target\'s current Health per second. This bonus damage is doubled against movement-impaired units and capped at 100 damage per second vs. monsters.', 2900, 2, 3);
INSERT INTO `mydb`.`ITEMS` (`item_number`, `ITEM`, `Features`, `Unique_Property`, `Gold_Cost`, `ITEM_TYPE_type_id`, `ITEM_FUNCTİON_function_id`) VALUES (65, 'Lich Bane', 'Add 80 Ability Power, 5% Movement Speed and 250 Mana', 'After using an ability, the next basic attack deals 75% Base Attack Damage (+50% of Ability Power) bonus magic damage on hit (1.5 second cooldown).', 3000, 2, 3);
INSERT INTO `mydb`.`ITEMS` (`item_number`, `ITEM`, `Features`, `Unique_Property`, `Gold_Cost`, `ITEM_TYPE_type_id`, `ITEM_FUNCTİON_function_id`) VALUES (66, 'Locket of the Iron Solari', 'Add 400 Health, 20 Magic Resistance and 10% Cooldown Reduction', 'Grants a shield to nearby allies for 5 seconds that absorbs up to 50 (+10 per level) damage (60 second cooldown). Grants nearby allies +20 Magic Resist and +75% Base Health Regen.', 2800, 2, 2);
INSERT INTO `mydb`.`ITEMS` (`item_number`, `ITEM`, `Features`, `Unique_Property`, `Gold_Cost`, `ITEM_TYPE_type_id`, `ITEM_FUNCTİON_function_id`) VALUES (67, 'Long Sword', 'Add 10 Attack Damage', 'N/A', 360, 1, 1);
INSERT INTO `mydb`.`ITEMS` (`item_number`, `ITEM`, `Features`, `Unique_Property`, `Gold_Cost`, `ITEM_TYPE_type_id`, `ITEM_FUNCTİON_function_id`) VALUES (68, 'Madred s Razors', 'Add 15% Attack Speed', 'Basic attacks against monsters deal 50 bonus magic damage and heal 8 Health on hit.', 750, 2, 1);
INSERT INTO `mydb`.`ITEMS` (`item_number`, `ITEM`, `Features`, `Unique_Property`, `Gold_Cost`, `ITEM_TYPE_type_id`, `ITEM_FUNCTİON_function_id`) VALUES (69, 'Mana Potion', 'N/A', 'Click to Consume: Restores 100 Mana over 15 seconds.', 35, 1, 3);
INSERT INTO `mydb`.`ITEMS` (`item_number`, `ITEM`, `Features`, `Unique_Property`, `Gold_Cost`, `ITEM_TYPE_type_id`, `ITEM_FUNCTİON_function_id`) VALUES (70, 'Manamune', 'Add 25 Attack Damage, 250 Mana and 25% Base Mana Regen', 'Grants bonus Attack Damage equal to 2% of maximum Mana. Grants +4 maximum Mana (max +750 Mana) for each basic attack, spell cast, and Mana expenditure (occurs up to 2 times every 8 seconds).', 2200, 2, 1);
INSERT INTO `mydb`.`ITEMS` (`item_number`, `ITEM`, `Features`, `Unique_Property`, `Gold_Cost`, `ITEM_TYPE_type_id`, `ITEM_FUNCTİON_function_id`) VALUES (71, 'Maw of Malmortius', 'Add 60 Attack Damage and 40 Magic Resist', 'Grants +1 Attack Damage for every 2% of missing Health, up to a maximum of 35 Attack Damage. Upon taking magic damage that would reduce Health below 30%, grants a shield that absorbs 400 magic damage for 5 seconds (90 second cooldown).', 3200, 2, 1);
INSERT INTO `mydb`.`ITEMS` (`item_number`, `ITEM`, `Features`, `Unique_Property`, `Gold_Cost`, `ITEM_TYPE_type_id`, `ITEM_FUNCTİON_function_id`) VALUES (72, 'Mejai s Soulstealer', 'Add 20 Ability Power', 'Grants +8 Ability Power per stack and 5 stacks upon first purchase. Grants 2 stacks for a kill or 1 stack for an assist (max 20 stacks). Half of the stacks are lost upon death. At 20 stacks, grants +15% Cooldown Reduction.', 1400, 2, 3);
INSERT INTO `mydb`.`ITEMS` (`item_number`, `ITEM`, `Features`, `Unique_Property`, `Gold_Cost`, `ITEM_TYPE_type_id`, `ITEM_FUNCTİON_function_id`) VALUES (73, 'Mercurial Scimitar', 'Add 80 Attack Damage and 35 Magic Resist', 'Removes all debuffs and also grants +50% bonus Movement Speed for 1 second (90 second cooldown).', 3700, 2, 1);
INSERT INTO `mydb`.`ITEMS` (`item_number`, `ITEM`, `Features`, `Unique_Property`, `Gold_Cost`, `ITEM_TYPE_type_id`, `ITEM_FUNCTİON_function_id`) VALUES (74, 'Mercury s Treads', 'Add 25 Magic Resist and 50% Base Mana Regen', 'Add 45 Movement Speed. Reduces the duration of stuns, slows, taunts, fears, silences, blinds, polymorphs, and immobilizes by 35%.', 1200, 2, 4);
INSERT INTO `mydb`.`ITEMS` (`item_number`, `ITEM`, `Features`, `Unique_Property`, `Gold_Cost`, `ITEM_TYPE_type_id`, `ITEM_FUNCTİON_function_id`) VALUES (75, 'Mikael s Crucible', 'Add 40 Magic Resist, 10% Cooldown Reduction and 100% Base Mana Regen', 'Restores 2% of missing Mana every 5 seconds. Removes all stuns, roots, taunts, fears, silences, and slows on an allied champion and heals that champion for 150 (+10% of maximum Health) (180 second cooldown).', 2450, 2, 3);
INSERT INTO `mydb`.`ITEMS` (`item_number`, `ITEM`, `Features`, `Unique_Property`, `Gold_Cost`, `ITEM_TYPE_type_id`, `ITEM_FUNCTİON_function_id`) VALUES (76, 'Morellonomicon', 'Add 80 Ability Power, 20% Cooldown Reduction and 100% Base Mana Regen', 'Dealing magic damage to enemy champions below 40% Health inflicts Grievous Wounds for 4 seconds.', 2300, 2, 3);
INSERT INTO `mydb`.`ITEMS` (`item_number`, `ITEM`, `Features`, `Unique_Property`, `Gold_Cost`, `ITEM_TYPE_type_id`, `ITEM_FUNCTİON_function_id`) VALUES (77, 'Muramana', 'Add 25 Attack Damage, 1000 Mana and 25% Base Mana Regen', 'Grants bonus Attack Damage equal to 2% of maximum Mana. Single target spells and attacks (on hit) consume 3% of current Mana to deal bonus physical damage equal to twice the amount of Mana consumed.', 0, 2, 1);
INSERT INTO `mydb`.`ITEMS` (`item_number`, `ITEM`, `Features`, `Unique_Property`, `Gold_Cost`, `ITEM_TYPE_type_id`, `ITEM_FUNCTİON_function_id`) VALUES (78, 'Nashor s Tooth', 'Add 50% Attack Speed and 60 Ability Power', 'Add 20% Cooldown Reduction.  Basic attacks deal 15 (+15% of Ability Power) bonus magic damage on hit.', 2920, 2, 3);
INSERT INTO `mydb`.`ITEMS` (`item_number`, `ITEM`, `Features`, `Unique_Property`, `Gold_Cost`, `ITEM_TYPE_type_id`, `ITEM_FUNCTİON_function_id`) VALUES (79, 'Needlessly Large Rod', 'Add 80 Ability Power', 'N/A', 1600, 1, 3);
INSERT INTO `mydb`.`ITEMS` (`item_number`, `ITEM`, `Features`, `Unique_Property`, `Gold_Cost`, `ITEM_TYPE_type_id`, `ITEM_FUNCTİON_function_id`) VALUES (80, 'Negatron Cloak', 'Add 45 Magic Resist', 'N/A', 850, 1, 2);
INSERT INTO `mydb`.`ITEMS` (`item_number`, `ITEM`, `Features`, `Unique_Property`, `Gold_Cost`, `ITEM_TYPE_type_id`, `ITEM_FUNCTİON_function_id`) VALUES (81, 'Ninja Tabi', 'Add 25 Armor', 'Blocks 10% of the damage from basic attacks. Add 45 Movement Speed.', 1000, 2, 4);
INSERT INTO `mydb`.`ITEMS` (`item_number`, `ITEM`, `Features`, `Unique_Property`, `Gold_Cost`, `ITEM_TYPE_type_id`, `ITEM_FUNCTİON_function_id`) VALUES (82, 'Nomad s Medallion', 'Add 25% Base Health Regen, 25% Base Mana Regen, 10 Movement Speed and 2 Gold per 10 Seconds', 'Being near a minion death without dealing the killing blow grants 3 Gold and 5 Health.', 865, 2, 5);
INSERT INTO `mydb`.`ITEMS` (`item_number`, `ITEM`, `Features`, `Unique_Property`, `Gold_Cost`, `ITEM_TYPE_type_id`, `ITEM_FUNCTİON_function_id`) VALUES (83, 'Null-Magic Mantle', 'Add 25 Magic Resist', 'N/A', 500, 1, 2);
INSERT INTO `mydb`.`ITEMS` (`item_number`, `ITEM`, `Features`, `Unique_Property`, `Gold_Cost`, `ITEM_TYPE_type_id`, `ITEM_FUNCTİON_function_id`) VALUES (84, 'Ohmwrecker', 'Add 300 Health, 50 Armor, 100% Base Health Regen and 10% Cooldown Reduction', 'Prevents nearby enemy turrets from attacking for 3 seconds (120 second cooldown). This effect cannot be used against the same turret more than once every 8 seconds. Builds up to +30% Movement Speed over 2 seconds while near turrets.', 2600, 2, 2);
INSERT INTO `mydb`.`ITEMS` (`item_number`, `ITEM`, `Features`, `Unique_Property`, `Gold_Cost`, `ITEM_TYPE_type_id`, `ITEM_FUNCTİON_function_id`) VALUES (85, 'Oracle s Lens', 'N/A', 'Reveals and disables nearby invisible traps and invisible wards for 6 seconds in a medium radius and grants detection of nearby invisible units for 10 seconds (75 second cooldown).', 475, 3, 6);
INSERT INTO `mydb`.`ITEMS` (`item_number`, `ITEM`, `Features`, `Unique_Property`, `Gold_Cost`, `ITEM_TYPE_type_id`, `ITEM_FUNCTİON_function_id`) VALUES (86, 'Phage', 'Add 200 Health and 20 Attack Damage', 'Basic attacks grant 20 Movement Speed for 2 seconds. Kills grant 60 Movement Speed instead. This Movement Speed bonus is halved for ranged champions.', 1325, 2, 1);
INSERT INTO `mydb`.`ITEMS` (`item_number`, `ITEM`, `Features`, `Unique_Property`, `Gold_Cost`, `ITEM_TYPE_type_id`, `ITEM_FUNCTİON_function_id`) VALUES (87, 'Phantom Dancer', 'Add 50% Attack Speed, 35% Critical Strike Chance and 5% Movement Speed', 'Champion can move through units.', 2800, 2, 1);
INSERT INTO `mydb`.`ITEMS` (`item_number`, `ITEM`, `Features`, `Unique_Property`, `Gold_Cost`, `ITEM_TYPE_type_id`, `ITEM_FUNCTİON_function_id`) VALUES (88, 'Pickaxe', 'Add 25 Attack Damage', 'N/A', 875, 1, 1);
INSERT INTO `mydb`.`ITEMS` (`item_number`, `ITEM`, `Features`, `Unique_Property`, `Gold_Cost`, `ITEM_TYPE_type_id`, `ITEM_FUNCTİON_function_id`) VALUES (89, 'Poacher s Knife', 'Add 30 Bonus Gold per Large Monster Kill', 'When you Smite a large monster in the enemy jungle, you gain half a charge of Smite. If you kill that monster, you gain +20 bonus Gold, and you gain 175% increased Movement Speed decaying over 2 seconds. Deal 45 additional magic damage to monsters over 2 seconds and gain 10 Health Regen and 5 Mana Regen per second while in combat with monsters.', 850, 2, 5);
INSERT INTO `mydb`.`ITEMS` (`item_number`, `ITEM`, `Features`, `Unique_Property`, `Gold_Cost`, `ITEM_TYPE_type_id`, `ITEM_FUNCTİON_function_id`) VALUES (90, 'Quicksilver Sash', 'Add 30 Magic Resist', 'Removes all debuffs (90 second cooldown).', 1250, 2, 2);
INSERT INTO `mydb`.`ITEMS` (`item_number`, `ITEM`, `Features`, `Unique_Property`, `Gold_Cost`, `ITEM_TYPE_type_id`, `ITEM_FUNCTİON_function_id`) VALUES (91, 'Rabadon s Deathcap', 'Add 120 Ability Power', 'Increases Ability Power by 30%.', 3300, 2, 3);
INSERT INTO `mydb`.`ITEMS` (`item_number`, `ITEM`, `Features`, `Unique_Property`, `Gold_Cost`, `ITEM_TYPE_type_id`, `ITEM_FUNCTİON_function_id`) VALUES (92, 'Randuin s Omen', 'Add 500 Health and 70 Armor', 'When hit by basic attacks, reduces the attacker\'s Attack Speed by 15%. Slows the Movement Speed of nearby enemy units by 35% for 2 seconds (+1 second per 200 Armor and +1 second per 200 Magic Resist) (60 second cooldown).', 2850, 2, 2);
INSERT INTO `mydb`.`ITEMS` (`item_number`, `ITEM`, `Features`, `Unique_Property`, `Gold_Cost`, `ITEM_TYPE_type_id`, `ITEM_FUNCTİON_function_id`) VALUES (93, 'Ranger s Trailblazer', 'Add 30 Bonus Gold per Large Monster Kill', 'Smite deals damage in an area, dealing half damage to all monsters and enemy minions near the target and stuns them for 1.5 seconds. Casting Smite on a monster restores 15% of missing Health and Mana. Deal 45 additional magic damage to monsters over 2 seconds and gain 10 Health Regen and 5 Mana Regen per second while in combat with monsters.', 850, 2, 5);
INSERT INTO `mydb`.`ITEMS` (`item_number`, `ITEM`, `Features`, `Unique_Property`, `Gold_Cost`, `ITEM_TYPE_type_id`, `ITEM_FUNCTİON_function_id`) VALUES (94, 'Raptor Cloak', 'Add 30 Armor and 100% Base Health Regen', 'Builds up to +30% Movement Speed over 2 seconds while near turrets.', 1000, 2, 2);
INSERT INTO `mydb`.`ITEMS` (`item_number`, `ITEM`, `Features`, `Unique_Property`, `Gold_Cost`, `ITEM_TYPE_type_id`, `ITEM_FUNCTİON_function_id`) VALUES (95, 'Ravenous Hydra (Melee Only)', 'Add 75 Attack Damage, 100% Base Health Regen and 12% Life Steal', 'Life Steal applies to damage dealt by this item. Basic attacks deal 20% to 60% of total Attack Damage as bonus physical damage to enemies near the target on hit (enemies closest to the target take the most damage). Deals 60% to 100% of total Attack Damage as physical damage to nearby enemy units (closest enemies take the most damage) (10 second cooldown).', 3300, 2, 1);
INSERT INTO `mydb`.`ITEMS` (`item_number`, `ITEM`, `Features`, `Unique_Property`, `Gold_Cost`, `ITEM_TYPE_type_id`, `ITEM_FUNCTİON_function_id`) VALUES (96, 'Recurve Bow', 'Add 30% Attack Speed', 'N/A', 900, 1, 1);
INSERT INTO `mydb`.`ITEMS` (`item_number`, `ITEM`, `Features`, `Unique_Property`, `Gold_Cost`, `ITEM_TYPE_type_id`, `ITEM_FUNCTİON_function_id`) VALUES (97, 'Rejuvenation Bead', 'Add 50% Base Health Regen', 'N/A', 180, 1, 2);
INSERT INTO `mydb`.`ITEMS` (`item_number`, `ITEM`, `Features`, `Unique_Property`, `Gold_Cost`, `ITEM_TYPE_type_id`, `ITEM_FUNCTİON_function_id`) VALUES (98, 'Relic Shield', 'Add 75 Health', 'Melee basic attacks execute minions below 200 Health. Killing a minion heals the owner and the nearest allied champion for 40 Health and grants them kill Gold. These effects require a nearby allied champion. Recharges every 60 seconds. Max 2 charges.', 365, 1, 2);
INSERT INTO `mydb`.`ITEMS` (`item_number`, `ITEM`, `Features`, `Unique_Property`, `Gold_Cost`, `ITEM_TYPE_type_id`, `ITEM_FUNCTİON_function_id`) VALUES (99, 'Righteous Glory', 'Add 500 Health, 300 Mana and 100% Base Mana Regen', 'Upon leveling up, restores 150 Health and 200 Mana over 8 seconds. Grants +60% Movement Speed to nearby allies when moving towards enemies or enemy turrets for 3 seconds. After 3 seconds, a shockwave is emitted, slowing nearby enemy champion Movement Speed by 80% for 1 second(s) (60 second cooldown).', 2500, 2, 2);
INSERT INTO `mydb`.`ITEMS` (`item_number`, `ITEM`, `Features`, `Unique_Property`, `Gold_Cost`, `ITEM_TYPE_type_id`, `ITEM_FUNCTİON_function_id`) VALUES (100, 'Rod of Ages', 'Add 450 Health, 450 Mana and 60 Ability Power', 'Grants +20 Health, +20 Mana, and +2 Ability Power per stack (max +200 Health, +200 Mana, and +20 Ability Power). Grants 1 stack per minute (max 10 stacks). Upon leveling up, restores 150 Health and 200 Mana over 8 seconds.', 2800, 2, 3);
INSERT INTO `mydb`.`ITEMS` (`item_number`, `ITEM`, `Features`, `Unique_Property`, `Gold_Cost`, `ITEM_TYPE_type_id`, `ITEM_FUNCTİON_function_id`) VALUES (101, 'Ruby Crystal', 'Add 150 Health', 'N/A', 400, 1, 2);
INSERT INTO `mydb`.`ITEMS` (`item_number`, `ITEM`, `Features`, `Unique_Property`, `Gold_Cost`, `ITEM_TYPE_type_id`, `ITEM_FUNCTİON_function_id`) VALUES (102, 'Ruby Sightstone', 'Add 400 Health', 'Holds 5 charges and refills upon visiting the shop. Consumes a charge to place a Stealth Ward that reveals the surrounding area for 3 minutes. A player may only have 3 Stealth Wards on the map at one time.', 1600, 2, 6);
INSERT INTO `mydb`.`ITEMS` (`item_number`, `ITEM`, `Features`, `Unique_Property`, `Gold_Cost`, `ITEM_TYPE_type_id`, `ITEM_FUNCTİON_function_id`) VALUES (103, 'Runaan s Hurricane (Ranged Only)', 'Add %70 Attack Speed', 'When basic attacking, bolts are fired at up to 2 enemies near the target, each dealing 10 (+50% of Attack Damage) physical damage. These bolts apply on-hit effects.', 2400, 2, 1);
INSERT INTO `mydb`.`ITEMS` (`item_number`, `ITEM`, `Features`, `Unique_Property`, `Gold_Cost`, `ITEM_TYPE_type_id`, `ITEM_FUNCTİON_function_id`) VALUES (104, 'Rylai s Crystal Scepter', 'Add 400 Health and 100 Ability Power', 'Dealing spell damage slows the target\'s Movement Speed by 35% for 1.5 seconds (15% for multi-target and damage-over-time spells).', 2900, 2, 3);
INSERT INTO `mydb`.`ITEMS` (`item_number`, `ITEM`, `Features`, `Unique_Property`, `Gold_Cost`, `ITEM_TYPE_type_id`, `ITEM_FUNCTİON_function_id`) VALUES (105, 'Sapphire Crystal', 'Add 200 Mana', 'N/A', 400, 1, 3);
INSERT INTO `mydb`.`ITEMS` (`item_number`, `ITEM`, `Features`, `Unique_Property`, `Gold_Cost`, `ITEM_TYPE_type_id`, `ITEM_FUNCTİON_function_id`) VALUES (106, 'Scrying Orb', 'N/A', 'Reveals a small location within 2500 range for 2 seconds. Enemy champions found will be revealed for 5 seconds (120 second cooldown).', 0, 3, 6);
INSERT INTO `mydb`.`ITEMS` (`item_number`, `ITEM`, `Features`, `Unique_Property`, `Gold_Cost`, `ITEM_TYPE_type_id`, `ITEM_FUNCTİON_function_id`) VALUES (107, 'Seeker s Armguard', 'Add 30 Armor and 25 Ability Power', 'Killing a unit grants 0.5 bonus Armor and Ability Power. This bonus stacks up to 30 times.', 1200, 2, 3);
INSERT INTO `mydb`.`ITEMS` (`item_number`, `ITEM`, `Features`, `Unique_Property`, `Gold_Cost`, `ITEM_TYPE_type_id`, `ITEM_FUNCTİON_function_id`) VALUES (108, 'Seraph s Embrace', 'Add 60 Ability Power, 1000 Mana and 50% Base Mana Regen', 'Grants Ability Power equal to 3% of maximum Mana. Consumes 20% of current Mana to grant a shield for 3 seconds that absorbs damage equal to 150 plus the amount of Mana consumed (120 second cooldown).', 0, 2, 3);
INSERT INTO `mydb`.`ITEMS` (`item_number`, `ITEM`, `Features`, `Unique_Property`, `Gold_Cost`, `ITEM_TYPE_type_id`, `ITEM_FUNCTİON_function_id`) VALUES (109, 'Sheen', 'Add 25 Ability Power and 200 Mana', 'After using an ability, the next basic attack deals bonus physical damage equal to 100% base Attack Damage on hit (1.5 second cooldown).', 1200, 2, 3);
INSERT INTO `mydb`.`ITEMS` (`item_number`, `ITEM`, `Features`, `Unique_Property`, `Gold_Cost`, `ITEM_TYPE_type_id`, `ITEM_FUNCTİON_function_id`) VALUES (110, 'Sightstone', 'Add 150 Health', 'Holds 4 charges and refills upon visiting the shop. Consumes a charge to place a Stealth Ward that reveals the surrounding area for 3 minutes. A player may only have 3 Stealth Wards on the map at one time.', 800, 2, 6);
INSERT INTO `mydb`.`ITEMS` (`item_number`, `ITEM`, `Features`, `Unique_Property`, `Gold_Cost`, `ITEM_TYPE_type_id`, `ITEM_FUNCTİON_function_id`) VALUES (111, 'Skirmisher s Sabre', 'Add 30 Bonus Gold per Large Monster Kill', 'Smite can be cast on enemy champions, marking them for 6 seconds. While marked, basic attacks deal true damage over 3 seconds, you have vision of them, and their damage to you is reduced by 20%. Deal 45 additional magic damage to monsters over 2 seconds and gain 10 Health Regen and 5 Mana Regen per second while in combat with monsters.', 850, 2, 5);
INSERT INTO `mydb`.`ITEMS` (`item_number`, `ITEM`, `Features`, `Unique_Property`, `Gold_Cost`, `ITEM_TYPE_type_id`, `ITEM_FUNCTİON_function_id`) VALUES (112, 'Sorcerer s Shoes', 'Add 15 Magic Penetration', 'Add 45 Movement Speed', 1100, 2, 4);
INSERT INTO `mydb`.`ITEMS` (`item_number`, `ITEM`, `Features`, `Unique_Property`, `Gold_Cost`, `ITEM_TYPE_type_id`, `ITEM_FUNCTİON_function_id`) VALUES (113, 'Spectre s Cowl', 'Add 200 Health and 35 Magic Resist', 'Grants 100% Base Health Regen for up to 10 seconds after taking damage from an enemy champion.', 1200, 2, 2);
INSERT INTO `mydb`.`ITEMS` (`item_number`, `ITEM`, `Features`, `Unique_Property`, `Gold_Cost`, `ITEM_TYPE_type_id`, `ITEM_FUNCTİON_function_id`) VALUES (114, 'Spellthief s Edge', 'Add 5 Ability Power, 2 Gold per 10 seconds and 25% Base Mana Regen', 'Spells and basic attacks against champions or buildings deal 10 additional damage and grant 5 Gold. This can occur up to three times every 30 seconds. Killing a minion disables this passive for 12 seconds.', 365, 1, 3);
INSERT INTO `mydb`.`ITEMS` (`item_number`, `ITEM`, `Features`, `Unique_Property`, `Gold_Cost`, `ITEM_TYPE_type_id`, `ITEM_FUNCTİON_function_id`) VALUES (115, 'Spirit Visage', 'Add 400 Health, 55 Magic Resist, 100% Base Health Regen and 10% Cooldown Reduction', 'Increases self-healing, Health Regen, Lifesteal, and Spell Vamp effects by 20%.', 2750, 2, 2);
INSERT INTO `mydb`.`ITEMS` (`item_number`, `ITEM`, `Features`, `Unique_Property`, `Gold_Cost`, `ITEM_TYPE_type_id`, `ITEM_FUNCTİON_function_id`) VALUES (116, 'Stalker s Blade', 'Add 30 Bonus Gold per Large Monster Kill', 'Smite can be cast on enemy champions, dealing reduced true damage and stealing 20% movement speed for 2 seconds. Deal 45 additional magic damage to monsters over 2 seconds and gain 10 Health Regen and 5 Mana Regen per second while in combat with monsters.', 850, 2, 5);
INSERT INTO `mydb`.`ITEMS` (`item_number`, `ITEM`, `Features`, `Unique_Property`, `Gold_Cost`, `ITEM_TYPE_type_id`, `ITEM_FUNCTİON_function_id`) VALUES (117, 'Statikk Shiv', 'Add 40% Attack Speed, 20% Critical Strike Chance and 6% Movement Speed', 'Grants Static Charges upon moving or attacking. At 100 Charges, basic attacking expends all Charges to deal 100 bonus magic damage to up to 4 targets on hit (this damage can critically strike).', 2500, 2, 1);
INSERT INTO `mydb`.`ITEMS` (`item_number`, `ITEM`, `Features`, `Unique_Property`, `Gold_Cost`, `ITEM_TYPE_type_id`, `ITEM_FUNCTİON_function_id`) VALUES (118, 'Stealth Ward', 'N/A', 'Click to Consume: Places an invisible ward that reveals the surrounding area for 3 minutes. Limit 3 Stealth Wards on the map per player.', 75, 1, 6);
INSERT INTO `mydb`.`ITEMS` (`item_number`, `ITEM`, `Features`, `Unique_Property`, `Gold_Cost`, `ITEM_TYPE_type_id`, `ITEM_FUNCTİON_function_id`) VALUES (119, 'Stinger', 'Add 40% Attack Speed', 'Add 10% Cooldown Reduction', 1250, 2, 1);
INSERT INTO `mydb`.`ITEMS` (`item_number`, `ITEM`, `Features`, `Unique_Property`, `Gold_Cost`, `ITEM_TYPE_type_id`, `ITEM_FUNCTİON_function_id`) VALUES (120, 'Sunfire Cape', 'Add 450 Health and 45 Armor', 'Deals 25 (+1 per champion level) magic damage per second to nearby enemies.', 2600, 2, 2);
INSERT INTO `mydb`.`ITEMS` (`item_number`, `ITEM`, `Features`, `Unique_Property`, `Gold_Cost`, `ITEM_TYPE_type_id`, `ITEM_FUNCTİON_function_id`) VALUES (121, 'Sweeping Lens', 'N/A', 'Reveals and disables nearby invisible traps and invisible wards for 6 seconds in a small radius (120 second cooldown).', 0, 3, 6);
INSERT INTO `mydb`.`ITEMS` (`item_number`, `ITEM`, `Features`, `Unique_Property`, `Gold_Cost`, `ITEM_TYPE_type_id`, `ITEM_FUNCTİON_function_id`) VALUES (122, 'Sword of the Occult', 'Add 10 Attack Damage', 'Grants +5 Attack Damage per stack and 5 stacks upon first purchase. Grants 2 stacks for a kill or 1 stack for an assist (max 20 stacks). Half of the stacks are lost upon death. At 20 stacks, grants +20% bonus Attack Speed.', 1400, 2, 1);
INSERT INTO `mydb`.`ITEMS` (`item_number`, `ITEM`, `Features`, `Unique_Property`, `Gold_Cost`, `ITEM_TYPE_type_id`, `ITEM_FUNCTİON_function_id`) VALUES (123, 'Talisman of Ascension', 'Add 100% Base Health Regen, 100% Base Mana Regen, 20 Movement Speed, 10% Cooldown Reduction and 2 Gold per 10 seconds', 'Being near a minion death without dealing the killing blow grants 3 Gold and 10 Health. Grants nearby allies +40% Movement Speed for 3 seconds (60 second cooldown).', 2100, 2, 3);
INSERT INTO `mydb`.`ITEMS` (`item_number`, `ITEM`, `Features`, `Unique_Property`, `Gold_Cost`, `ITEM_TYPE_type_id`, `ITEM_FUNCTİON_function_id`) VALUES (124, 'Targon s Brace', 'Add 175 Health and 50% Base Health Regen', 'Melee basic attacks execute minions below 240 Health. Killing a minion heals the owner and the nearest allied champion for 50 Health and grants them kill Gold. These effects require a nearby allied champion. Recharges every 30 seconds. Max 3 charges.', 865, 2, 2);
INSERT INTO `mydb`.`ITEMS` (`item_number`, `ITEM`, `Features`, `Unique_Property`, `Gold_Cost`, `ITEM_TYPE_type_id`, `ITEM_FUNCTİON_function_id`) VALUES (125, 'Tear of the Goddess', 'Add 250 Mana and 25% Base Mana Regen', 'Grants 4 maximum Mana on spell cast or Mana expenditure (up to 2 times per 8 seconds). Grants 1 maximum Mana every 8 seconds. Caps at +750 Mana.', 720, 2, 3);
INSERT INTO `mydb`.`ITEMS` (`item_number`, `ITEM`, `Features`, `Unique_Property`, `Gold_Cost`, `ITEM_TYPE_type_id`, `ITEM_FUNCTİON_function_id`) VALUES (126, 'The Black Cleaver', 'Add 200 Health, 50 Attack Damage and 10% Cooldown Reduction', 'Add 10 Armor Penetration. Dealing physical damage to an enemy champion reduces their Armor by 5% for 4 seconds (stacks up to 5 times, up to 25%).', 3000, 2, 1);
INSERT INTO `mydb`.`ITEMS` (`item_number`, `ITEM`, `Features`, `Unique_Property`, `Gold_Cost`, `ITEM_TYPE_type_id`, `ITEM_FUNCTİON_function_id`) VALUES (127, 'The Bloodthirster', 'Add 80 Attack Damage', 'Add 20% Life Steal. Your basic attacks can now overheal you. Excess life is stored as a shield that can block 50-350 damage, based on champion level. This shield decays slowly if you haven\'t dealt or taken damage in the last 25 seconds.', 3500, 2, 1);
INSERT INTO `mydb`.`ITEMS` (`item_number`, `ITEM`, `Features`, `Unique_Property`, `Gold_Cost`, `ITEM_TYPE_type_id`, `ITEM_FUNCTİON_function_id`) VALUES (128, 'The Brutalizer', 'Add 25 Attack Damage', 'Add 10% Cooldown Reduction and 10% Armor Penetration.', 1337, 2, 1);
INSERT INTO `mydb`.`ITEMS` (`item_number`, `ITEM`, `Features`, `Unique_Property`, `Gold_Cost`, `ITEM_TYPE_type_id`, `ITEM_FUNCTİON_function_id`) VALUES (129, 'Thornmail', 'Add 100 Armor', 'Upon being hit by a basic attack, returns 30% of the incoming damage (before being reduced by defenses) to the attacker as magic damage.', 2100, 2, 2);
INSERT INTO `mydb`.`ITEMS` (`item_number`, `ITEM`, `Features`, `Unique_Property`, `Gold_Cost`, `ITEM_TYPE_type_id`, `ITEM_FUNCTİON_function_id`) VALUES (130, 'Tiamat (Melee Only)', 'Add 40 Attack Damage and 100% Base Health Regen', 'Basic attacks deal 20% to 60% of total Attack Damage as bonus physical damage to enemies near the target on hit (enemies closest to the target take the most damage). Deals 60% to 100% of total Attack Damage as physical damage to nearby enemy units (closest enemies take the most damage) (10 second cooldown).', 1900, 2, 1);
INSERT INTO `mydb`.`ITEMS` (`item_number`, `ITEM`, `Features`, `Unique_Property`, `Gold_Cost`, `ITEM_TYPE_type_id`, `ITEM_FUNCTİON_function_id`) VALUES (131, 'Trinity Force', 'Add 30 Attack Damage, 30 Ability Power, 30% Attack Speed, 10% Critical Strike Chance, 8% Movement Speed, 250 Health and 200 Mana', 'Basic attacks grant 20 Movement Speed for 2 seconds. Kills grant 60 Movement Speed instead. This Movement Speed bonus is halved for ranged champions. After using an ability, the next basic attack deals bonus physical damage equal to 200% of base Attack Damage on hit (1.5 second cooldown).', 3703, 2, 1);
INSERT INTO `mydb`.`ITEMS` (`item_number`, `ITEM`, `Features`, `Unique_Property`, `Gold_Cost`, `ITEM_TYPE_type_id`, `ITEM_FUNCTİON_function_id`) VALUES (132, 'Twin Shadows', 'Add 80 Ability Power, 10% Cooldown Reduction and 6% Movement Speed', 'Summons up to 2 invulnerable ghosts that seek out the 2 nearest enemy champions for 6 seconds. If a ghost reaches its target, it reveals the target and reduces their Movement Speed by 40% for 2.5 seconds. If a ghost cannot find a target, it tries to return to the caster. Ghosts that successfully return in this way reduce the item\'s cooldown by 40 seconds (120 second cooldown).', 2400, 2, 3);
INSERT INTO `mydb`.`ITEMS` (`item_number`, `ITEM`, `Features`, `Unique_Property`, `Gold_Cost`, `ITEM_TYPE_type_id`, `ITEM_FUNCTİON_function_id`) VALUES (133, 'Vampiric Specter', 'Add 10 Attack Damage and 8% Life Steal', 'N/A', 800, 2, 1);
INSERT INTO `mydb`.`ITEMS` (`item_number`, `ITEM`, `Features`, `Unique_Property`, `Gold_Cost`, `ITEM_TYPE_type_id`, `ITEM_FUNCTİON_function_id`) VALUES (134, 'Vision Ward', 'N/A', 'Click to Consume: Places a visible ward that reveals the surrounding area and invisible units in the area until killed. Limit 1 Vision Ward on the map per player.', 100, 1, 6);
INSERT INTO `mydb`.`ITEMS` (`item_number`, `ITEM`, `Features`, `Unique_Property`, `Gold_Cost`, `ITEM_TYPE_type_id`, `ITEM_FUNCTİON_function_id`) VALUES (135, 'Void Staff', 'Add 70 Ability Power', 'Magic damage ignores 35% of the target\'s Magic Resist (applies before Magic Penetration).', 2295, 2, 3);
INSERT INTO `mydb`.`ITEMS` (`item_number`, `ITEM`, `Features`, `Unique_Property`, `Gold_Cost`, `ITEM_TYPE_type_id`, `ITEM_FUNCTİON_function_id`) VALUES (136, 'Warden s Mail', 'Add 45 Armor', 'When hit by basic attacks, reduces the attacker\'s Attack Speed by 15% for 1 seconds.', 1050, 2, 2);
INSERT INTO `mydb`.`ITEMS` (`item_number`, `ITEM`, `Features`, `Unique_Property`, `Gold_Cost`, `ITEM_TYPE_type_id`, `ITEM_FUNCTİON_function_id`) VALUES (137, 'Warding Totem', 'N/A', 'Places a Stealth Ward that lasts 60 seconds (120 second cooldown).', 0, 3, 6);
INSERT INTO `mydb`.`ITEMS` (`item_number`, `ITEM`, `Features`, `Unique_Property`, `Gold_Cost`, `ITEM_TYPE_type_id`, `ITEM_FUNCTİON_function_id`) VALUES (138, 'Warmog s Armor', 'Add 800 Health', 'Restores 1% of maximum Health every 5 seconds. Health restore increases to 3% of maximum Health if damage hasn\'t been taken within 8 seconds.', 2500, 2, 2);
INSERT INTO `mydb`.`ITEMS` (`item_number`, `ITEM`, `Features`, `Unique_Property`, `Gold_Cost`, `ITEM_TYPE_type_id`, `ITEM_FUNCTİON_function_id`) VALUES (139, 'Will of the Ancients', 'Add 80 Ability Power and 10% Cooldown Reduction', 'Add 20% Spell Vamp', 2500, 2, 3);
INSERT INTO `mydb`.`ITEMS` (`item_number`, `ITEM`, `Features`, `Unique_Property`, `Gold_Cost`, `ITEM_TYPE_type_id`, `ITEM_FUNCTİON_function_id`) VALUES (140, 'Wit s End', 'Add 50% Attack Speed and 30 Magic Resist', 'Basic attacks deal 42 bonus magic damage on hit. Basic attacks steal 5 Magic Resist from the target on hit (stacks up to 5 times.)', 2600, 2, 1);
INSERT INTO `mydb`.`ITEMS` (`item_number`, `ITEM`, `Features`, `Unique_Property`, `Gold_Cost`, `ITEM_TYPE_type_id`, `ITEM_FUNCTİON_function_id`) VALUES (141, 'Wriggle s Lantern', 'Add 12 Attack Damage and 30% Attack Speed', 'Basic attacks against monsters deal 75 bonus magic damage and heal 10 Health on hit. Gain 30% increased Gold from monsters. Places a Stealth Ward that reveals the surrounding area for 180 seconds (180 second cooldown).', 1775, 2, 1);
INSERT INTO `mydb`.`ITEMS` (`item_number`, `ITEM`, `Features`, `Unique_Property`, `Gold_Cost`, `ITEM_TYPE_type_id`, `ITEM_FUNCTİON_function_id`) VALUES (142, 'Youmuu s Ghostblade', 'Add 30 Attack Damage, 15% Critical Strike Chance and 10% Cooldown Reduction', 'Add 20 Armor Penetration. Grants +20% Movement Speed and +40% Attack Speed for 6 seconds (45 second cooldown).', 270, 2, 1);
INSERT INTO `mydb`.`ITEMS` (`item_number`, `ITEM`, `Features`, `Unique_Property`, `Gold_Cost`, `ITEM_TYPE_type_id`, `ITEM_FUNCTİON_function_id`) VALUES (143, 'Zeal', 'Add 20% Attack Speed, 10% Critical Strike Chance and 5% Movement Speed', 'N/A', 1100, 2, 1);
INSERT INTO `mydb`.`ITEMS` (`item_number`, `ITEM`, `Features`, `Unique_Property`, `Gold_Cost`, `ITEM_TYPE_type_id`, `ITEM_FUNCTİON_function_id`) VALUES (144, 'Zeke s Herald', 'Add 250 Health and 20% Cooldown Reduction', 'Grants allied champions +10% Life Steal and +20 Attack Damage.', 2450, 2, 1);
INSERT INTO `mydb`.`ITEMS` (`item_number`, `ITEM`, `Features`, `Unique_Property`, `Gold_Cost`, `ITEM_TYPE_type_id`, `ITEM_FUNCTİON_function_id`) VALUES (145, 'Zephyr', 'Add 25 Attack Damage, 50% Attack Speed, 10% Movement Speed and 10% Cooldown Reduction', 'Reduces the duration of stuns, slows, taunts, fears, silences, blinds, polymorphs, and immobilizes by 35%.', 2850, 2, 1);
INSERT INTO `mydb`.`ITEMS` (`item_number`, `ITEM`, `Features`, `Unique_Property`, `Gold_Cost`, `ITEM_TYPE_type_id`, `ITEM_FUNCTİON_function_id`) VALUES (146, 'Zhonya\'s Hourglass', 'Add 120 Ability Power and 50 Armor', 'Champion becomes invulnerable and untargetable for 2.5 seconds, but is unable to move, attack, cast spells, or use items during this time (90 second cooldown).', 3300, 2, 3);
INSERT INTO `mydb`.`ITEMS` (`item_number`, `ITEM`, `Features`, `Unique_Property`, `Gold_Cost`, `ITEM_TYPE_type_id`, `ITEM_FUNCTİON_function_id`) VALUES (147, 'Zz Rot Portal', 'Add 50 Armor, 50 Magic Resist and 100% Base Health Regen', 'Builds up to +30% Movement Speed over 2 seconds while near turrets or Void Gates. Spawns a Void Gate at target location for 150 seconds. Every 4 seconds the gate makes a Voidspawn that travels down the nearest lane. Voidspawn explodes when attacking structures. Voidspawn ignore champions and void targets (150 second cooldown).The first and every fourth Voidspawn gain 100% of Armor and Magic Resistance as damage.', 2800, 2, 2);

COMMIT;


-- -----------------------------------------------------
-- Data for table `mydb`.`SUMMONER_SPELL_TYPE`
-- -----------------------------------------------------
START TRANSACTION;
USE `mydb`;
INSERT INTO `mydb`.`SUMMONER_SPELL_TYPE` (`summoner_type_id`, `summoner_type_name`) VALUES (1, 'Defensive');
INSERT INTO `mydb`.`SUMMONER_SPELL_TYPE` (`summoner_type_id`, `summoner_type_name`) VALUES (2, 'Offensive');
INSERT INTO `mydb`.`SUMMONER_SPELL_TYPE` (`summoner_type_id`, `summoner_type_name`) VALUES (3, 'Utility');

COMMIT;


-- -----------------------------------------------------
-- Data for table `mydb`.`SUMMONER_SPELLS`
-- -----------------------------------------------------
START TRANSACTION;
USE `mydb`;
INSERT INTO `mydb`.`SUMMONER_SPELLS` (`Summoner_Spell`, `Required_Summoner_Level`, `Description`, `Cooldown`, `SUMMONER_SPELL_TYPE_summoner_type_id`) VALUES ('Barrier', 6, 'Shields your champion for 115-455 (depending on champion level) for 2 seconds.', 210, 1);
INSERT INTO `mydb`.`SUMMONER_SPELLS` (`Summoner_Spell`, `Required_Summoner_Level`, `Description`, `Cooldown`, `SUMMONER_SPELL_TYPE_summoner_type_id`) VALUES ('Clarity', 1, 'Restores 40% of your champion\'s maximum Mana. Also restores allies for 40% of their maximum Mana.', 180, 3);
INSERT INTO `mydb`.`SUMMONER_SPELLS` (`Summoner_Spell`, `Required_Summoner_Level`, `Description`, `Cooldown`, `SUMMONER_SPELL_TYPE_summoner_type_id`) VALUES ('Clairvoyance', 10, 'Reveals a small area of the map for your team for 5 seconds.', 60, 3);
INSERT INTO `mydb`.`SUMMONER_SPELLS` (`Summoner_Spell`, `Required_Summoner_Level`, `Description`, `Cooldown`, `SUMMONER_SPELL_TYPE_summoner_type_id`) VALUES ('Cleanse', 2, 'Removes all disables and summoner spell debuffs affecting your champion and lowers the duration of incoming disables by 65% for 3 seconds.', 210, 1);
INSERT INTO `mydb`.`SUMMONER_SPELLS` (`Summoner_Spell`, `Required_Summoner_Level`, `Description`, `Cooldown`, `SUMMONER_SPELL_TYPE_summoner_type_id`) VALUES ('Exhaust', 8, 'Exhausts target enemy champion, reducing their Movement Speed and Attack Speed by 30%, their Armor and Magic Resist by 10, and their damage dealt by 40% for 2.5 seconds.', 210, 2);
INSERT INTO `mydb`.`SUMMONER_SPELLS` (`Summoner_Spell`, `Required_Summoner_Level`, `Description`, `Cooldown`, `SUMMONER_SPELL_TYPE_summoner_type_id`) VALUES ('Flash', 12, 'Teleports your champion a short distance toward your cursor\'s location.', 300, 3);
INSERT INTO `mydb`.`SUMMONER_SPELLS` (`Summoner_Spell`, `Required_Summoner_Level`, `Description`, `Cooldown`, `SUMMONER_SPELL_TYPE_summoner_type_id`) VALUES ('Ghost', 1, 'Your champion can move through units and has 27% increased Movement Speed for 10 seconds.', 210, 2);
INSERT INTO `mydb`.`SUMMONER_SPELLS` (`Summoner_Spell`, `Required_Summoner_Level`, `Description`, `Cooldown`, `SUMMONER_SPELL_TYPE_summoner_type_id`) VALUES ('Heal', 1, 'Restores 90-345 Health (depending on champion level) and grants 30% Movement Speed for 1 second to you and target allied champion. This healing is halved for units recently affected by Summoner Heal.', 240, 1);
INSERT INTO `mydb`.`SUMMONER_SPELLS` (`Summoner_Spell`, `Required_Summoner_Level`, `Description`, `Cooldown`, `SUMMONER_SPELL_TYPE_summoner_type_id`) VALUES ('Ignite', 8, 'Ignites target enemy champion, dealing 70-410 true damage (depending on champion level) over 5 seconds, grants you vision of the target, and reduces healing effects on them for the duration.', 210, 2);
INSERT INTO `mydb`.`SUMMONER_SPELLS` (`Summoner_Spell`, `Required_Summoner_Level`, `Description`, `Cooldown`, `SUMMONER_SPELL_TYPE_summoner_type_id`) VALUES ('Smite', 3, 'Deals 390-1000 true damage (depending on champion level) to target epic or large monster or enemy minion.', 70, 1);
INSERT INTO `mydb`.`SUMMONER_SPELLS` (`Summoner_Spell`, `Required_Summoner_Level`, `Description`, `Cooldown`, `SUMMONER_SPELL_TYPE_summoner_type_id`) VALUES ('Teleport', 2, 'After channeling for 3.5 seconds, teleports your champion to target allied structure, minion, or ward.', 300, 3);
INSERT INTO `mydb`.`SUMMONER_SPELLS` (`Summoner_Spell`, `Required_Summoner_Level`, `Description`, `Cooldown`, `SUMMONER_SPELL_TYPE_summoner_type_id`) VALUES ('Recall', 1, 'Recall causes champions to hard channel for 8 seconds, if the channel is not interrupted the champion will be teleported to their team\'s base', 0, 3);

COMMIT;


-- -----------------------------------------------------
-- Data for table `mydb`.`SUMMONER_REGION`
-- -----------------------------------------------------
START TRANSACTION;
USE `mydb`;
INSERT INTO `mydb`.`SUMMONER_REGION` (`summoner_region_id`, `summoner_region_name`) VALUES (1, 'Asia');
INSERT INTO `mydb`.`SUMMONER_REGION` (`summoner_region_id`, `summoner_region_name`) VALUES (2, 'Brazil');
INSERT INTO `mydb`.`SUMMONER_REGION` (`summoner_region_id`, `summoner_region_name`) VALUES (3, 'Europe Nordic & East');
INSERT INTO `mydb`.`SUMMONER_REGION` (`summoner_region_id`, `summoner_region_name`) VALUES (4, 'Europe West');
INSERT INTO `mydb`.`SUMMONER_REGION` (`summoner_region_id`, `summoner_region_name`) VALUES (5, 'Latin America North');
INSERT INTO `mydb`.`SUMMONER_REGION` (`summoner_region_id`, `summoner_region_name`) VALUES (6, 'Latin America South');
INSERT INTO `mydb`.`SUMMONER_REGION` (`summoner_region_id`, `summoner_region_name`) VALUES (7, 'North America');
INSERT INTO `mydb`.`SUMMONER_REGION` (`summoner_region_id`, `summoner_region_name`) VALUES (8, 'Oceania');
INSERT INTO `mydb`.`SUMMONER_REGION` (`summoner_region_id`, `summoner_region_name`) VALUES (9, 'Russia');
INSERT INTO `mydb`.`SUMMONER_REGION` (`summoner_region_id`, `summoner_region_name`) VALUES (10, 'Turkey');

COMMIT;


-- -----------------------------------------------------
-- Data for table `mydb`.`SUMMONER_CHOSEN_LOCATION`
-- -----------------------------------------------------
START TRANSACTION;
USE `mydb`;
INSERT INTO `mydb`.`SUMMONER_CHOSEN_LOCATION` (`summoners_chosen_location_id`, `summoners_chosen_location_name`) VALUES (1, 'Bottom');
INSERT INTO `mydb`.`SUMMONER_CHOSEN_LOCATION` (`summoners_chosen_location_id`, `summoners_chosen_location_name`) VALUES (2, 'Jungle');
INSERT INTO `mydb`.`SUMMONER_CHOSEN_LOCATION` (`summoners_chosen_location_id`, `summoners_chosen_location_name`) VALUES (3, 'Mid');
INSERT INTO `mydb`.`SUMMONER_CHOSEN_LOCATION` (`summoners_chosen_location_id`, `summoners_chosen_location_name`) VALUES (4, 'Top');

COMMIT;


-- -----------------------------------------------------
-- Data for table `mydb`.`SUMMONER_PEAK_LEAGUE`
-- -----------------------------------------------------
START TRANSACTION;
USE `mydb`;
INSERT INTO `mydb`.`SUMMONER_PEAK_LEAGUE` (`summoner_league_id`, `summoner_peak_league_name`) VALUES (1, 'Bronze');
INSERT INTO `mydb`.`SUMMONER_PEAK_LEAGUE` (`summoner_league_id`, `summoner_peak_league_name`) VALUES (2, 'Challenger');
INSERT INTO `mydb`.`SUMMONER_PEAK_LEAGUE` (`summoner_league_id`, `summoner_peak_league_name`) VALUES (3, 'Diamond');
INSERT INTO `mydb`.`SUMMONER_PEAK_LEAGUE` (`summoner_league_id`, `summoner_peak_league_name`) VALUES (4, 'Gold');
INSERT INTO `mydb`.`SUMMONER_PEAK_LEAGUE` (`summoner_league_id`, `summoner_peak_league_name`) VALUES (5, 'Platinum');
INSERT INTO `mydb`.`SUMMONER_PEAK_LEAGUE` (`summoner_league_id`, `summoner_peak_league_name`) VALUES (6, 'Silver');

COMMIT;


-- -----------------------------------------------------
-- Data for table `mydb`.`SUMMONERS`
-- -----------------------------------------------------
START TRANSACTION;
USE `mydb`;
INSERT INTO `mydb`.`SUMMONERS` (`Summoners_Nickname`, `Summoners_Real_Name`, `Nationality`, `Year_of_Birth`, `Clan`, `SUMMONER_REGION_summoner_region_id`, `SUMMONER_CHOSEN_LOCATION_summoners_chosen_location_id`, `SUMMONER_PEAK_LEAGUE_summoner_league_id1`) VALUES ('Amazing', 'Maurice Stückenschneider', 'German', 1994, 'Origen', 4, 2, 2);
INSERT INTO `mydb`.`SUMMONERS` (`Summoners_Nickname`, `Summoners_Real_Name`, `Nationality`, `Year_of_Birth`, `Clan`, `SUMMONER_REGION_summoner_region_id`, `SUMMONER_CHOSEN_LOCATION_summoners_chosen_location_id`, `SUMMONER_PEAK_LEAGUE_summoner_league_id1`) VALUES ('Archie', 'Vyacheslav Egorov', 'Russian', 1993, 'Moscow Five', 9, 1, 2);
INSERT INTO `mydb`.`SUMMONERS` (`Summoners_Nickname`, `Summoners_Real_Name`, `Nationality`, `Year_of_Birth`, `Clan`, `SUMMONER_REGION_summoner_region_id`, `SUMMONER_CHOSEN_LOCATION_summoners_chosen_location_id`, `SUMMONER_PEAK_LEAGUE_summoner_league_id1`) VALUES ('Archive', 'Eren Vural', 'Turkish', 1993, 'Valholl', 10, 1, 4);
INSERT INTO `mydb`.`SUMMONERS` (`Summoners_Nickname`, `Summoners_Real_Name`, `Nationality`, `Year_of_Birth`, `Clan`, `SUMMONER_REGION_summoner_region_id`, `SUMMONER_CHOSEN_LOCATION_summoners_chosen_location_id`, `SUMMONER_PEAK_LEAGUE_summoner_league_id1`) VALUES ('BalIs', 'An Le', 'American', 1994, 'Cloud 9', 7, 4, 2);
INSERT INTO `mydb`.`SUMMONERS` (`Summoners_Nickname`, `Summoners_Real_Name`, `Nationality`, `Year_of_Birth`, `Clan`, `SUMMONER_REGION_summoner_region_id`, `SUMMONER_CHOSEN_LOCATION_summoners_chosen_location_id`, `SUMMONER_PEAK_LEAGUE_summoner_league_id1`) VALUES ('Bebe', 'Cheng Bo Wei', 'Taiwanese', 1991, 'Assassin Sniper', 1, 1, 2);
INSERT INTO `mydb`.`SUMMONERS` (`Summoners_Nickname`, `Summoners_Real_Name`, `Nationality`, `Year_of_Birth`, `Clan`, `SUMMONER_REGION_summoner_region_id`, `SUMMONER_CHOSEN_LOCATION_summoners_chosen_location_id`, `SUMMONER_PEAK_LEAGUE_summoner_league_id1`) VALUES ('Bjergsen', 'Søren Bjerg', 'Danish', 1996, 'Team SoloMid', 7, 3, 2);
INSERT INTO `mydb`.`SUMMONERS` (`Summoners_Nickname`, `Summoners_Real_Name`, `Nationality`, `Year_of_Birth`, `Clan`, `SUMMONER_REGION_summoner_region_id`, `SUMMONER_CHOSEN_LOCATION_summoners_chosen_location_id`, `SUMMONER_PEAK_LEAGUE_summoner_league_id1`) VALUES ('Claire', 'Brandon Nguyen', 'Australian', 1997, 'Team Immunity 2', 8, 3, 2);
INSERT INTO `mydb`.`SUMMONERS` (`Summoners_Nickname`, `Summoners_Real_Name`, `Nationality`, `Year_of_Birth`, `Clan`, `SUMMONER_REGION_summoner_region_id`, `SUMMONER_CHOSEN_LOCATION_summoners_chosen_location_id`, `SUMMONER_PEAK_LEAGUE_summoner_league_id1`) VALUES ('Crystal M', 'Atakan Aydın', 'Turkish', 1993, 'Dark Passage', 10, 2, 2);
INSERT INTO `mydb`.`SUMMONERS` (`Summoners_Nickname`, `Summoners_Real_Name`, `Nationality`, `Year_of_Birth`, `Clan`, `SUMMONER_REGION_summoner_region_id`, `SUMMONER_CHOSEN_LOCATION_summoners_chosen_location_id`, `SUMMONER_PEAK_LEAGUE_summoner_league_id1`) VALUES ('dade', 'Bae Eo-Jin', 'South Korean', 1995, 'Master3', 1, 3, 2);
INSERT INTO `mydb`.`SUMMONERS` (`Summoners_Nickname`, `Summoners_Real_Name`, `Nationality`, `Year_of_Birth`, `Clan`, `SUMMONER_REGION_summoner_region_id`, `SUMMONER_CHOSEN_LOCATION_summoners_chosen_location_id`, `SUMMONER_PEAK_LEAGUE_summoner_league_id1`) VALUES ('Dandy', 'Choi In-kyu', 'South Korean', 1996, 'Vici Stand Gaming', 1, 2, 2);
INSERT INTO `mydb`.`SUMMONERS` (`Summoners_Nickname`, `Summoners_Real_Name`, `Nationality`, `Year_of_Birth`, `Clan`, `SUMMONER_REGION_summoner_region_id`, `SUMMONER_CHOSEN_LOCATION_summoners_chosen_location_id`, `SUMMONER_PEAK_LEAGUE_summoner_league_id1`) VALUES ('Dioud', 'Hugo Padioleau', 'French', 1993, 'paiN Gaming', 2, 1, 2);
INSERT INTO `mydb`.`SUMMONERS` (`Summoners_Nickname`, `Summoners_Real_Name`, `Nationality`, `Year_of_Birth`, `Clan`, `SUMMONER_REGION_summoner_region_id`, `SUMMONER_CHOSEN_LOCATION_summoners_chosen_location_id`, `SUMMONER_PEAK_LEAGUE_summoner_league_id1`) VALUES ('Dumbledoge', 'Mustafa Kemal Gökseloğlu', 'Turkish', 1992, 'Beşiktaş e-Sports Club', 10, 1, 2);
INSERT INTO `mydb`.`SUMMONERS` (`Summoners_Nickname`, `Summoners_Real_Name`, `Nationality`, `Year_of_Birth`, `Clan`, `SUMMONER_REGION_summoner_region_id`, `SUMMONER_CHOSEN_LOCATION_summoners_chosen_location_id`, `SUMMONER_PEAK_LEAGUE_summoner_league_id1`) VALUES ('Dyrus', 'Marcus Hill', 'American', 1992, 'Team SoloMid', 7, 4, 2);
INSERT INTO `mydb`.`SUMMONERS` (`Summoners_Nickname`, `Summoners_Real_Name`, `Nationality`, `Year_of_Birth`, `Clan`, `SUMMONER_REGION_summoner_region_id`, `SUMMONER_CHOSEN_LOCATION_summoners_chosen_location_id`, `SUMMONER_PEAK_LEAGUE_summoner_league_id1`) VALUES ('Elwind', 'Kaan Atıcı', 'Turkish', 1993, 'Dark Passage', 10, 4, 2);
INSERT INTO `mydb`.`SUMMONERS` (`Summoners_Nickname`, `Summoners_Real_Name`, `Nationality`, `Year_of_Birth`, `Clan`, `SUMMONER_REGION_summoner_region_id`, `SUMMONER_CHOSEN_LOCATION_summoners_chosen_location_id`, `SUMMONER_PEAK_LEAGUE_summoner_league_id1`) VALUES ('Energy', 'Isak Pettersen Fjell', 'Norwegian', 1994, 'Beşiktaş e-Sports Club', 10, 3, 2);
INSERT INTO `mydb`.`SUMMONERS` (`Summoners_Nickname`, `Summoners_Real_Name`, `Nationality`, `Year_of_Birth`, `Clan`, `SUMMONER_REGION_summoner_region_id`, `SUMMONER_CHOSEN_LOCATION_summoners_chosen_location_id`, `SUMMONER_PEAK_LEAGUE_summoner_league_id1`) VALUES ('Fabulous', 'Asım Cihat Karakaya', 'Turkish', 1994, 'HWA Gaming', 10, 4, 3);
INSERT INTO `mydb`.`SUMMONERS` (`Summoners_Nickname`, `Summoners_Real_Name`, `Nationality`, `Year_of_Birth`, `Clan`, `SUMMONER_REGION_summoner_region_id`, `SUMMONER_CHOSEN_LOCATION_summoners_chosen_location_id`, `SUMMONER_PEAK_LEAGUE_summoner_league_id1`) VALUES ('Faker', 'Lee Sang-hyeok', 'South Korean', 1996, 'SK Telecom T1', 1, 3, 2);
INSERT INTO `mydb`.`SUMMONERS` (`Summoners_Nickname`, `Summoners_Real_Name`, `Nationality`, `Year_of_Birth`, `Clan`, `SUMMONER_REGION_summoner_region_id`, `SUMMONER_CHOSEN_LOCATION_summoners_chosen_location_id`, `SUMMONER_PEAK_LEAGUE_summoner_league_id1`) VALUES ('FlashInTheNight', 'Yury Shilenkov', 'Russian', 1992, 'Moscow Five', 9, 3, 2);
INSERT INTO `mydb`.`SUMMONERS` (`Summoners_Nickname`, `Summoners_Real_Name`, `Nationality`, `Year_of_Birth`, `Clan`, `SUMMONER_REGION_summoner_region_id`, `SUMMONER_CHOSEN_LOCATION_summoners_chosen_location_id`, `SUMMONER_PEAK_LEAGUE_summoner_league_id1`) VALUES ('Froggen', 'Henrik Hansen', 'Danish', 1994, 'Elements', 4, 3, 2);
INSERT INTO `mydb`.`SUMMONERS` (`Summoners_Nickname`, `Summoners_Real_Name`, `Nationality`, `Year_of_Birth`, `Clan`, `SUMMONER_REGION_summoner_region_id`, `SUMMONER_CHOSEN_LOCATION_summoners_chosen_location_id`, `SUMMONER_PEAK_LEAGUE_summoner_league_id1`) VALUES ('Gramas', 'Fatih Teke', 'Turkish', 1993, 'Valholl', 10, 2, 1);
INSERT INTO `mydb`.`SUMMONERS` (`Summoners_Nickname`, `Summoners_Real_Name`, `Nationality`, `Year_of_Birth`, `Clan`, `SUMMONER_REGION_summoner_region_id`, `SUMMONER_CHOSEN_LOCATION_summoners_chosen_location_id`, `SUMMONER_PEAK_LEAGUE_summoner_league_id1`) VALUES ('Holyanimor', 'Nazmi Ceren Yücel', 'Turkish', 1993, 'Valholl', 10, 4, 6);
INSERT INTO `mydb`.`SUMMONERS` (`Summoners_Nickname`, `Summoners_Real_Name`, `Nationality`, `Year_of_Birth`, `Clan`, `SUMMONER_REGION_summoner_region_id`, `SUMMONER_CHOSEN_LOCATION_summoners_chosen_location_id`, `SUMMONER_PEAK_LEAGUE_summoner_league_id1`) VALUES ('imp', 'Gu Seung-bin', 'South Korean', 1995, 'LGD Gaming', 1, 1, 2);
INSERT INTO `mydb`.`SUMMONERS` (`Summoners_Nickname`, `Summoners_Real_Name`, `Nationality`, `Year_of_Birth`, `Clan`, `SUMMONER_REGION_summoner_region_id`, `SUMMONER_CHOSEN_LOCATION_summoners_chosen_location_id`, `SUMMONER_PEAK_LEAGUE_summoner_league_id1`) VALUES ('Impact', 'Jung Eon-yeong', 'South Korean', 1995, 'Team Impulse', 7, 4, 2);
INSERT INTO `mydb`.`SUMMONERS` (`Summoners_Nickname`, `Summoners_Real_Name`, `Nationality`, `Year_of_Birth`, `Clan`, `SUMMONER_REGION_summoner_region_id`, `SUMMONER_CHOSEN_LOCATION_summoners_chosen_location_id`, `SUMMONER_PEAK_LEAGUE_summoner_league_id1`) VALUES ('Incarnati0n', 'Nicolaj Jensen', 'Danish', 1992, 'Cloud 9', 7, 3, 3);
INSERT INTO `mydb`.`SUMMONERS` (`Summoners_Nickname`, `Summoners_Real_Name`, `Nationality`, `Year_of_Birth`, `Clan`, `SUMMONER_REGION_summoner_region_id`, `SUMMONER_CHOSEN_LOCATION_summoners_chosen_location_id`, `SUMMONER_PEAK_LEAGUE_summoner_league_id1`) VALUES ('inSec', 'Choi In-seok', 'South Korean', 1993, 'Star Horn Royal Club', 1, 2, 3);
INSERT INTO `mydb`.`SUMMONERS` (`Summoners_Nickname`, `Summoners_Real_Name`, `Nationality`, `Year_of_Birth`, `Clan`, `SUMMONER_REGION_summoner_region_id`, `SUMMONER_CHOSEN_LOCATION_summoners_chosen_location_id`, `SUMMONER_PEAK_LEAGUE_summoner_league_id1`) VALUES ('Krepo', 'Mitch Voorspoels', 'Belgian', 1990, 'Elements', 4, 1, 2);
INSERT INTO `mydb`.`SUMMONERS` (`Summoners_Nickname`, `Summoners_Real_Name`, `Nationality`, `Year_of_Birth`, `Clan`, `SUMMONER_REGION_summoner_region_id`, `SUMMONER_CHOSEN_LOCATION_summoners_chosen_location_id`, `SUMMONER_PEAK_LEAGUE_summoner_league_id1`) VALUES ('Klaus', 'Andy Gabriel Retto', 'Argentine', 1994, 'Team LoL Cave', 6, 2, 2);
INSERT INTO `mydb`.`SUMMONERS` (`Summoners_Nickname`, `Summoners_Real_Name`, `Nationality`, `Year_of_Birth`, `Clan`, `SUMMONER_REGION_summoner_region_id`, `SUMMONER_CHOSEN_LOCATION_summoners_chosen_location_id`, `SUMMONER_PEAK_LEAGUE_summoner_league_id1`) VALUES ('LongB', 'Serkan Ülkücü', 'Turkish', 1996, 'Team Turquality', 10, 4, 2);
INSERT INTO `mydb`.`SUMMONERS` (`Summoners_Nickname`, `Summoners_Real_Name`, `Nationality`, `Year_of_Birth`, `Clan`, `SUMMONER_REGION_summoner_region_id`, `SUMMONER_CHOSEN_LOCATION_summoners_chosen_location_id`, `SUMMONER_PEAK_LEAGUE_summoner_league_id1`) VALUES ('MadLife', 'Hong Min-gi', 'South Korean', 1992, 'CJ Entus', 1, 1, 2);
INSERT INTO `mydb`.`SUMMONERS` (`Summoners_Nickname`, `Summoners_Real_Name`, `Nationality`, `Year_of_Birth`, `Clan`, `SUMMONER_REGION_summoner_region_id`, `SUMMONER_CHOSEN_LOCATION_summoners_chosen_location_id`, `SUMMONER_PEAK_LEAGUE_summoner_league_id1`) VALUES ('Mata', 'Cho Se-hyeong', 'South Korean', 1995, 'Vici Stand Gaming', 1, 1, 2);
INSERT INTO `mydb`.`SUMMONERS` (`Summoners_Nickname`, `Summoners_Real_Name`, `Nationality`, `Year_of_Birth`, `Clan`, `SUMMONER_REGION_summoner_region_id`, `SUMMONER_CHOSEN_LOCATION_summoners_chosen_location_id`, `SUMMONER_PEAK_LEAGUE_summoner_league_id1`) VALUES ('MaRin', 'Jang Gyeong-Hwan', 'South Korean', 1994, 'SK Telecom T1', 1, 4, 2);
INSERT INTO `mydb`.`SUMMONERS` (`Summoners_Nickname`, `Summoners_Real_Name`, `Nationality`, `Year_of_Birth`, `Clan`, `SUMMONER_REGION_summoner_region_id`, `SUMMONER_CHOSEN_LOCATION_summoners_chosen_location_id`, `SUMMONER_PEAK_LEAGUE_summoner_league_id1`) VALUES ('Matty', 'Matthew Chong', 'Australian', 1992, 'Team Immunity', 8, 4, 3);
INSERT INTO `mydb`.`SUMMONERS` (`Summoners_Nickname`, `Summoners_Real_Name`, `Nationality`, `Year_of_Birth`, `Clan`, `SUMMONER_REGION_summoner_region_id`, `SUMMONER_CHOSEN_LOCATION_summoners_chosen_location_id`, `SUMMONER_PEAK_LEAGUE_summoner_league_id1`) VALUES ('Mayney', 'Muhammet Ali Yılmaz', 'Turkish', 1992, 'Valholl', 10, 2, 4);
INSERT INTO `mydb`.`SUMMONERS` (`Summoners_Nickname`, `Summoners_Real_Name`, `Nationality`, `Year_of_Birth`, `Clan`, `SUMMONER_REGION_summoner_region_id`, `SUMMONER_CHOSEN_LOCATION_summoners_chosen_location_id`, `SUMMONER_PEAK_LEAGUE_summoner_league_id1`) VALUES ('Metalurijist', 'Ercan Öztürk', 'Turkish', 1994, 'Valholl', 10, 4, 4);
INSERT INTO `mydb`.`SUMMONERS` (`Summoners_Nickname`, `Summoners_Real_Name`, `Nationality`, `Year_of_Birth`, `Clan`, `SUMMONER_REGION_summoner_region_id`, `SUMMONER_CHOSEN_LOCATION_summoners_chosen_location_id`, `SUMMONER_PEAK_LEAGUE_summoner_league_id1`) VALUES ('Meteos', 'William Hartman', 'American', 1993, 'Cloud 9', 7, 2, 2);
INSERT INTO `mydb`.`SUMMONERS` (`Summoners_Nickname`, `Summoners_Real_Name`, `Nationality`, `Year_of_Birth`, `Clan`, `SUMMONER_REGION_summoner_region_id`, `SUMMONER_CHOSEN_LOCATION_summoners_chosen_location_id`, `SUMMONER_PEAK_LEAGUE_summoner_league_id1`) VALUES ('MikeyR', 'Mike Røntved', 'Danish', 1993, 'Tricked eSport', 3, 4, 2);
INSERT INTO `mydb`.`SUMMONERS` (`Summoners_Nickname`, `Summoners_Real_Name`, `Nationality`, `Year_of_Birth`, `Clan`, `SUMMONER_REGION_summoner_region_id`, `SUMMONER_CHOSEN_LOCATION_summoners_chosen_location_id`, `SUMMONER_PEAK_LEAGUE_summoner_league_id1`) VALUES ('MONARCH1967', 'Cihan Selim', 'Turkish', 1994, 'N/A', 10, 1, 6);
INSERT INTO `mydb`.`SUMMONERS` (`Summoners_Nickname`, `Summoners_Real_Name`, `Nationality`, `Year_of_Birth`, `Clan`, `SUMMONER_REGION_summoner_region_id`, `SUMMONER_CHOSEN_LOCATION_summoners_chosen_location_id`, `SUMMONER_PEAK_LEAGUE_summoner_league_id1`) VALUES ('Morning', 'Chen Kuan Ting', 'Taiwan', 1994, 'Taipei Assassins', 1, 4, 2);
INSERT INTO `mydb`.`SUMMONERS` (`Summoners_Nickname`, `Summoners_Real_Name`, `Nationality`, `Year_of_Birth`, `Clan`, `SUMMONER_REGION_summoner_region_id`, `SUMMONER_CHOSEN_LOCATION_summoners_chosen_location_id`, `SUMMONER_PEAK_LEAGUE_summoner_league_id1`) VALUES ('Mylon', 'Matheus Baronti Monteiro Borges', 'Brazilian', 1992, 'paiN Gaming', 2, 4, 2);
INSERT INTO `mydb`.`SUMMONERS` (`Summoners_Nickname`, `Summoners_Real_Name`, `Nationality`, `Year_of_Birth`, `Clan`, `SUMMONER_REGION_summoner_region_id`, `SUMMONER_CHOSEN_LOCATION_summoners_chosen_location_id`, `SUMMONER_PEAK_LEAGUE_summoner_league_id1`) VALUES ('NaMei', 'Zhu Jia-Wen', 'Chinese', 1994, 'Star Horn Royal Club', 1, 1, 2);
INSERT INTO `mydb`.`SUMMONERS` (`Summoners_Nickname`, `Summoners_Real_Name`, `Nationality`, `Year_of_Birth`, `Clan`, `SUMMONER_REGION_summoner_region_id`, `SUMMONER_CHOSEN_LOCATION_summoners_chosen_location_id`, `SUMMONER_PEAK_LEAGUE_summoner_league_id1`) VALUES ('Nardeus', 'Tomáš Maršálek', 'Czech', 1994, 'Beşiktaş e-Sports Club', 10, 1, 2);
INSERT INTO `mydb`.`SUMMONERS` (`Summoners_Nickname`, `Summoners_Real_Name`, `Nationality`, `Year_of_Birth`, `Clan`, `SUMMONER_REGION_summoner_region_id`, `SUMMONER_CHOSEN_LOCATION_summoners_chosen_location_id`, `SUMMONER_PEAK_LEAGUE_summoner_league_id1`) VALUES ('Naru', 'Koray Bıçak', 'Turkish', 1996, 'Dark Passage', 10, 3, 2);
INSERT INTO `mydb`.`SUMMONERS` (`Summoners_Nickname`, `Summoners_Real_Name`, `Nationality`, `Year_of_Birth`, `Clan`, `SUMMONER_REGION_summoner_region_id`, `SUMMONER_CHOSEN_LOCATION_summoners_chosen_location_id`, `SUMMONER_PEAK_LEAGUE_summoner_league_id1`) VALUES ('NerzhuL', 'Jorge Ivan Meza', 'Mexican', 1994, 'Lyon Gaming', 5, 1, 2);
INSERT INTO `mydb`.`SUMMONERS` (`Summoners_Nickname`, `Summoners_Real_Name`, `Nationality`, `Year_of_Birth`, `Clan`, `SUMMONER_REGION_summoner_region_id`, `SUMMONER_CHOSEN_LOCATION_summoners_chosen_location_id`, `SUMMONER_PEAK_LEAGUE_summoner_league_id1`) VALUES ('niQ', 'Sebastian Robak', 'Polish', 1994, 'HWA Gaming', 10, 3, 2);
INSERT INTO `mydb`.`SUMMONERS` (`Summoners_Nickname`, `Summoners_Real_Name`, `Nationality`, `Year_of_Birth`, `Clan`, `SUMMONER_REGION_summoner_region_id`, `SUMMONER_CHOSEN_LOCATION_summoners_chosen_location_id`, `SUMMONER_PEAK_LEAGUE_summoner_league_id1`) VALUES ('PawN', 'Heo Won-seok', 'South Korean', 1997, 'EDward Gaming', 1, 3, 2);
INSERT INTO `mydb`.`SUMMONERS` (`Summoners_Nickname`, `Summoners_Real_Name`, `Nationality`, `Year_of_Birth`, `Clan`, `SUMMONER_REGION_summoner_region_id`, `SUMMONER_CHOSEN_LOCATION_summoners_chosen_location_id`, `SUMMONER_PEAK_LEAGUE_summoner_league_id1`) VALUES ('Piglet', 'Chae Gwang-jin', 'South Korean', 1994, 'Team Liquid', 4, 1, 2);
INSERT INTO `mydb`.`SUMMONERS` (`Summoners_Nickname`, `Summoners_Real_Name`, `Nationality`, `Year_of_Birth`, `Clan`, `SUMMONER_REGION_summoner_region_id`, `SUMMONER_CHOSEN_LOCATION_summoners_chosen_location_id`, `SUMMONER_PEAK_LEAGUE_summoner_league_id1`) VALUES ('Porky', 'Gerardo Alonso', 'Mexican', 1992, 'Lyon Gaming', 5, 4, 2);
INSERT INTO `mydb`.`SUMMONERS` (`Summoners_Nickname`, `Summoners_Real_Name`, `Nationality`, `Year_of_Birth`, `Clan`, `SUMMONER_REGION_summoner_region_id`, `SUMMONER_CHOSEN_LOCATION_summoners_chosen_location_id`, `SUMMONER_PEAK_LEAGUE_summoner_league_id1`) VALUES ('Quas', 'Diego Ruiz', 'Venezuelan', 1992, 'Team Liquid', 7, 4, 2);
INSERT INTO `mydb`.`SUMMONERS` (`Summoners_Nickname`, `Summoners_Real_Name`, `Nationality`, `Year_of_Birth`, `Clan`, `SUMMONER_REGION_summoner_region_id`, `SUMMONER_CHOSEN_LOCATION_summoners_chosen_location_id`, `SUMMONER_PEAK_LEAGUE_summoner_league_id1`) VALUES ('Raydere', 'Derek Trang', 'Australian', 1993, 'The Chiefs eSports Club', 8, 1, 2);
INSERT INTO `mydb`.`SUMMONERS` (`Summoners_Nickname`, `Summoners_Real_Name`, `Nationality`, `Year_of_Birth`, `Clan`, `SUMMONER_REGION_summoner_region_id`, `SUMMONER_CHOSEN_LOCATION_summoners_chosen_location_id`, `SUMMONER_PEAK_LEAGUE_summoner_league_id1`) VALUES ('Rekkles', 'Martin Larsson', 'Swedish', 1996, 'Fnatic', 4, 1, 2);
INSERT INTO `mydb`.`SUMMONERS` (`Summoners_Nickname`, `Summoners_Real_Name`, `Nationality`, `Year_of_Birth`, `Clan`, `SUMMONER_REGION_summoner_region_id`, `SUMMONER_CHOSEN_LOCATION_summoners_chosen_location_id`, `SUMMONER_PEAK_LEAGUE_summoner_league_id1`) VALUES ('Santorin', 'Lucas Tao Kilmer Larsen', 'Danish', 1997, 'Team SoloMid', 7, 2, 2);
INSERT INTO `mydb`.`SUMMONERS` (`Summoners_Nickname`, `Summoners_Real_Name`, `Nationality`, `Year_of_Birth`, `Clan`, `SUMMONER_REGION_summoner_region_id`, `SUMMONER_CHOSEN_LOCATION_summoners_chosen_location_id`, `SUMMONER_PEAK_LEAGUE_summoner_league_id1`) VALUES ('SirT', 'Thúlio Carlos', 'Brazilian', 1992, 'paiN Gaming', 2, 2, 2);
INSERT INTO `mydb`.`SUMMONERS` (`Summoners_Nickname`, `Summoners_Real_Name`, `Nationality`, `Year_of_Birth`, `Clan`, `SUMMONER_REGION_summoner_region_id`, `SUMMONER_CHOSEN_LOCATION_summoners_chosen_location_id`, `SUMMONER_PEAK_LEAGUE_summoner_league_id1`) VALUES ('Shaman', 'Caner Yücel', 'Turkish', 1995, 'Valholl', 10, 3, 5);
INSERT INTO `mydb`.`SUMMONERS` (`Summoners_Nickname`, `Summoners_Real_Name`, `Nationality`, `Year_of_Birth`, `Clan`, `SUMMONER_REGION_summoner_region_id`, `SUMMONER_CHOSEN_LOCATION_summoners_chosen_location_id`, `SUMMONER_PEAK_LEAGUE_summoner_league_id1`) VALUES ('Snoopeh', 'Stephen Ellis', 'English', 1992, 'Counter Logic Gaming', 4, 2, 3);
INSERT INTO `mydb`.`SUMMONERS` (`Summoners_Nickname`, `Summoners_Real_Name`, `Nationality`, `Year_of_Birth`, `Clan`, `SUMMONER_REGION_summoner_region_id`, `SUMMONER_CHOSEN_LOCATION_summoners_chosen_location_id`, `SUMMONER_PEAK_LEAGUE_summoner_league_id1`) VALUES ('sOAZ', 'Paul Boyer', 'French', 1994, 'Origen', 4, 4, 2);
INSERT INTO `mydb`.`SUMMONERS` (`Summoners_Nickname`, `Summoners_Real_Name`, `Nationality`, `Year_of_Birth`, `Clan`, `SUMMONER_REGION_summoner_region_id`, `SUMMONER_CHOSEN_LOCATION_summoners_chosen_location_id`, `SUMMONER_PEAK_LEAGUE_summoner_league_id1`) VALUES ('SuperAZE', 'Piotr Prokop', 'Turkish', 1991, 'HWA Gaming', 10, 1, 2);
INSERT INTO `mydb`.`SUMMONERS` (`Summoners_Nickname`, `Summoners_Real_Name`, `Nationality`, `Year_of_Birth`, `Clan`, `SUMMONER_REGION_summoner_region_id`, `SUMMONER_CHOSEN_LOCATION_summoners_chosen_location_id`, `SUMMONER_PEAK_LEAGUE_summoner_league_id1`) VALUES ('Svenskeren', 'Dennis Johnsen', 'Danish', 1992, 'Sk Gaming', 4, 1, 2);
INSERT INTO `mydb`.`SUMMONERS` (`Summoners_Nickname`, `Summoners_Real_Name`, `Nationality`, `Year_of_Birth`, `Clan`, `SUMMONER_REGION_summoner_region_id`, `SUMMONER_CHOSEN_LOCATION_summoners_chosen_location_id`, `SUMMONER_PEAK_LEAGUE_summoner_league_id1`) VALUES ('t4nk', 'Karol Słomka', 'Polish', 1996, 'Team Turquality', 10, 2, 2);
INSERT INTO `mydb`.`SUMMONERS` (`Summoners_Nickname`, `Summoners_Real_Name`, `Nationality`, `Year_of_Birth`, `Clan`, `SUMMONER_REGION_summoner_region_id`, `SUMMONER_CHOSEN_LOCATION_summoners_chosen_location_id`, `SUMMONER_PEAK_LEAGUE_summoner_league_id1`) VALUES ('Thaldrin', 'Berke Demir', 'Turkish', 1994, 'Beşiktaş e-Sports Club', 10, 4, 2);
INSERT INTO `mydb`.`SUMMONERS` (`Summoners_Nickname`, `Summoners_Real_Name`, `Nationality`, `Year_of_Birth`, `Clan`, `SUMMONER_REGION_summoner_region_id`, `SUMMONER_CHOSEN_LOCATION_summoners_chosen_location_id`, `SUMMONER_PEAK_LEAGUE_summoner_league_id1`) VALUES ('The Chain Wârden', 'Tanzer Doğan', 'Turkish', 1990, 'Valholl', 10, 1, 4);
INSERT INTO `mydb`.`SUMMONERS` (`Summoners_Nickname`, `Summoners_Real_Name`, `Nationality`, `Year_of_Birth`, `Clan`, `SUMMONER_REGION_summoner_region_id`, `SUMMONER_CHOSEN_LOCATION_summoners_chosen_location_id`, `SUMMONER_PEAK_LEAGUE_summoner_league_id1`) VALUES ('Theokoles', 'Muhammed Işık', 'Turkish', 1991, 'Beşiktaş e-Sports Club', 10, 2, 2);
INSERT INTO `mydb`.`SUMMONERS` (`Summoners_Nickname`, `Summoners_Real_Name`, `Nationality`, `Year_of_Birth`, `Clan`, `SUMMONER_REGION_summoner_region_id`, `SUMMONER_CHOSEN_LOCATION_summoners_chosen_location_id`, `SUMMONER_PEAK_LEAGUE_summoner_league_id1`) VALUES ('Tiridus', 'Johan Sjunnesson', 'Swedish', 1995, 'Tricked eSport', 3, 3, 2);
INSERT INTO `mydb`.`SUMMONERS` (`Summoners_Nickname`, `Summoners_Real_Name`, `Nationality`, `Year_of_Birth`, `Clan`, `SUMMONER_REGION_summoner_region_id`, `SUMMONER_CHOSEN_LOCATION_summoners_chosen_location_id`, `SUMMONER_PEAK_LEAGUE_summoner_league_id1`) VALUES ('Toyz', 'Wai Kin Lau', 'Chinese', 1992, 'Hong Kong Esports', 1, 3, 2);
INSERT INTO `mydb`.`SUMMONERS` (`Summoners_Nickname`, `Summoners_Real_Name`, `Nationality`, `Year_of_Birth`, `Clan`, `SUMMONER_REGION_summoner_region_id`, `SUMMONER_CHOSEN_LOCATION_summoners_chosen_location_id`, `SUMMONER_PEAK_LEAGUE_summoner_league_id1`) VALUES ('un1tback', 'Ishak Yılmaz', 'Turkish', 1994, 'Team Turquality', 10, 1, 2);
INSERT INTO `mydb`.`SUMMONERS` (`Summoners_Nickname`, `Summoners_Real_Name`, `Nationality`, `Year_of_Birth`, `Clan`, `SUMMONER_REGION_summoner_region_id`, `SUMMONER_CHOSEN_LOCATION_summoners_chosen_location_id`, `SUMMONER_PEAK_LEAGUE_summoner_league_id1`) VALUES ('Uzi', 'Jian Zi-Hao', 'Chinese', 1997, 'OMG', 1, 1, 2);
INSERT INTO `mydb`.`SUMMONERS` (`Summoners_Nickname`, `Summoners_Real_Name`, `Nationality`, `Year_of_Birth`, `Clan`, `SUMMONER_REGION_summoner_region_id`, `SUMMONER_CHOSEN_LOCATION_summoners_chosen_location_id`, `SUMMONER_PEAK_LEAGUE_summoner_league_id1`) VALUES ('WildTurtle', 'Jason Tran', 'Canadian', 1995, 'Team SoloMid', 7, 1, 2);
INSERT INTO `mydb`.`SUMMONERS` (`Summoners_Nickname`, `Summoners_Real_Name`, `Nationality`, `Year_of_Birth`, `Clan`, `SUMMONER_REGION_summoner_region_id`, `SUMMONER_CHOSEN_LOCATION_summoners_chosen_location_id`, `SUMMONER_PEAK_LEAGUE_summoner_league_id1`) VALUES ('Xyraz', 'Gustav Blomkvist', 'Swedish', 1992, 'Team Turquality', 10, 4, 2);
INSERT INTO `mydb`.`SUMMONERS` (`Summoners_Nickname`, `Summoners_Real_Name`, `Nationality`, `Year_of_Birth`, `Clan`, `SUMMONER_REGION_summoner_region_id`, `SUMMONER_CHOSEN_LOCATION_summoners_chosen_location_id`, `SUMMONER_PEAK_LEAGUE_summoner_league_id1`) VALUES ('xPeke', 'Enrique Cedeño Martínez', 'Spanish', 1992, 'Origen', 4, 3, 2);
INSERT INTO `mydb`.`SUMMONERS` (`Summoners_Nickname`, `Summoners_Real_Name`, `Nationality`, `Year_of_Birth`, `Clan`, `SUMMONER_REGION_summoner_region_id`, `SUMMONER_CHOSEN_LOCATION_summoners_chosen_location_id`, `SUMMONER_PEAK_LEAGUE_summoner_league_id1`) VALUES ('YellOwStaR', 'Bora Kim', 'French', 1992, 'Fnatic', 4, 1, 2);
INSERT INTO `mydb`.`SUMMONERS` (`Summoners_Nickname`, `Summoners_Real_Name`, `Nationality`, `Year_of_Birth`, `Clan`, `SUMMONER_REGION_summoner_region_id`, `SUMMONER_CHOSEN_LOCATION_summoners_chosen_location_id`, `SUMMONER_PEAK_LEAGUE_summoner_league_id1`) VALUES ('Zergsting', 'Anıl Ünalan', 'Turkish', 1998, 'Dark Passage', 10, 1, 2);

COMMIT;


-- -----------------------------------------------------
-- Data for table `mydb`.`RUNE_EFFECT`
-- -----------------------------------------------------
START TRANSACTION;
USE `mydb`;
INSERT INTO `mydb`.`RUNE_EFFECT` (`rune_effect_id`, `rune_effects_name`) VALUES (1, 'Ability Power');
INSERT INTO `mydb`.`RUNE_EFFECT` (`rune_effect_id`, `rune_effects_name`) VALUES (2, 'Armor');
INSERT INTO `mydb`.`RUNE_EFFECT` (`rune_effect_id`, `rune_effects_name`) VALUES (3, 'Armor Penetration');
INSERT INTO `mydb`.`RUNE_EFFECT` (`rune_effect_id`, `rune_effects_name`) VALUES (4, 'Attack Damage');
INSERT INTO `mydb`.`RUNE_EFFECT` (`rune_effect_id`, `rune_effects_name`) VALUES (5, 'Attack Speed');
INSERT INTO `mydb`.`RUNE_EFFECT` (`rune_effect_id`, `rune_effects_name`) VALUES (6, 'Cooldown');
INSERT INTO `mydb`.`RUNE_EFFECT` (`rune_effect_id`, `rune_effects_name`) VALUES (7, 'Critical Chance');
INSERT INTO `mydb`.`RUNE_EFFECT` (`rune_effect_id`, `rune_effects_name`) VALUES (8, 'Critical Damage');
INSERT INTO `mydb`.`RUNE_EFFECT` (`rune_effect_id`, `rune_effects_name`) VALUES (9, 'Experience');
INSERT INTO `mydb`.`RUNE_EFFECT` (`rune_effect_id`, `rune_effects_name`) VALUES (10, 'Health');
INSERT INTO `mydb`.`RUNE_EFFECT` (`rune_effect_id`, `rune_effects_name`) VALUES (11, 'Health Regen');
INSERT INTO `mydb`.`RUNE_EFFECT` (`rune_effect_id`, `rune_effects_name`) VALUES (12, 'Hybrid Penetration');
INSERT INTO `mydb`.`RUNE_EFFECT` (`rune_effect_id`, `rune_effects_name`) VALUES (13, 'Magic Penetration');
INSERT INTO `mydb`.`RUNE_EFFECT` (`rune_effect_id`, `rune_effects_name`) VALUES (14, 'Magic Resist');
INSERT INTO `mydb`.`RUNE_EFFECT` (`rune_effect_id`, `rune_effects_name`) VALUES (15, 'Mana');
INSERT INTO `mydb`.`RUNE_EFFECT` (`rune_effect_id`, `rune_effects_name`) VALUES (16, 'Mana Regen');
INSERT INTO `mydb`.`RUNE_EFFECT` (`rune_effect_id`, `rune_effects_name`) VALUES (17, 'Movement Speed');
INSERT INTO `mydb`.`RUNE_EFFECT` (`rune_effect_id`, `rune_effects_name`) VALUES (18, 'Time Dead');

COMMIT;


-- -----------------------------------------------------
-- Data for table `mydb`.`RUNE_TIER`
-- -----------------------------------------------------
START TRANSACTION;
USE `mydb`;
INSERT INTO `mydb`.`RUNE_TIER` (`rune_tier_id`, `rune_tier_name`) VALUES (1, 'Tier 1');
INSERT INTO `mydb`.`RUNE_TIER` (`rune_tier_id`, `rune_tier_name`) VALUES (2, 'Tier 2');
INSERT INTO `mydb`.`RUNE_TIER` (`rune_tier_id`, `rune_tier_name`) VALUES (3, 'Tier 3');

COMMIT;


-- -----------------------------------------------------
-- Data for table `mydb`.`RUNE_TYPE`
-- -----------------------------------------------------
START TRANSACTION;
USE `mydb`;
INSERT INTO `mydb`.`RUNE_TYPE` (`rune_type_id`, `rune_type_name`) VALUES (1, 'Glyph');
INSERT INTO `mydb`.`RUNE_TYPE` (`rune_type_id`, `rune_type_name`) VALUES (2, 'Mark');
INSERT INTO `mydb`.`RUNE_TYPE` (`rune_type_id`, `rune_type_name`) VALUES (3, 'Quintessence');
INSERT INTO `mydb`.`RUNE_TYPE` (`rune_type_id`, `rune_type_name`) VALUES (4, 'Seal');

COMMIT;


-- -----------------------------------------------------
-- Data for table `mydb`.`RUNE_INCREASE_STYLE`
-- -----------------------------------------------------
START TRANSACTION;
USE `mydb`;
INSERT INTO `mydb`.`RUNE_INCREASE_STYLE` (`rune_increase_style_id`, `rune_increase_style_name`) VALUES (1, 'Flat');
INSERT INTO `mydb`.`RUNE_INCREASE_STYLE` (`rune_increase_style_id`, `rune_increase_style_name`) VALUES (2, 'Per Level');
INSERT INTO `mydb`.`RUNE_INCREASE_STYLE` (`rune_increase_style_id`, `rune_increase_style_name`) VALUES (3, 'Percent');

COMMIT;


-- -----------------------------------------------------
-- Data for table `mydb`.`RUNES`
-- -----------------------------------------------------
START TRANSACTION;
USE `mydb`;
INSERT INTO `mydb`.`RUNES` (`Rune`, `Description`, `IP_Cost`, `RUNE_EFFECT_rune_effect_id`, `RUNE_TIER_rune_tier_id`, `RUNE_TYPE_rune_type_id`, `RUNE_INCREASE_STYLE_rune_increase_style_id`) VALUES ('Lesser Mark of Scaling Attack Damage', 'Add 0.08 attack damage per level (+1.35 at champion level 18)', 5, 4, 1, 2, 2);
INSERT INTO `mydb`.`RUNES` (`Rune`, `Description`, `IP_Cost`, `RUNE_EFFECT_rune_effect_id`, `RUNE_TIER_rune_tier_id`, `RUNE_TYPE_rune_type_id`, `RUNE_INCREASE_STYLE_rune_increase_style_id`) VALUES ('Lesser Mark of Scaling Health', 'Add 0.3 health per level (+5.4 at champion level 18)', 5, 10, 1, 2, 2);
INSERT INTO `mydb`.`RUNES` (`Rune`, `Description`, `IP_Cost`, `RUNE_EFFECT_rune_effect_id`, `RUNE_TIER_rune_tier_id`, `RUNE_TYPE_rune_type_id`, `RUNE_INCREASE_STYLE_rune_increase_style_id`) VALUES ('Lesser Mark of Scaling Magic Resist', 'Add 0.04 magic resist per level (+0.72 at champion level 18)', 5, 14, 1, 2, 2);
INSERT INTO `mydb`.`RUNES` (`Rune`, `Description`, `IP_Cost`, `RUNE_EFFECT_rune_effect_id`, `RUNE_TIER_rune_tier_id`, `RUNE_TYPE_rune_type_id`, `RUNE_INCREASE_STYLE_rune_increase_style_id`) VALUES ('Lesser Mark of Scaling Ability Power', 'Add 0.06 ability power per level (+1.08 at champion level 18)', 5, 1, 1, 2, 2);
INSERT INTO `mydb`.`RUNES` (`Rune`, `Description`, `IP_Cost`, `RUNE_EFFECT_rune_effect_id`, `RUNE_TIER_rune_tier_id`, `RUNE_TYPE_rune_type_id`, `RUNE_INCREASE_STYLE_rune_increase_style_id`) VALUES ('Lesser Mark of Scaling Mana', 'Add 0.65 mana per level (+11.7 at champion level 18)', 5, 15, 1, 2, 2);
INSERT INTO `mydb`.`RUNES` (`Rune`, `Description`, `IP_Cost`, `RUNE_EFFECT_rune_effect_id`, `RUNE_TIER_rune_tier_id`, `RUNE_TYPE_rune_type_id`, `RUNE_INCREASE_STYLE_rune_increase_style_id`) VALUES ('Lesser Mark of Attack Damage', 'Add 0.53 attack damage', 5, 4, 1, 2, 1);
INSERT INTO `mydb`.`RUNES` (`Rune`, `Description`, `IP_Cost`, `RUNE_EFFECT_rune_effect_id`, `RUNE_TIER_rune_tier_id`, `RUNE_TYPE_rune_type_id`, `RUNE_INCREASE_STYLE_rune_increase_style_id`) VALUES ('Lesser Mark of Armor Penetration', 'Add 0.72 armor penetration', 5, 3, 1, 2, 1);
INSERT INTO `mydb`.`RUNES` (`Rune`, `Description`, `IP_Cost`, `RUNE_EFFECT_rune_effect_id`, `RUNE_TIER_rune_tier_id`, `RUNE_TYPE_rune_type_id`, `RUNE_INCREASE_STYLE_rune_increase_style_id`) VALUES ('Lesser Mark of Health', 'Add 1.93 health', 5, 10, 1, 2, 1);
INSERT INTO `mydb`.`RUNES` (`Rune`, `Description`, `IP_Cost`, `RUNE_EFFECT_rune_effect_id`, `RUNE_TIER_rune_tier_id`, `RUNE_TYPE_rune_type_id`, `RUNE_INCREASE_STYLE_rune_increase_style_id`) VALUES ('Lesser Mark of Armor', 'Add 0.51 armor', 5, 2, 1, 2, 1);
INSERT INTO `mydb`.`RUNES` (`Rune`, `Description`, `IP_Cost`, `RUNE_EFFECT_rune_effect_id`, `RUNE_TIER_rune_tier_id`, `RUNE_TYPE_rune_type_id`, `RUNE_INCREASE_STYLE_rune_increase_style_id`) VALUES ('Lesser Mark of Magic Resist', 'Add 0.43 magic resist', 5, 14, 1, 2, 1);
INSERT INTO `mydb`.`RUNES` (`Rune`, `Description`, `IP_Cost`, `RUNE_EFFECT_rune_effect_id`, `RUNE_TIER_rune_tier_id`, `RUNE_TYPE_rune_type_id`, `RUNE_INCREASE_STYLE_rune_increase_style_id`) VALUES ('Lesser Mark of Ability Power', 'Add 0.33 ability power', 5, 1, 1, 2, 1);
INSERT INTO `mydb`.`RUNES` (`Rune`, `Description`, `IP_Cost`, `RUNE_EFFECT_rune_effect_id`, `RUNE_TIER_rune_tier_id`, `RUNE_TYPE_rune_type_id`, `RUNE_INCREASE_STYLE_rune_increase_style_id`) VALUES ('Lesser Mark of Mana', 'Add 3.28 mana', 5, 15, 1, 2, 1);
INSERT INTO `mydb`.`RUNES` (`Rune`, `Description`, `IP_Cost`, `RUNE_EFFECT_rune_effect_id`, `RUNE_TIER_rune_tier_id`, `RUNE_TYPE_rune_type_id`, `RUNE_INCREASE_STYLE_rune_increase_style_id`) VALUES ('Lesser Mark of Mana Regeneration', 'Add 0.15 mana regen / 5 sec.', 5, 16, 1, 2, 1);
INSERT INTO `mydb`.`RUNES` (`Rune`, `Description`, `IP_Cost`, `RUNE_EFFECT_rune_effect_id`, `RUNE_TIER_rune_tier_id`, `RUNE_TYPE_rune_type_id`, `RUNE_INCREASE_STYLE_rune_increase_style_id`) VALUES ('Lesser Mark of Magic Penetration', 'Add 0.49 magic penetration', 5, 13, 1, 2, 1);
INSERT INTO `mydb`.`RUNES` (`Rune`, `Description`, `IP_Cost`, `RUNE_EFFECT_rune_effect_id`, `RUNE_TIER_rune_tier_id`, `RUNE_TYPE_rune_type_id`, `RUNE_INCREASE_STYLE_rune_increase_style_id`) VALUES ('Lesser Mark of Hybrid Penetration', 'Add 0.5 Armor Penetration and 0.34 Magic Penetration', 5, 12, 1, 2, 1);
INSERT INTO `mydb`.`RUNES` (`Rune`, `Description`, `IP_Cost`, `RUNE_EFFECT_rune_effect_id`, `RUNE_TIER_rune_tier_id`, `RUNE_TYPE_rune_type_id`, `RUNE_INCREASE_STYLE_rune_increase_style_id`) VALUES ('Lesser Mark of Attack Speed', 'Add 0.94% attack speed', 5, 5, 1, 2, 3);
INSERT INTO `mydb`.`RUNES` (`Rune`, `Description`, `IP_Cost`, `RUNE_EFFECT_rune_effect_id`, `RUNE_TIER_rune_tier_id`, `RUNE_TYPE_rune_type_id`, `RUNE_INCREASE_STYLE_rune_increase_style_id`) VALUES ('Lesser Mark of Critical Damage', 'Add 1.24% critical damage', 5, 8, 1, 2, 3);
INSERT INTO `mydb`.`RUNES` (`Rune`, `Description`, `IP_Cost`, `RUNE_EFFECT_rune_effect_id`, `RUNE_TIER_rune_tier_id`, `RUNE_TYPE_rune_type_id`, `RUNE_INCREASE_STYLE_rune_increase_style_id`) VALUES ('Lesser Mark of Critical Chance', 'Add 0.52% critical chance', 5, 7, 1, 2, 3);
INSERT INTO `mydb`.`RUNES` (`Rune`, `Description`, `IP_Cost`, `RUNE_EFFECT_rune_effect_id`, `RUNE_TIER_rune_tier_id`, `RUNE_TYPE_rune_type_id`, `RUNE_INCREASE_STYLE_rune_increase_style_id`) VALUES ('Lesser Mark of Cooldown Reduction', 'Add 0.11% cooldown reduction', 5, 6, 1, 2, 3);
INSERT INTO `mydb`.`RUNES` (`Rune`, `Description`, `IP_Cost`, `RUNE_EFFECT_rune_effect_id`, `RUNE_TIER_rune_tier_id`, `RUNE_TYPE_rune_type_id`, `RUNE_INCREASE_STYLE_rune_increase_style_id`) VALUES ('Lesser Mark of the Yuletide Tannenbaum', 'Add 0.62% critical chance', 5, 7, 1, 2, 3);
INSERT INTO `mydb`.`RUNES` (`Rune`, `Description`, `IP_Cost`, `RUNE_EFFECT_rune_effect_id`, `RUNE_TIER_rune_tier_id`, `RUNE_TYPE_rune_type_id`, `RUNE_INCREASE_STYLE_rune_increase_style_id`) VALUES ('Lesser Mark of Alpine Attack Speed', 'Add 1.13% attack speed', 5, 5, 1, 2, 3);
INSERT INTO `mydb`.`RUNES` (`Rune`, `Description`, `IP_Cost`, `RUNE_EFFECT_rune_effect_id`, `RUNE_TIER_rune_tier_id`, `RUNE_TYPE_rune_type_id`, `RUNE_INCREASE_STYLE_rune_increase_style_id`) VALUES ('Lesser Seal of Scaling Attack Damage', 'Add 0.03 attack damage per level (+0.61 at champion level 18)', 5, 4, 1, 4, 2);
INSERT INTO `mydb`.`RUNES` (`Rune`, `Description`, `IP_Cost`, `RUNE_EFFECT_rune_effect_id`, `RUNE_TIER_rune_tier_id`, `RUNE_TYPE_rune_type_id`, `RUNE_INCREASE_STYLE_rune_increase_style_id`) VALUES ('Lesser Seal of Scaling Health', 'Add 0.75 health per level (+13.44 at champion level 18)', 5, 10, 1, 4, 2);
INSERT INTO `mydb`.`RUNES` (`Rune`, `Description`, `IP_Cost`, `RUNE_EFFECT_rune_effect_id`, `RUNE_TIER_rune_tier_id`, `RUNE_TYPE_rune_type_id`, `RUNE_INCREASE_STYLE_rune_increase_style_id`) VALUES ('Lesser Seal of Scaling Armor', 'Add 0.09 armor per level (+1.68 at champion level 18)', 5, 2, 1, 4, 2);
INSERT INTO `mydb`.`RUNES` (`Rune`, `Description`, `IP_Cost`, `RUNE_EFFECT_rune_effect_id`, `RUNE_TIER_rune_tier_id`, `RUNE_TYPE_rune_type_id`, `RUNE_INCREASE_STYLE_rune_increase_style_id`) VALUES ('Lesser Seal of Scaling Magic Resist', 'Add 0.05 magic resist per level (+0.9 at champion level 18)', 5, 14, 1, 4, 2);
INSERT INTO `mydb`.`RUNES` (`Rune`, `Description`, `IP_Cost`, `RUNE_EFFECT_rune_effect_id`, `RUNE_TIER_rune_tier_id`, `RUNE_TYPE_rune_type_id`, `RUNE_INCREASE_STYLE_rune_increase_style_id`) VALUES ('Lesser Seal of Scaling Health Regeneration', 'Add 0.06 health regen / 5 sec. per level (+1.08 at champion level 18)', 5, 11, 1, 4, 2);
INSERT INTO `mydb`.`RUNES` (`Rune`, `Description`, `IP_Cost`, `RUNE_EFFECT_rune_effect_id`, `RUNE_TIER_rune_tier_id`, `RUNE_TYPE_rune_type_id`, `RUNE_INCREASE_STYLE_rune_increase_style_id`) VALUES ('Lesser Seal of Scaling Ability Power', 'Add 0.06 ability power per level (+1.08 at champion level 18)', 5, 1, 1, 4, 2);
INSERT INTO `mydb`.`RUNES` (`Rune`, `Description`, `IP_Cost`, `RUNE_EFFECT_rune_effect_id`, `RUNE_TIER_rune_tier_id`, `RUNE_TYPE_rune_type_id`, `RUNE_INCREASE_STYLE_rune_increase_style_id`) VALUES ('Lesser Seal of Scaling Mana', 'Add 0.65 mana per level (+11.7 at champion level 18)', 5, 15, 1, 4, 2);
INSERT INTO `mydb`.`RUNES` (`Rune`, `Description`, `IP_Cost`, `RUNE_EFFECT_rune_effect_id`, `RUNE_TIER_rune_tier_id`, `RUNE_TYPE_rune_type_id`, `RUNE_INCREASE_STYLE_rune_increase_style_id`) VALUES ('Lesser Seal of Scaling Mana Regeneration', 'Add 0.036 mana regen / 5 sec. per level (+0.65 at champion level 18)', 5, 16, 1, 4, 2);
INSERT INTO `mydb`.`RUNES` (`Rune`, `Description`, `IP_Cost`, `RUNE_EFFECT_rune_effect_id`, `RUNE_TIER_rune_tier_id`, `RUNE_TYPE_rune_type_id`, `RUNE_INCREASE_STYLE_rune_increase_style_id`) VALUES ('Lesser Seal of the Stout Snowman', 'Add 0.72 health per level (+12.96 at champion level 18)', 5, 10, 1, 4, 2);
INSERT INTO `mydb`.`RUNES` (`Rune`, `Description`, `IP_Cost`, `RUNE_EFFECT_rune_effect_id`, `RUNE_TIER_rune_tier_id`, `RUNE_TYPE_rune_type_id`, `RUNE_INCREASE_STYLE_rune_increase_style_id`) VALUES ('Lesser Seal of Attack Damage', 'Add 0.24 attack damage', 5, 4, 1, 4, 1);
INSERT INTO `mydb`.`RUNES` (`Rune`, `Description`, `IP_Cost`, `RUNE_EFFECT_rune_effect_id`, `RUNE_TIER_rune_tier_id`, `RUNE_TYPE_rune_type_id`, `RUNE_INCREASE_STYLE_rune_increase_style_id`) VALUES ('Lesser Seal of Health', 'Add 4.48 health', 5, 10, 1, 4, 1);
INSERT INTO `mydb`.`RUNES` (`Rune`, `Description`, `IP_Cost`, `RUNE_EFFECT_rune_effect_id`, `RUNE_TIER_rune_tier_id`, `RUNE_TYPE_rune_type_id`, `RUNE_INCREASE_STYLE_rune_increase_style_id`) VALUES ('Lesser Seal of Armor', 'Add 0.56 armor', 5, 2, 1, 4, 1);
INSERT INTO `mydb`.`RUNES` (`Rune`, `Description`, `IP_Cost`, `RUNE_EFFECT_rune_effect_id`, `RUNE_TIER_rune_tier_id`, `RUNE_TYPE_rune_type_id`, `RUNE_INCREASE_STYLE_rune_increase_style_id`) VALUES ('Lesser Seal of Magic Resist', 'Add 0.41 magic resist', 5, 14, 1, 4, 1);
INSERT INTO `mydb`.`RUNES` (`Rune`, `Description`, `IP_Cost`, `RUNE_EFFECT_rune_effect_id`, `RUNE_TIER_rune_tier_id`, `RUNE_TYPE_rune_type_id`, `RUNE_INCREASE_STYLE_rune_increase_style_id`) VALUES ('Lesser Seal of Health Regeneration', 'Add 0.31 health regen / 5 sec.', 5, 11, 1, 4, 1);
INSERT INTO `mydb`.`RUNES` (`Rune`, `Description`, `IP_Cost`, `RUNE_EFFECT_rune_effect_id`, `RUNE_TIER_rune_tier_id`, `RUNE_TYPE_rune_type_id`, `RUNE_INCREASE_STYLE_rune_increase_style_id`) VALUES ('Lesser Seal of Ability Power', 'Add 0.33 ability power', 5, 1, 1, 4, 1);
INSERT INTO `mydb`.`RUNES` (`Rune`, `Description`, `IP_Cost`, `RUNE_EFFECT_rune_effect_id`, `RUNE_TIER_rune_tier_id`, `RUNE_TYPE_rune_type_id`, `RUNE_INCREASE_STYLE_rune_increase_style_id`) VALUES ('Lesser Seal of Mana', 'Add 3.83 mana', 5, 15, 1, 4, 1);
INSERT INTO `mydb`.`RUNES` (`Rune`, `Description`, `IP_Cost`, `RUNE_EFFECT_rune_effect_id`, `RUNE_TIER_rune_tier_id`, `RUNE_TYPE_rune_type_id`, `RUNE_INCREASE_STYLE_rune_increase_style_id`) VALUES ('Lesser Seal of Mana Regeneration', 'Add 0.23 mana regen / 5 sec.', 5, 16, 1, 4, 1);
INSERT INTO `mydb`.`RUNES` (`Rune`, `Description`, `IP_Cost`, `RUNE_EFFECT_rune_effect_id`, `RUNE_TIER_rune_tier_id`, `RUNE_TYPE_rune_type_id`, `RUNE_INCREASE_STYLE_rune_increase_style_id`) VALUES ('Lesser Seal of the Medalist', 'Add 3.56 health', 5, 10, 1, 4, 1);
INSERT INTO `mydb`.`RUNES` (`Rune`, `Description`, `IP_Cost`, `RUNE_EFFECT_rune_effect_id`, `RUNE_TIER_rune_tier_id`, `RUNE_TYPE_rune_type_id`, `RUNE_INCREASE_STYLE_rune_increase_style_id`) VALUES ('Lesser Seal of Attack Speed', 'Add 0.42% attack speed', 5, 5, 1, 4, 3);
INSERT INTO `mydb`.`RUNES` (`Rune`, `Description`, `IP_Cost`, `RUNE_EFFECT_rune_effect_id`, `RUNE_TIER_rune_tier_id`, `RUNE_TYPE_rune_type_id`, `RUNE_INCREASE_STYLE_rune_increase_style_id`) VALUES ('Lesser Seal of Critical Damage', 'Add 0.43% critical damage', 5, 8, 1, 4, 3);
INSERT INTO `mydb`.`RUNES` (`Rune`, `Description`, `IP_Cost`, `RUNE_EFFECT_rune_effect_id`, `RUNE_TIER_rune_tier_id`, `RUNE_TYPE_rune_type_id`, `RUNE_INCREASE_STYLE_rune_increase_style_id`) VALUES ('Lesser Seal of Critical Chance', 'Add 0.23% critical chance', 5, 7, 1, 4, 3);
INSERT INTO `mydb`.`RUNES` (`Rune`, `Description`, `IP_Cost`, `RUNE_EFFECT_rune_effect_id`, `RUNE_TIER_rune_tier_id`, `RUNE_TYPE_rune_type_id`, `RUNE_INCREASE_STYLE_rune_increase_style_id`) VALUES ('Lesser Seal of Cooldown Reduction', 'Add 0.2% cooldown reduction', 5, 6, 1, 4, 3);
INSERT INTO `mydb`.`RUNES` (`Rune`, `Description`, `IP_Cost`, `RUNE_EFFECT_rune_effect_id`, `RUNE_TIER_rune_tier_id`, `RUNE_TYPE_rune_type_id`, `RUNE_INCREASE_STYLE_rune_increase_style_id`) VALUES ('Lesser Seal of Percent Health', 'Add 0.28% health', 5, 10, 1, 4, 3);
INSERT INTO `mydb`.`RUNES` (`Rune`, `Description`, `IP_Cost`, `RUNE_EFFECT_rune_effect_id`, `RUNE_TIER_rune_tier_id`, `RUNE_TYPE_rune_type_id`, `RUNE_INCREASE_STYLE_rune_increase_style_id`) VALUES ('Lesser Glyph of Scaling Attack Damage', 'Add 0.02 attack damage per level (+0.36 at champion level 18)', 5, 4, 1, 1, 2);
INSERT INTO `mydb`.`RUNES` (`Rune`, `Description`, `IP_Cost`, `RUNE_EFFECT_rune_effect_id`, `RUNE_TIER_rune_tier_id`, `RUNE_TYPE_rune_type_id`, `RUNE_INCREASE_STYLE_rune_increase_style_id`) VALUES ('Lesser Glyph of Scaling Health', 'Add 0.3 health per level (+5.4 at champion level 18)', 5, 10, 1, 1, 2);
INSERT INTO `mydb`.`RUNES` (`Rune`, `Description`, `IP_Cost`, `RUNE_EFFECT_rune_effect_id`, `RUNE_TIER_rune_tier_id`, `RUNE_TYPE_rune_type_id`, `RUNE_INCREASE_STYLE_rune_increase_style_id`) VALUES ('Lesser Glyph of Scaling Magic Resist', 'Add 0.09 magic resist per level (+1.68 at champion level 18)', 5, 14, 1, 1, 2);
INSERT INTO `mydb`.`RUNES` (`Rune`, `Description`, `IP_Cost`, `RUNE_EFFECT_rune_effect_id`, `RUNE_TIER_rune_tier_id`, `RUNE_TYPE_rune_type_id`, `RUNE_INCREASE_STYLE_rune_increase_style_id`) VALUES ('Lesser Glyph of Scaling Ability Power', 'Add 0.1 ability power per level (+1.8 at champion level 18)', 5, 1, 1, 1, 2);
INSERT INTO `mydb`.`RUNES` (`Rune`, `Description`, `IP_Cost`, `RUNE_EFFECT_rune_effect_id`, `RUNE_TIER_rune_tier_id`, `RUNE_TYPE_rune_type_id`, `RUNE_INCREASE_STYLE_rune_increase_style_id`) VALUES ('Lesser Glyph of Scaling Mana', 'Add 0.79 mana per level (+14.22 at champion level 18)', 5, 15, 1, 1, 2);
INSERT INTO `mydb`.`RUNES` (`Rune`, `Description`, `IP_Cost`, `RUNE_EFFECT_rune_effect_id`, `RUNE_TIER_rune_tier_id`, `RUNE_TYPE_rune_type_id`, `RUNE_INCREASE_STYLE_rune_increase_style_id`) VALUES ('Lesser Glyph of Scaling Mana Regeneration', 'Add 0.04 mana regen / 5 sec. per level (+0.67 at champion level 18)', 5, 16, 1, 1, 2);
INSERT INTO `mydb`.`RUNES` (`Rune`, `Description`, `IP_Cost`, `RUNE_EFFECT_rune_effect_id`, `RUNE_TIER_rune_tier_id`, `RUNE_TYPE_rune_type_id`, `RUNE_INCREASE_STYLE_rune_increase_style_id`) VALUES ('Lesser Glyph of the Gracious Gift', 'Add 0.12 ability power per level (+2.16 at champion level 18)', 5, 1, 1, 1, 2);
INSERT INTO `mydb`.`RUNES` (`Rune`, `Description`, `IP_Cost`, `RUNE_EFFECT_rune_effect_id`, `RUNE_TIER_rune_tier_id`, `RUNE_TYPE_rune_type_id`, `RUNE_INCREASE_STYLE_rune_increase_style_id`) VALUES ('Lesser Glyph of Attack Damage', 'Add 0.16 attack damage', 5, 4, 1, 1, 1);
INSERT INTO `mydb`.`RUNES` (`Rune`, `Description`, `IP_Cost`, `RUNE_EFFECT_rune_effect_id`, `RUNE_TIER_rune_tier_id`, `RUNE_TYPE_rune_type_id`, `RUNE_INCREASE_STYLE_rune_increase_style_id`) VALUES ('Lesser Glyph of Critical Damage', 'Add 0.31% critical damage', 5, 8, 1, 1, 1);
INSERT INTO `mydb`.`RUNES` (`Rune`, `Description`, `IP_Cost`, `RUNE_EFFECT_rune_effect_id`, `RUNE_TIER_rune_tier_id`, `RUNE_TYPE_rune_type_id`, `RUNE_INCREASE_STYLE_rune_increase_style_id`) VALUES ('Lesser Glyph of Critical Chance', 'Add 0.15% critical chance', 5, 7, 1, 1, 1);
INSERT INTO `mydb`.`RUNES` (`Rune`, `Description`, `IP_Cost`, `RUNE_EFFECT_rune_effect_id`, `RUNE_TIER_rune_tier_id`, `RUNE_TYPE_rune_type_id`, `RUNE_INCREASE_STYLE_rune_increase_style_id`) VALUES ('Lesser Glyph of Health', 'Add 1.49 health', 5, 10, 1, 1, 1);
INSERT INTO `mydb`.`RUNES` (`Rune`, `Description`, `IP_Cost`, `RUNE_EFFECT_rune_effect_id`, `RUNE_TIER_rune_tier_id`, `RUNE_TYPE_rune_type_id`, `RUNE_INCREASE_STYLE_rune_increase_style_id`) VALUES ('Lesser Glyph of Armor', 'Add 0.39 armor', 5, 2, 1, 1, 1);
INSERT INTO `mydb`.`RUNES` (`Rune`, `Description`, `IP_Cost`, `RUNE_EFFECT_rune_effect_id`, `RUNE_TIER_rune_tier_id`, `RUNE_TYPE_rune_type_id`, `RUNE_INCREASE_STYLE_rune_increase_style_id`) VALUES ('Lesser Glyph of Magic Resist', 'Add 0.74 magic resist', 5, 13, 1, 1, 1);
INSERT INTO `mydb`.`RUNES` (`Rune`, `Description`, `IP_Cost`, `RUNE_EFFECT_rune_effect_id`, `RUNE_TIER_rune_tier_id`, `RUNE_TYPE_rune_type_id`, `RUNE_INCREASE_STYLE_rune_increase_style_id`) VALUES ('Lesser Glyph of Health Regeneration', 'Add 0.15 health regen / 5 sec.', 5, 11, 1, 1, 1);
INSERT INTO `mydb`.`RUNES` (`Rune`, `Description`, `IP_Cost`, `RUNE_EFFECT_rune_effect_id`, `RUNE_TIER_rune_tier_id`, `RUNE_TYPE_rune_type_id`, `RUNE_INCREASE_STYLE_rune_increase_style_id`) VALUES ('Lesser Glyph of Ability Power', 'Add 0.66 ability power', 5, 1, 1, 1, 1);
INSERT INTO `mydb`.`RUNES` (`Rune`, `Description`, `IP_Cost`, `RUNE_EFFECT_rune_effect_id`, `RUNE_TIER_rune_tier_id`, `RUNE_TYPE_rune_type_id`, `RUNE_INCREASE_STYLE_rune_increase_style_id`) VALUES ('Lesser Glyph of Mana', 'Add 6.25 mana', 5, 15, 1, 1, 1);
INSERT INTO `mydb`.`RUNES` (`Rune`, `Description`, `IP_Cost`, `RUNE_EFFECT_rune_effect_id`, `RUNE_TIER_rune_tier_id`, `RUNE_TYPE_rune_type_id`, `RUNE_INCREASE_STYLE_rune_increase_style_id`) VALUES ('Lesser Glyph of Mana Regeneration', 'Add 0.19 mana regen / 5 sec.', 5, 16, 1, 1, 1);
INSERT INTO `mydb`.`RUNES` (`Rune`, `Description`, `IP_Cost`, `RUNE_EFFECT_rune_effect_id`, `RUNE_TIER_rune_tier_id`, `RUNE_TYPE_rune_type_id`, `RUNE_INCREASE_STYLE_rune_increase_style_id`) VALUES ('Lesser Glyph of Magic Penetration', 'Add 0.35 magic penetration', 5, 13, 1, 1, 1);
INSERT INTO `mydb`.`RUNES` (`Rune`, `Description`, `IP_Cost`, `RUNE_EFFECT_rune_effect_id`, `RUNE_TIER_rune_tier_id`, `RUNE_TYPE_rune_type_id`, `RUNE_INCREASE_STYLE_rune_increase_style_id`) VALUES ('Lesser Glyph of the Challenger', 'Add 0.66 ability power', 5, 1, 1, 1, 1);
INSERT INTO `mydb`.`RUNES` (`Rune`, `Description`, `IP_Cost`, `RUNE_EFFECT_rune_effect_id`, `RUNE_TIER_rune_tier_id`, `RUNE_TYPE_rune_type_id`, `RUNE_INCREASE_STYLE_rune_increase_style_id`) VALUES ('Lesser Glyph of Attack Speed', 'Add 0.35% attack speed', 5, 5, 1, 1, 3);
INSERT INTO `mydb`.`RUNES` (`Rune`, `Description`, `IP_Cost`, `RUNE_EFFECT_rune_effect_id`, `RUNE_TIER_rune_tier_id`, `RUNE_TYPE_rune_type_id`, `RUNE_INCREASE_STYLE_rune_increase_style_id`) VALUES ('Lesser Quintessence of Scaling Attack Damage', 'Add 0.14 attack damage per level (+2.52 at champion level 18)', 15, 4, 1, 3, 2);
INSERT INTO `mydb`.`RUNES` (`Rune`, `Description`, `IP_Cost`, `RUNE_EFFECT_rune_effect_id`, `RUNE_TIER_rune_tier_id`, `RUNE_TYPE_rune_type_id`, `RUNE_INCREASE_STYLE_rune_increase_style_id`) VALUES ('Lesser Quintessence of Scaling Health', 'Add 1.5 health per level (+27 at champion level 18)', 15, 10, 1, 3, 2);
INSERT INTO `mydb`.`RUNES` (`Rune`, `Description`, `IP_Cost`, `RUNE_EFFECT_rune_effect_id`, `RUNE_TIER_rune_tier_id`, `RUNE_TYPE_rune_type_id`, `RUNE_INCREASE_STYLE_rune_increase_style_id`) VALUES ('Lesser Quintessence of Scaling Armor', 'Add 0.21 armor per level (+3.78 at champion level 18)', 15, 2, 1, 3, 2);
INSERT INTO `mydb`.`RUNES` (`Rune`, `Description`, `IP_Cost`, `RUNE_EFFECT_rune_effect_id`, `RUNE_TIER_rune_tier_id`, `RUNE_TYPE_rune_type_id`, `RUNE_INCREASE_STYLE_rune_increase_style_id`) VALUES ('Lesser Quintessence of Scaling Magic Resist', 'Add 0.21 magic resist per level (+3.78 at champion level 18)', 15, 14, 1, 3, 2);
INSERT INTO `mydb`.`RUNES` (`Rune`, `Description`, `IP_Cost`, `RUNE_EFFECT_rune_effect_id`, `RUNE_TIER_rune_tier_id`, `RUNE_TYPE_rune_type_id`, `RUNE_INCREASE_STYLE_rune_increase_style_id`) VALUES ('Lesser Quintessence of Scaling Health Regeneration', 'Add 0.16 health regen / 5 sec. per level (+2.88 at champion level 18)', 15, 11, 1, 3, 2);
INSERT INTO `mydb`.`RUNES` (`Rune`, `Description`, `IP_Cost`, `RUNE_EFFECT_rune_effect_id`, `RUNE_TIER_rune_tier_id`, `RUNE_TYPE_rune_type_id`, `RUNE_INCREASE_STYLE_rune_increase_style_id`) VALUES ('Lesser Quintessence of Scaling Ability Power', 'Add 0.24 ability power per level (+4.32 at champion level 18)', 15, 1, 1, 3, 2);
INSERT INTO `mydb`.`RUNES` (`Rune`, `Description`, `IP_Cost`, `RUNE_EFFECT_rune_effect_id`, `RUNE_TIER_rune_tier_id`, `RUNE_TYPE_rune_type_id`, `RUNE_INCREASE_STYLE_rune_increase_style_id`) VALUES ('Lesser Quintessence of Scaling Mana', 'Add 2.31 mana per level (+41.58 at champion level 18)', 15, 15, 1, 3, 2);
INSERT INTO `mydb`.`RUNES` (`Rune`, `Description`, `IP_Cost`, `RUNE_EFFECT_rune_effect_id`, `RUNE_TIER_rune_tier_id`, `RUNE_TYPE_rune_type_id`, `RUNE_INCREASE_STYLE_rune_increase_style_id`) VALUES ('Lesser Quintessence of Scaling Mana Regeneration', 'Add 0.14 mana regen / 5 sec. per level (+2.52 at champion level 18)', 15, 16, 1, 3, 2);
INSERT INTO `mydb`.`RUNES` (`Rune`, `Description`, `IP_Cost`, `RUNE_EFFECT_rune_effect_id`, `RUNE_TIER_rune_tier_id`, `RUNE_TYPE_rune_type_id`, `RUNE_INCREASE_STYLE_rune_increase_style_id`) VALUES ('Lesser Quintessence of Attack Damage', 'Add 1.25 attack damage', 15, 4, 1, 3, 1);
INSERT INTO `mydb`.`RUNES` (`Rune`, `Description`, `IP_Cost`, `RUNE_EFFECT_rune_effect_id`, `RUNE_TIER_rune_tier_id`, `RUNE_TYPE_rune_type_id`, `RUNE_INCREASE_STYLE_rune_increase_style_id`) VALUES ('Lesser Quintessence of Critical Damage', 'Add 2.48% critical damage', 15, 8, 1, 3, 1);
INSERT INTO `mydb`.`RUNES` (`Rune`, `Description`, `IP_Cost`, `RUNE_EFFECT_rune_effect_id`, `RUNE_TIER_rune_tier_id`, `RUNE_TYPE_rune_type_id`, `RUNE_INCREASE_STYLE_rune_increase_style_id`) VALUES ('Lesser Quintessence of Critical Chance', 'Add 1.03% critical chance', 15, 7, 1, 3, 1);
INSERT INTO `mydb`.`RUNES` (`Rune`, `Description`, `IP_Cost`, `RUNE_EFFECT_rune_effect_id`, `RUNE_TIER_rune_tier_id`, `RUNE_TYPE_rune_type_id`, `RUNE_INCREASE_STYLE_rune_increase_style_id`) VALUES ('Lesser Quintessence of Armor Penetration', 'Add 1.42 armor penetration', 15, 3, 1, 3, 1);
INSERT INTO `mydb`.`RUNES` (`Rune`, `Description`, `IP_Cost`, `RUNE_EFFECT_rune_effect_id`, `RUNE_TIER_rune_tier_id`, `RUNE_TYPE_rune_type_id`, `RUNE_INCREASE_STYLE_rune_increase_style_id`) VALUES ('Lesser Quintessence of Health', 'Add 14.5 health', 15, 10, 1, 3, 1);
INSERT INTO `mydb`.`RUNES` (`Rune`, `Description`, `IP_Cost`, `RUNE_EFFECT_rune_effect_id`, `RUNE_TIER_rune_tier_id`, `RUNE_TYPE_rune_type_id`, `RUNE_INCREASE_STYLE_rune_increase_style_id`) VALUES ('Lesser Quintessence of Armor', 'Add 2.37 armor', 15, 2, 1, 3, 1);
INSERT INTO `mydb`.`RUNES` (`Rune`, `Description`, `IP_Cost`, `RUNE_EFFECT_rune_effect_id`, `RUNE_TIER_rune_tier_id`, `RUNE_TYPE_rune_type_id`, `RUNE_INCREASE_STYLE_rune_increase_style_id`) VALUES ('Lesser Quintessence of Magic Resist', 'Add 2.22 magic resist', 15, 14, 1, 3, 1);
INSERT INTO `mydb`.`RUNES` (`Rune`, `Description`, `IP_Cost`, `RUNE_EFFECT_rune_effect_id`, `RUNE_TIER_rune_tier_id`, `RUNE_TYPE_rune_type_id`, `RUNE_INCREASE_STYLE_rune_increase_style_id`) VALUES ('Lesser Quintessence of Health Regeneration', 'Add 1.5 health regen / 5 sec.', 15, 11, 1, 3, 1);
INSERT INTO `mydb`.`RUNES` (`Rune`, `Description`, `IP_Cost`, `RUNE_EFFECT_rune_effect_id`, `RUNE_TIER_rune_tier_id`, `RUNE_TYPE_rune_type_id`, `RUNE_INCREASE_STYLE_rune_increase_style_id`) VALUES ('Lesser Quintessence of Ability Power', 'Add 2.75 ability power', 15, 1, 1, 3, 1);
INSERT INTO `mydb`.`RUNES` (`Rune`, `Description`, `IP_Cost`, `RUNE_EFFECT_rune_effect_id`, `RUNE_TIER_rune_tier_id`, `RUNE_TYPE_rune_type_id`, `RUNE_INCREASE_STYLE_rune_increase_style_id`) VALUES ('Lesser Quintessence of Mana', 'Add 20.83 mana', 15, 15, 1, 3, 1);
INSERT INTO `mydb`.`RUNES` (`Rune`, `Description`, `IP_Cost`, `RUNE_EFFECT_rune_effect_id`, `RUNE_TIER_rune_tier_id`, `RUNE_TYPE_rune_type_id`, `RUNE_INCREASE_STYLE_rune_increase_style_id`) VALUES ('Lesser Quintessence of Mana Regeneration', 'Add 0.69 mana regen / 5 sec.', 15, 16, 1, 3, 1);
INSERT INTO `mydb`.`RUNES` (`Rune`, `Description`, `IP_Cost`, `RUNE_EFFECT_rune_effect_id`, `RUNE_TIER_rune_tier_id`, `RUNE_TYPE_rune_type_id`, `RUNE_INCREASE_STYLE_rune_increase_style_id`) VALUES ('Lesser Quintessence of Magic Penetration', 'Add 1.11 magic penetration', 15, 13, 1, 3, 1);
INSERT INTO `mydb`.`RUNES` (`Rune`, `Description`, `IP_Cost`, `RUNE_EFFECT_rune_effect_id`, `RUNE_TIER_rune_tier_id`, `RUNE_TYPE_rune_type_id`, `RUNE_INCREASE_STYLE_rune_increase_style_id`) VALUES ('Lesser Quintessence of Hybrid Penetration', 'Add 0.99 Armor Penetration and 0.78 Magic Penetration', 15, 12, 1, 3, 1);
INSERT INTO `mydb`.`RUNES` (`Rune`, `Description`, `IP_Cost`, `RUNE_EFFECT_rune_effect_id`, `RUNE_TIER_rune_tier_id`, `RUNE_TYPE_rune_type_id`, `RUNE_INCREASE_STYLE_rune_increase_style_id`) VALUES ('Lesser Quintessence of Attack Speed', 'Add  2.52% attack speed', 15, 5, 1, 3, 3);
INSERT INTO `mydb`.`RUNES` (`Rune`, `Description`, `IP_Cost`, `RUNE_EFFECT_rune_effect_id`, `RUNE_TIER_rune_tier_id`, `RUNE_TYPE_rune_type_id`, `RUNE_INCREASE_STYLE_rune_increase_style_id`) VALUES ('Lesser Quintessence of Movement Speed', 'Add 0.83% movement speed', 15, 17, 1, 3, 3);
INSERT INTO `mydb`.`RUNES` (`Rune`, `Description`, `IP_Cost`, `RUNE_EFFECT_rune_effect_id`, `RUNE_TIER_rune_tier_id`, `RUNE_TYPE_rune_type_id`, `RUNE_INCREASE_STYLE_rune_increase_style_id`) VALUES ('Lesser Quintessence of Percent Health', 'Add 0.84% increased health', 15, 10, 1, 3, 3);
INSERT INTO `mydb`.`RUNES` (`Rune`, `Description`, `IP_Cost`, `RUNE_EFFECT_rune_effect_id`, `RUNE_TIER_rune_tier_id`, `RUNE_TYPE_rune_type_id`, `RUNE_INCREASE_STYLE_rune_increase_style_id`) VALUES ('Mark of Scaling Attack Damage', 'Add 0.1 attack damage per level (+1.89 at champion level 18)', 35, 4, 2, 2, 2);
INSERT INTO `mydb`.`RUNES` (`Rune`, `Description`, `IP_Cost`, `RUNE_EFFECT_rune_effect_id`, `RUNE_TIER_rune_tier_id`, `RUNE_TYPE_rune_type_id`, `RUNE_INCREASE_STYLE_rune_increase_style_id`) VALUES ('Mark of Scaling Health', 'Add 0.42 health per level (+7.56 at champion level 18)', 35, 10, 2, 2, 2);
INSERT INTO `mydb`.`RUNES` (`Rune`, `Description`, `IP_Cost`, `RUNE_EFFECT_rune_effect_id`, `RUNE_TIER_rune_tier_id`, `RUNE_TYPE_rune_type_id`, `RUNE_INCREASE_STYLE_rune_increase_style_id`) VALUES ('Mark of Scaling Magic Resist', 'Add 0.06 magic resist per level (+1.08 at champion level 18)', 35, 14, 2, 2, 2);
INSERT INTO `mydb`.`RUNES` (`Rune`, `Description`, `IP_Cost`, `RUNE_EFFECT_rune_effect_id`, `RUNE_TIER_rune_tier_id`, `RUNE_TYPE_rune_type_id`, `RUNE_INCREASE_STYLE_rune_increase_style_id`) VALUES ('Mark of Scaling Ability Power', 'Add 0.08 ability power per level (+1.44 at champion level 18)', 35, 1, 2, 2, 2);
INSERT INTO `mydb`.`RUNES` (`Rune`, `Description`, `IP_Cost`, `RUNE_EFFECT_rune_effect_id`, `RUNE_TIER_rune_tier_id`, `RUNE_TYPE_rune_type_id`, `RUNE_INCREASE_STYLE_rune_increase_style_id`) VALUES ('Mark of Scaling Mana', 'Add 0.91 mana per level (+16.38 at champion level 18)', 35, 15, 2, 2, 2);
INSERT INTO `mydb`.`RUNES` (`Rune`, `Description`, `IP_Cost`, `RUNE_EFFECT_rune_effect_id`, `RUNE_TIER_rune_tier_id`, `RUNE_TYPE_rune_type_id`, `RUNE_INCREASE_STYLE_rune_increase_style_id`) VALUES ('Mark of Attack Damage', 'Add 0.74 attack damage', 35, 4, 2, 2, 1);
INSERT INTO `mydb`.`RUNES` (`Rune`, `Description`, `IP_Cost`, `RUNE_EFFECT_rune_effect_id`, `RUNE_TIER_rune_tier_id`, `RUNE_TYPE_rune_type_id`, `RUNE_INCREASE_STYLE_rune_increase_style_id`) VALUES ('Mark of Critical Damage', 'Add 1.74% critical damage', 35, 8, 2, 2, 1);
INSERT INTO `mydb`.`RUNES` (`Rune`, `Description`, `IP_Cost`, `RUNE_EFFECT_rune_effect_id`, `RUNE_TIER_rune_tier_id`, `RUNE_TYPE_rune_type_id`, `RUNE_INCREASE_STYLE_rune_increase_style_id`) VALUES ('Mark of Critical Chance', 'Add 0.72% critical chance', 35, 7, 2, 2, 1);
INSERT INTO `mydb`.`RUNES` (`Rune`, `Description`, `IP_Cost`, `RUNE_EFFECT_rune_effect_id`, `RUNE_TIER_rune_tier_id`, `RUNE_TYPE_rune_type_id`, `RUNE_INCREASE_STYLE_rune_increase_style_id`) VALUES ('Mark of Armor Penetration', 'Add 1 armor penetration', 35, 3, 2, 2, 1);
INSERT INTO `mydb`.`RUNES` (`Rune`, `Description`, `IP_Cost`, `RUNE_EFFECT_rune_effect_id`, `RUNE_TIER_rune_tier_id`, `RUNE_TYPE_rune_type_id`, `RUNE_INCREASE_STYLE_rune_increase_style_id`) VALUES ('Mark of Health', 'Add 2.7 health', 35, 10, 2, 2, 1);
INSERT INTO `mydb`.`RUNES` (`Rune`, `Description`, `IP_Cost`, `RUNE_EFFECT_rune_effect_id`, `RUNE_TIER_rune_tier_id`, `RUNE_TYPE_rune_type_id`, `RUNE_INCREASE_STYLE_rune_increase_style_id`) VALUES ('Mark of Armor', 'Add 0.71 armor', 35, 2, 2, 2, 1);
INSERT INTO `mydb`.`RUNES` (`Rune`, `Description`, `IP_Cost`, `RUNE_EFFECT_rune_effect_id`, `RUNE_TIER_rune_tier_id`, `RUNE_TYPE_rune_type_id`, `RUNE_INCREASE_STYLE_rune_increase_style_id`) VALUES ('Mark of Magic Resist', 'Add 0.6 magic resist', 35, 14, 2, 2, 1);
INSERT INTO `mydb`.`RUNES` (`Rune`, `Description`, `IP_Cost`, `RUNE_EFFECT_rune_effect_id`, `RUNE_TIER_rune_tier_id`, `RUNE_TYPE_rune_type_id`, `RUNE_INCREASE_STYLE_rune_increase_style_id`) VALUES ('Mark of Ability Power', 'Add 0.46 ability power', 35, 1, 2, 2, 1);
INSERT INTO `mydb`.`RUNES` (`Rune`, `Description`, `IP_Cost`, `RUNE_EFFECT_rune_effect_id`, `RUNE_TIER_rune_tier_id`, `RUNE_TYPE_rune_type_id`, `RUNE_INCREASE_STYLE_rune_increase_style_id`) VALUES ('Mark of Mana', 'Add 4.59 mana', 35, 15, 2, 2, 1);
INSERT INTO `mydb`.`RUNES` (`Rune`, `Description`, `IP_Cost`, `RUNE_EFFECT_rune_effect_id`, `RUNE_TIER_rune_tier_id`, `RUNE_TYPE_rune_type_id`, `RUNE_INCREASE_STYLE_rune_increase_style_id`) VALUES ('Mark of Mana Regeneration', 'Add 0.2 mana regen / 5 sec.', 35, 16, 2, 2, 1);
INSERT INTO `mydb`.`RUNES` (`Rune`, `Description`, `IP_Cost`, `RUNE_EFFECT_rune_effect_id`, `RUNE_TIER_rune_tier_id`, `RUNE_TYPE_rune_type_id`, `RUNE_INCREASE_STYLE_rune_increase_style_id`) VALUES ('Mark of Magic Penetration', 'Add 0.68 magic penetration', 35, 13, 2, 2, 1);
INSERT INTO `mydb`.`RUNES` (`Rune`, `Description`, `IP_Cost`, `RUNE_EFFECT_rune_effect_id`, `RUNE_TIER_rune_tier_id`, `RUNE_TYPE_rune_type_id`, `RUNE_INCREASE_STYLE_rune_increase_style_id`) VALUES ('Mark of Hybrid Penetration', 'Add 0.7 Armor Penetration and 0.48 Magic Penetration', 35, 12, 2, 2, 1);
INSERT INTO `mydb`.`RUNES` (`Rune`, `Description`, `IP_Cost`, `RUNE_EFFECT_rune_effect_id`, `RUNE_TIER_rune_tier_id`, `RUNE_TYPE_rune_type_id`, `RUNE_INCREASE_STYLE_rune_increase_style_id`) VALUES ('Mark of the Crippling Candy Cane', 'Add 2% critical damage', 35, 8, 2, 2, 1);
INSERT INTO `mydb`.`RUNES` (`Rune`, `Description`, `IP_Cost`, `RUNE_EFFECT_rune_effect_id`, `RUNE_TIER_rune_tier_id`, `RUNE_TYPE_rune_type_id`, `RUNE_INCREASE_STYLE_rune_increase_style_id`) VALUES ('Mark of the Combatant', 'Add 2% critical damage', 35, 8, 2, 2, 1);
INSERT INTO `mydb`.`RUNES` (`Rune`, `Description`, `IP_Cost`, `RUNE_EFFECT_rune_effect_id`, `RUNE_TIER_rune_tier_id`, `RUNE_TYPE_rune_type_id`, `RUNE_INCREASE_STYLE_rune_increase_style_id`) VALUES ('Mark of Attack Speed', 'Add 1.32% attack speed', 35, 5, 2, 2, 3);
INSERT INTO `mydb`.`RUNES` (`Rune`, `Description`, `IP_Cost`, `RUNE_EFFECT_rune_effect_id`, `RUNE_TIER_rune_tier_id`, `RUNE_TYPE_rune_type_id`, `RUNE_INCREASE_STYLE_rune_increase_style_id`) VALUES ('Seal of Scaling Attack Damage', 'Add 0.05 attack damage per level (+0.85 at champion level 18)', 35, 4, 2, 4, 2);
INSERT INTO `mydb`.`RUNES` (`Rune`, `Description`, `IP_Cost`, `RUNE_EFFECT_rune_effect_id`, `RUNE_TIER_rune_tier_id`, `RUNE_TYPE_rune_type_id`, `RUNE_INCREASE_STYLE_rune_increase_style_id`) VALUES ('Seal of Scaling Health', 'Add 1.04 health per level (+18.72 at champion level 18)', 35, 10, 2, 4, 2);
INSERT INTO `mydb`.`RUNES` (`Rune`, `Description`, `IP_Cost`, `RUNE_EFFECT_rune_effect_id`, `RUNE_TIER_rune_tier_id`, `RUNE_TYPE_rune_type_id`, `RUNE_INCREASE_STYLE_rune_increase_style_id`) VALUES ('Seal of Scaling Armor', 'Add 0.13 armor per level (+2.34 at champion level 18)', 35, 2, 2, 4, 2);
INSERT INTO `mydb`.`RUNES` (`Rune`, `Description`, `IP_Cost`, `RUNE_EFFECT_rune_effect_id`, `RUNE_TIER_rune_tier_id`, `RUNE_TYPE_rune_type_id`, `RUNE_INCREASE_STYLE_rune_increase_style_id`) VALUES ('Seal of Scaling Magic Resist', 'Add 0.08 magic resist per level (+1.44 at champion level 18)', 35, 14, 2, 4, 2);
INSERT INTO `mydb`.`RUNES` (`Rune`, `Description`, `IP_Cost`, `RUNE_EFFECT_rune_effect_id`, `RUNE_TIER_rune_tier_id`, `RUNE_TYPE_rune_type_id`, `RUNE_INCREASE_STYLE_rune_increase_style_id`) VALUES ('Seal of Scaling Health Regeneration', 'Add 0.09 health regen / 5 sec. per level (+1.62 at champion level 18)', 35, 11, 2, 4, 2);
INSERT INTO `mydb`.`RUNES` (`Rune`, `Description`, `IP_Cost`, `RUNE_EFFECT_rune_effect_id`, `RUNE_TIER_rune_tier_id`, `RUNE_TYPE_rune_type_id`, `RUNE_INCREASE_STYLE_rune_increase_style_id`) VALUES ('Seal of Scaling Ability Power', 'Add 0.08 ability power per level (+1.44 at champion level 18)', 35, 1, 2, 4, 2);
INSERT INTO `mydb`.`RUNES` (`Rune`, `Description`, `IP_Cost`, `RUNE_EFFECT_rune_effect_id`, `RUNE_TIER_rune_tier_id`, `RUNE_TYPE_rune_type_id`, `RUNE_INCREASE_STYLE_rune_increase_style_id`) VALUES ('Seal of Scaling Mana', 'Add 0.91 mana per level (+16.38 at champion level 18)', 35, 15, 2, 4, 2);
INSERT INTO `mydb`.`RUNES` (`Rune`, `Description`, `IP_Cost`, `RUNE_EFFECT_rune_effect_id`, `RUNE_TIER_rune_tier_id`, `RUNE_TYPE_rune_type_id`, `RUNE_INCREASE_STYLE_rune_increase_style_id`) VALUES ('Seal of Scaling Mana Regeneration', 'Add 0.05 mana regen / 5 sec. per level (+0.9 at champion level 18)', 35, 16, 2, 4, 2);
INSERT INTO `mydb`.`RUNES` (`Rune`, `Description`, `IP_Cost`, `RUNE_EFFECT_rune_effect_id`, `RUNE_TIER_rune_tier_id`, `RUNE_TYPE_rune_type_id`, `RUNE_INCREASE_STYLE_rune_increase_style_id`) VALUES ('Seal of Attack Damage', 'Add 0.33 attack damage', 35, 4, 2, 4, 1);
INSERT INTO `mydb`.`RUNES` (`Rune`, `Description`, `IP_Cost`, `RUNE_EFFECT_rune_effect_id`, `RUNE_TIER_rune_tier_id`, `RUNE_TYPE_rune_type_id`, `RUNE_INCREASE_STYLE_rune_increase_style_id`) VALUES ('Seal of Critical Damage', 'Add 0.61% critical damage', 35, 8, 2, 4, 1);
INSERT INTO `mydb`.`RUNES` (`Rune`, `Description`, `IP_Cost`, `RUNE_EFFECT_rune_effect_id`, `RUNE_TIER_rune_tier_id`, `RUNE_TYPE_rune_type_id`, `RUNE_INCREASE_STYLE_rune_increase_style_id`) VALUES ('Seal of Critical Chance', 'Add 0.32% critical chance', 35, 7, 2, 4, 1);
INSERT INTO `mydb`.`RUNES` (`Rune`, `Description`, `IP_Cost`, `RUNE_EFFECT_rune_effect_id`, `RUNE_TIER_rune_tier_id`, `RUNE_TYPE_rune_type_id`, `RUNE_INCREASE_STYLE_rune_increase_style_id`) VALUES ('Seal of Health', 'Add 6.24 health', 35, 10, 2, 4, 1);
INSERT INTO `mydb`.`RUNES` (`Rune`, `Description`, `IP_Cost`, `RUNE_EFFECT_rune_effect_id`, `RUNE_TIER_rune_tier_id`, `RUNE_TYPE_rune_type_id`, `RUNE_INCREASE_STYLE_rune_increase_style_id`) VALUES ('Seal of Armor', 'Add 0.78 armor', 35, 2, 2, 4, 1);
INSERT INTO `mydb`.`RUNES` (`Rune`, `Description`, `IP_Cost`, `RUNE_EFFECT_rune_effect_id`, `RUNE_TIER_rune_tier_id`, `RUNE_TYPE_rune_type_id`, `RUNE_INCREASE_STYLE_rune_increase_style_id`) VALUES ('Seal of Magic Resist', 'Add 0.58 magic resist', 35, 14, 2, 4, 1);
INSERT INTO `mydb`.`RUNES` (`Rune`, `Description`, `IP_Cost`, `RUNE_EFFECT_rune_effect_id`, `RUNE_TIER_rune_tier_id`, `RUNE_TYPE_rune_type_id`, `RUNE_INCREASE_STYLE_rune_increase_style_id`) VALUES ('Seal of Health Regeneration', 'Add 0.43 health regen / 5 sec.', 35, 11, 2, 4, 1);
INSERT INTO `mydb`.`RUNES` (`Rune`, `Description`, `IP_Cost`, `RUNE_EFFECT_rune_effect_id`, `RUNE_TIER_rune_tier_id`, `RUNE_TYPE_rune_type_id`, `RUNE_INCREASE_STYLE_rune_increase_style_id`) VALUES ('Seal of Ability Power', 'Add 0.46 ability power', 35, 1, 2, 4, 1);
INSERT INTO `mydb`.`RUNES` (`Rune`, `Description`, `IP_Cost`, `RUNE_EFFECT_rune_effect_id`, `RUNE_TIER_rune_tier_id`, `RUNE_TYPE_rune_type_id`, `RUNE_INCREASE_STYLE_rune_increase_style_id`) VALUES ('Seal of Mana', 'Add 5.36 mana', 35, 15, 2, 4, 1);
INSERT INTO `mydb`.`RUNES` (`Rune`, `Description`, `IP_Cost`, `RUNE_EFFECT_rune_effect_id`, `RUNE_TIER_rune_tier_id`, `RUNE_TYPE_rune_type_id`, `RUNE_INCREASE_STYLE_rune_increase_style_id`) VALUES ('Seal of Mana Regeneration', 'Add 0.32 mana regen / 5 sec.', 35, 16, 2, 4, 1);
INSERT INTO `mydb`.`RUNES` (`Rune`, `Description`, `IP_Cost`, `RUNE_EFFECT_rune_effect_id`, `RUNE_TIER_rune_tier_id`, `RUNE_TYPE_rune_type_id`, `RUNE_INCREASE_STYLE_rune_increase_style_id`) VALUES ('Seal of Attack Speed', 'Add 0.59% attack speed', 35, 5, 2, 4, 3);
INSERT INTO `mydb`.`RUNES` (`Rune`, `Description`, `IP_Cost`, `RUNE_EFFECT_rune_effect_id`, `RUNE_TIER_rune_tier_id`, `RUNE_TYPE_rune_type_id`, `RUNE_INCREASE_STYLE_rune_increase_style_id`) VALUES ('Seal of Percent Health', 'Add 0.39% Health', 35, 10, 2, 4, 3);
INSERT INTO `mydb`.`RUNES` (`Rune`, `Description`, `IP_Cost`, `RUNE_EFFECT_rune_effect_id`, `RUNE_TIER_rune_tier_id`, `RUNE_TYPE_rune_type_id`, `RUNE_INCREASE_STYLE_rune_increase_style_id`) VALUES ('Glyph of Scaling Attack Damage', 'Add 0.03 attack damage per level (+0.57 at champion level 18)', 35, 4, 2, 1, 2);
INSERT INTO `mydb`.`RUNES` (`Rune`, `Description`, `IP_Cost`, `RUNE_EFFECT_rune_effect_id`, `RUNE_TIER_rune_tier_id`, `RUNE_TYPE_rune_type_id`, `RUNE_INCREASE_STYLE_rune_increase_style_id`) VALUES ('Glyph of Scaling Health', 'Add 0.42 health per level (+7.56 at champion level 18)', 35, 10, 2, 1, 2);
INSERT INTO `mydb`.`RUNES` (`Rune`, `Description`, `IP_Cost`, `RUNE_EFFECT_rune_effect_id`, `RUNE_TIER_rune_tier_id`, `RUNE_TYPE_rune_type_id`, `RUNE_INCREASE_STYLE_rune_increase_style_id`) VALUES ('Glyph of Scaling Magic Resist', 'Add 0.13 magic resist per level (+2.34 at champion level 18)', 35, 14, 2, 1, 2);
INSERT INTO `mydb`.`RUNES` (`Rune`, `Description`, `IP_Cost`, `RUNE_EFFECT_rune_effect_id`, `RUNE_TIER_rune_tier_id`, `RUNE_TYPE_rune_type_id`, `RUNE_INCREASE_STYLE_rune_increase_style_id`) VALUES ('Glyph of Scaling Ability Power', 'Add 0.13 ability power per level (+2.34 at champion level 18)', 35, 1, 2, 1, 2);
INSERT INTO `mydb`.`RUNES` (`Rune`, `Description`, `IP_Cost`, `RUNE_EFFECT_rune_effect_id`, `RUNE_TIER_rune_tier_id`, `RUNE_TYPE_rune_type_id`, `RUNE_INCREASE_STYLE_rune_increase_style_id`) VALUES ('Glyph of Scaling Mana', 'Add 1.1 mana per level (+19.8 at champion level 18)', 35, 15, 2, 1, 2);
INSERT INTO `mydb`.`RUNES` (`Rune`, `Description`, `IP_Cost`, `RUNE_EFFECT_rune_effect_id`, `RUNE_TIER_rune_tier_id`, `RUNE_TYPE_rune_type_id`, `RUNE_INCREASE_STYLE_rune_increase_style_id`) VALUES ('Glyph of Scaling Mana Regeneration', 'Add 0.05 mana regen / 5 sec. per level (+0.94 at champion level 18)', 35, 16, 2, 1, 2);
INSERT INTO `mydb`.`RUNES` (`Rune`, `Description`, `IP_Cost`, `RUNE_EFFECT_rune_effect_id`, `RUNE_TIER_rune_tier_id`, `RUNE_TYPE_rune_type_id`, `RUNE_INCREASE_STYLE_rune_increase_style_id`) VALUES ('Glyph of Attack Damage', 'Add 0.22 attack damage', 35, 4, 2, 1, 1);
INSERT INTO `mydb`.`RUNES` (`Rune`, `Description`, `IP_Cost`, `RUNE_EFFECT_rune_effect_id`, `RUNE_TIER_rune_tier_id`, `RUNE_TYPE_rune_type_id`, `RUNE_INCREASE_STYLE_rune_increase_style_id`) VALUES ('Glyph of Critical Damage', 'Add 0.43% critical damage', 35, 8, 2, 1, 1);
INSERT INTO `mydb`.`RUNES` (`Rune`, `Description`, `IP_Cost`, `RUNE_EFFECT_rune_effect_id`, `RUNE_TIER_rune_tier_id`, `RUNE_TYPE_rune_type_id`, `RUNE_INCREASE_STYLE_rune_increase_style_id`) VALUES ('Glyph of Critical Chance', 'Add 0.22% critical chance', 35, 7, 2, 1, 1);
INSERT INTO `mydb`.`RUNES` (`Rune`, `Description`, `IP_Cost`, `RUNE_EFFECT_rune_effect_id`, `RUNE_TIER_rune_tier_id`, `RUNE_TYPE_rune_type_id`, `RUNE_INCREASE_STYLE_rune_increase_style_id`) VALUES ('Glyph of Health', 'Add 2.08 health', 35, 10, 2, 1, 1);
INSERT INTO `mydb`.`RUNES` (`Rune`, `Description`, `IP_Cost`, `RUNE_EFFECT_rune_effect_id`, `RUNE_TIER_rune_tier_id`, `RUNE_TYPE_rune_type_id`, `RUNE_INCREASE_STYLE_rune_increase_style_id`) VALUES ('Glyph of Armor', 'Add 0.55 armor', 35, 2, 2, 1, 1);
INSERT INTO `mydb`.`RUNES` (`Rune`, `Description`, `IP_Cost`, `RUNE_EFFECT_rune_effect_id`, `RUNE_TIER_rune_tier_id`, `RUNE_TYPE_rune_type_id`, `RUNE_INCREASE_STYLE_rune_increase_style_id`) VALUES ('Glyph of Magic Resist', 'Add 1.04 magic resist', 35, 14, 2, 1, 1);
INSERT INTO `mydb`.`RUNES` (`Rune`, `Description`, `IP_Cost`, `RUNE_EFFECT_rune_effect_id`, `RUNE_TIER_rune_tier_id`, `RUNE_TYPE_rune_type_id`, `RUNE_INCREASE_STYLE_rune_increase_style_id`) VALUES ('Glyph of Health Regeneration', 'Add 0.21 health regen / 5 sec.', 35, 11, 2, 1, 1);
INSERT INTO `mydb`.`RUNES` (`Rune`, `Description`, `IP_Cost`, `RUNE_EFFECT_rune_effect_id`, `RUNE_TIER_rune_tier_id`, `RUNE_TYPE_rune_type_id`, `RUNE_INCREASE_STYLE_rune_increase_style_id`) VALUES ('Glyph of Ability Power', 'Add 0.92 ability power', 35, 1, 2, 1, 1);
INSERT INTO `mydb`.`RUNES` (`Rune`, `Description`, `IP_Cost`, `RUNE_EFFECT_rune_effect_id`, `RUNE_TIER_rune_tier_id`, `RUNE_TYPE_rune_type_id`, `RUNE_INCREASE_STYLE_rune_increase_style_id`) VALUES ('Glyph of Mana', 'Add 8.75 mana', 35, 15, 2, 1, 1);
INSERT INTO `mydb`.`RUNES` (`Rune`, `Description`, `IP_Cost`, `RUNE_EFFECT_rune_effect_id`, `RUNE_TIER_rune_tier_id`, `RUNE_TYPE_rune_type_id`, `RUNE_INCREASE_STYLE_rune_increase_style_id`) VALUES ('Glyph of Mana Regeneration', 'Add 0.26 mana regen / 5 sec.', 35, 16, 2, 1, 1);
INSERT INTO `mydb`.`RUNES` (`Rune`, `Description`, `IP_Cost`, `RUNE_EFFECT_rune_effect_id`, `RUNE_TIER_rune_tier_id`, `RUNE_TYPE_rune_type_id`, `RUNE_INCREASE_STYLE_rune_increase_style_id`) VALUES ('Glyph of Magic Penetration', 'Add 0.49 magic penetration', 35, 13, 2, 1, 1);
INSERT INTO `mydb`.`RUNES` (`Rune`, `Description`, `IP_Cost`, `RUNE_EFFECT_rune_effect_id`, `RUNE_TIER_rune_tier_id`, `RUNE_TYPE_rune_type_id`, `RUNE_INCREASE_STYLE_rune_increase_style_id`) VALUES ('Glyph of Attack Speed', 'Add 0.5% attack speed', 35, 5, 2, 1, 3);
INSERT INTO `mydb`.`RUNES` (`Rune`, `Description`, `IP_Cost`, `RUNE_EFFECT_rune_effect_id`, `RUNE_TIER_rune_tier_id`, `RUNE_TYPE_rune_type_id`, `RUNE_INCREASE_STYLE_rune_increase_style_id`) VALUES ('Quintessence of Scaling Attack Damage', 'Add 0.19 attack damage per level (+3.42 at champion level 18)', 100, 4, 2, 3, 2);
INSERT INTO `mydb`.`RUNES` (`Rune`, `Description`, `IP_Cost`, `RUNE_EFFECT_rune_effect_id`, `RUNE_TIER_rune_tier_id`, `RUNE_TYPE_rune_type_id`, `RUNE_INCREASE_STYLE_rune_increase_style_id`) VALUES ('Quintessence of Scaling Health', 'Add 2.1 health per level (+37.8 at champion level 18)', 100, 10, 2, 3, 2);
INSERT INTO `mydb`.`RUNES` (`Rune`, `Description`, `IP_Cost`, `RUNE_EFFECT_rune_effect_id`, `RUNE_TIER_rune_tier_id`, `RUNE_TYPE_rune_type_id`, `RUNE_INCREASE_STYLE_rune_increase_style_id`) VALUES ('Quintessence of Scaling Armor', 'Add 0.29 armor per level (+5.22 at champion level 18)', 100, 2, 2, 3, 2);
INSERT INTO `mydb`.`RUNES` (`Rune`, `Description`, `IP_Cost`, `RUNE_EFFECT_rune_effect_id`, `RUNE_TIER_rune_tier_id`, `RUNE_TYPE_rune_type_id`, `RUNE_INCREASE_STYLE_rune_increase_style_id`) VALUES ('Quintessence of Scaling Magic Resist', 'Add 0.29 magic resist per level (+5.22 at champion level 18)', 100, 14, 2, 3, 2);
INSERT INTO `mydb`.`RUNES` (`Rune`, `Description`, `IP_Cost`, `RUNE_EFFECT_rune_effect_id`, `RUNE_TIER_rune_tier_id`, `RUNE_TYPE_rune_type_id`, `RUNE_INCREASE_STYLE_rune_increase_style_id`) VALUES ('Quintessence of Scaling Health Regeneration', 'Add 0.22 health regen / 5 sec. per level (+3.96 at champion level 18)', 100, 11, 2, 3, 2);
INSERT INTO `mydb`.`RUNES` (`Rune`, `Description`, `IP_Cost`, `RUNE_EFFECT_rune_effect_id`, `RUNE_TIER_rune_tier_id`, `RUNE_TYPE_rune_type_id`, `RUNE_INCREASE_STYLE_rune_increase_style_id`) VALUES ('Quintessence of Scaling Ability Power', 'Add 0.34 ability power per level (+6.12 at champion level 18)', 100, 1, 2, 3, 2);
INSERT INTO `mydb`.`RUNES` (`Rune`, `Description`, `IP_Cost`, `RUNE_EFFECT_rune_effect_id`, `RUNE_TIER_rune_tier_id`, `RUNE_TYPE_rune_type_id`, `RUNE_INCREASE_STYLE_rune_increase_style_id`) VALUES ('Quintessence of Scaling Mana', 'Add 3.24 mana per level (+58.32 at champion level 18)', 100, 15, 2, 3, 2);
INSERT INTO `mydb`.`RUNES` (`Rune`, `Description`, `IP_Cost`, `RUNE_EFFECT_rune_effect_id`, `RUNE_TIER_rune_tier_id`, `RUNE_TYPE_rune_type_id`, `RUNE_INCREASE_STYLE_rune_increase_style_id`) VALUES ('Quintessence of Scaling Mana Regeneration', 'Add 0.19 mana regen / 5 sec. per level (+3.42 at champion level 18)', 100, 16, 2, 3, 2);
INSERT INTO `mydb`.`RUNES` (`Rune`, `Description`, `IP_Cost`, `RUNE_EFFECT_rune_effect_id`, `RUNE_TIER_rune_tier_id`, `RUNE_TYPE_rune_type_id`, `RUNE_INCREASE_STYLE_rune_increase_style_id`) VALUES ('Quintessence of Attack Damage', 'Add 1.75 attack damage', 100, 4, 2, 3, 1);
INSERT INTO `mydb`.`RUNES` (`Rune`, `Description`, `IP_Cost`, `RUNE_EFFECT_rune_effect_id`, `RUNE_TIER_rune_tier_id`, `RUNE_TYPE_rune_type_id`, `RUNE_INCREASE_STYLE_rune_increase_style_id`) VALUES ('Quintessence of Critical Damage', 'Add 3.47% critical damage', 100, 8, 2, 3, 1);
INSERT INTO `mydb`.`RUNES` (`Rune`, `Description`, `IP_Cost`, `RUNE_EFFECT_rune_effect_id`, `RUNE_TIER_rune_tier_id`, `RUNE_TYPE_rune_type_id`, `RUNE_INCREASE_STYLE_rune_increase_style_id`) VALUES ('Quintessence of Critical Chance', 'Add 1.44% critical chance', 100, 7, 2, 3, 1);
INSERT INTO `mydb`.`RUNES` (`Rune`, `Description`, `IP_Cost`, `RUNE_EFFECT_rune_effect_id`, `RUNE_TIER_rune_tier_id`, `RUNE_TYPE_rune_type_id`, `RUNE_INCREASE_STYLE_rune_increase_style_id`) VALUES ('Quintessence of Armor Penetration', 'Add 1.99 armor penetration', 100, 3, 2, 3, 1);
INSERT INTO `mydb`.`RUNES` (`Rune`, `Description`, `IP_Cost`, `RUNE_EFFECT_rune_effect_id`, `RUNE_TIER_rune_tier_id`, `RUNE_TYPE_rune_type_id`, `RUNE_INCREASE_STYLE_rune_increase_style_id`) VALUES ('Quintessence of Health', 'Add 20 health', 100, 10, 2, 3, 1);
INSERT INTO `mydb`.`RUNES` (`Rune`, `Description`, `IP_Cost`, `RUNE_EFFECT_rune_effect_id`, `RUNE_TIER_rune_tier_id`, `RUNE_TYPE_rune_type_id`, `RUNE_INCREASE_STYLE_rune_increase_style_id`) VALUES ('Quintessence of Armor', 'Add 3.32 armor', 100, 2, 2, 3, 1);
INSERT INTO `mydb`.`RUNES` (`Rune`, `Description`, `IP_Cost`, `RUNE_EFFECT_rune_effect_id`, `RUNE_TIER_rune_tier_id`, `RUNE_TYPE_rune_type_id`, `RUNE_INCREASE_STYLE_rune_increase_style_id`) VALUES ('Quintessence of Magic Resist', 'Add 3.11 magic resist', 100, 14, 2, 3, 1);
INSERT INTO `mydb`.`RUNES` (`Rune`, `Description`, `IP_Cost`, `RUNE_EFFECT_rune_effect_id`, `RUNE_TIER_rune_tier_id`, `RUNE_TYPE_rune_type_id`, `RUNE_INCREASE_STYLE_rune_increase_style_id`) VALUES ('Quintessence of Health Regeneration', 'Add +2.1 health regen / 5 sec.', 100, 11, 2, 3, 1);
INSERT INTO `mydb`.`RUNES` (`Rune`, `Description`, `IP_Cost`, `RUNE_EFFECT_rune_effect_id`, `RUNE_TIER_rune_tier_id`, `RUNE_TYPE_rune_type_id`, `RUNE_INCREASE_STYLE_rune_increase_style_id`) VALUES ('Quintessence of Ability Power', 'Add 3.85 ability power', 100, 1, 2, 3, 1);
INSERT INTO `mydb`.`RUNES` (`Rune`, `Description`, `IP_Cost`, `RUNE_EFFECT_rune_effect_id`, `RUNE_TIER_rune_tier_id`, `RUNE_TYPE_rune_type_id`, `RUNE_INCREASE_STYLE_rune_increase_style_id`) VALUES ('Quintessence of Mana', 'Add 29.17 mana', 100, 15, 2, 3, 1);
INSERT INTO `mydb`.`RUNES` (`Rune`, `Description`, `IP_Cost`, `RUNE_EFFECT_rune_effect_id`, `RUNE_TIER_rune_tier_id`, `RUNE_TYPE_rune_type_id`, `RUNE_INCREASE_STYLE_rune_increase_style_id`) VALUES ('Quintessence of Mana Regeneration', 'Add 0.97 mana regen / 5 sec.', 100, 16, 2, 3, 1);
INSERT INTO `mydb`.`RUNES` (`Rune`, `Description`, `IP_Cost`, `RUNE_EFFECT_rune_effect_id`, `RUNE_TIER_rune_tier_id`, `RUNE_TYPE_rune_type_id`, `RUNE_INCREASE_STYLE_rune_increase_style_id`) VALUES ('Quintessence of Magic Penetration', 'Add 1.56 magic penetration', 100, 13, 2, 3, 1);
INSERT INTO `mydb`.`RUNES` (`Rune`, `Description`, `IP_Cost`, `RUNE_EFFECT_rune_effect_id`, `RUNE_TIER_rune_tier_id`, `RUNE_TYPE_rune_type_id`, `RUNE_INCREASE_STYLE_rune_increase_style_id`) VALUES ('Quintessence of Hybrid Penetration', 'Add 1.39 Armor Penetration and 1.09 Magic Penetration', 100, 12, 2, 3, 1);
INSERT INTO `mydb`.`RUNES` (`Rune`, `Description`, `IP_Cost`, `RUNE_EFFECT_rune_effect_id`, `RUNE_TIER_rune_tier_id`, `RUNE_TYPE_rune_type_id`, `RUNE_INCREASE_STYLE_rune_increase_style_id`) VALUES ('Quintessence of the Headless Horseman', 'Add 2.37 armor penetration', 100, 3, 2, 3, 1);
INSERT INTO `mydb`.`RUNES` (`Rune`, `Description`, `IP_Cost`, `RUNE_EFFECT_rune_effect_id`, `RUNE_TIER_rune_tier_id`, `RUNE_TYPE_rune_type_id`, `RUNE_INCREASE_STYLE_rune_increase_style_id`) VALUES ('Quintessence of the Piercing Screech', 'Add 1.85 magic penetration', 100, 13, 2, 3, 1);
INSERT INTO `mydb`.`RUNES` (`Rune`, `Description`, `IP_Cost`, `RUNE_EFFECT_rune_effect_id`, `RUNE_TIER_rune_tier_id`, `RUNE_TYPE_rune_type_id`, `RUNE_INCREASE_STYLE_rune_increase_style_id`) VALUES ('Quintessence of Bountiful Treats', 'Add 24 health', 100, 10, 2, 3, 1);
INSERT INTO `mydb`.`RUNES` (`Rune`, `Description`, `IP_Cost`, `RUNE_EFFECT_rune_effect_id`, `RUNE_TIER_rune_tier_id`, `RUNE_TYPE_rune_type_id`, `RUNE_INCREASE_STYLE_rune_increase_style_id`) VALUES ('Quintessence of the Witches Brew', 'Add 4.56 ability power', 100, 1, 2, 3, 1);
INSERT INTO `mydb`.`RUNES` (`Rune`, `Description`, `IP_Cost`, `RUNE_EFFECT_rune_effect_id`, `RUNE_TIER_rune_tier_id`, `RUNE_TYPE_rune_type_id`, `RUNE_INCREASE_STYLE_rune_increase_style_id`) VALUES ('Quintessence of Attack Speed', 'Add 3.51% attack speed', 100, 5, 2, 3, 3);
INSERT INTO `mydb`.`RUNES` (`Rune`, `Description`, `IP_Cost`, `RUNE_EFFECT_rune_effect_id`, `RUNE_TIER_rune_tier_id`, `RUNE_TYPE_rune_type_id`, `RUNE_INCREASE_STYLE_rune_increase_style_id`) VALUES ('Quintessence of Movement Speed', 'Add 1.17% movement speed', 100, 17, 2, 3, 3);
INSERT INTO `mydb`.`RUNES` (`Rune`, `Description`, `IP_Cost`, `RUNE_EFFECT_rune_effect_id`, `RUNE_TIER_rune_tier_id`, `RUNE_TYPE_rune_type_id`, `RUNE_INCREASE_STYLE_rune_increase_style_id`) VALUES ('Quintessence of Percent Health', 'Add 1.17% increased health', 100, 10, 2, 3, 3);
INSERT INTO `mydb`.`RUNES` (`Rune`, `Description`, `IP_Cost`, `RUNE_EFFECT_rune_effect_id`, `RUNE_TIER_rune_tier_id`, `RUNE_TYPE_rune_type_id`, `RUNE_INCREASE_STYLE_rune_increase_style_id`) VALUES ('Quintessence of the Speedy Specter', 'Add 1.39% movement speed', 100, 17, 2, 3, 3);
INSERT INTO `mydb`.`RUNES` (`Rune`, `Description`, `IP_Cost`, `RUNE_EFFECT_rune_effect_id`, `RUNE_TIER_rune_tier_id`, `RUNE_TYPE_rune_type_id`, `RUNE_INCREASE_STYLE_rune_increase_style_id`) VALUES ('Greater Mark of Scaling Attack Damage', 'Add 0.13 attack damage per level (+2.43 at champion level 18)', 410, 4, 3, 2, 2);
INSERT INTO `mydb`.`RUNES` (`Rune`, `Description`, `IP_Cost`, `RUNE_EFFECT_rune_effect_id`, `RUNE_TIER_rune_tier_id`, `RUNE_TYPE_rune_type_id`, `RUNE_INCREASE_STYLE_rune_increase_style_id`) VALUES ('Greater Mark of Scaling Health', 'Add 0.54 health per level (+9.72 at champion level 18)', 820, 10, 3, 2, 2);
INSERT INTO `mydb`.`RUNES` (`Rune`, `Description`, `IP_Cost`, `RUNE_EFFECT_rune_effect_id`, `RUNE_TIER_rune_tier_id`, `RUNE_TYPE_rune_type_id`, `RUNE_INCREASE_STYLE_rune_increase_style_id`) VALUES ('Greater Mark of Scaling Magic Resist', 'Add 0.07 magic resist per level (+1.26 at champion level 18)', 205, 14, 3, 2, 2);
INSERT INTO `mydb`.`RUNES` (`Rune`, `Description`, `IP_Cost`, `RUNE_EFFECT_rune_effect_id`, `RUNE_TIER_rune_tier_id`, `RUNE_TYPE_rune_type_id`, `RUNE_INCREASE_STYLE_rune_increase_style_id`) VALUES ('Greater Mark of Scaling Ability Power', 'Add 0.1 ability power per level (+1.8 at champion level 18)', 410, 1, 3, 2, 2);
INSERT INTO `mydb`.`RUNES` (`Rune`, `Description`, `IP_Cost`, `RUNE_EFFECT_rune_effect_id`, `RUNE_TIER_rune_tier_id`, `RUNE_TYPE_rune_type_id`, `RUNE_INCREASE_STYLE_rune_increase_style_id`) VALUES ('Greater Mark of Scaling Mana', 'Add 1.17 mana per level (+21.06 at champion level 18)', 410, 15, 3, 2, 2);
INSERT INTO `mydb`.`RUNES` (`Rune`, `Description`, `IP_Cost`, `RUNE_EFFECT_rune_effect_id`, `RUNE_TIER_rune_tier_id`, `RUNE_TYPE_rune_type_id`, `RUNE_INCREASE_STYLE_rune_increase_style_id`) VALUES ('Greater Mark of Attack Damage', 'Add 0.95 attack damage', 205, 4, 3, 2, 1);
INSERT INTO `mydb`.`RUNES` (`Rune`, `Description`, `IP_Cost`, `RUNE_EFFECT_rune_effect_id`, `RUNE_TIER_rune_tier_id`, `RUNE_TYPE_rune_type_id`, `RUNE_INCREASE_STYLE_rune_increase_style_id`) VALUES ('Greater Mark of Critical Damage', 'Add 2.23% critical damage', 820, 8, 3, 2, 1);
INSERT INTO `mydb`.`RUNES` (`Rune`, `Description`, `IP_Cost`, `RUNE_EFFECT_rune_effect_id`, `RUNE_TIER_rune_tier_id`, `RUNE_TYPE_rune_type_id`, `RUNE_INCREASE_STYLE_rune_increase_style_id`) VALUES ('Greater Mark of Critical Chance', 'Add 0.93% critical chance', 410, 7, 3, 2, 1);
INSERT INTO `mydb`.`RUNES` (`Rune`, `Description`, `IP_Cost`, `RUNE_EFFECT_rune_effect_id`, `RUNE_TIER_rune_tier_id`, `RUNE_TYPE_rune_type_id`, `RUNE_INCREASE_STYLE_rune_increase_style_id`) VALUES ('Greater Mark of Armor Penetration', 'Add 1.28 armor penetration', 410, 3, 3, 2, 1);
INSERT INTO `mydb`.`RUNES` (`Rune`, `Description`, `IP_Cost`, `RUNE_EFFECT_rune_effect_id`, `RUNE_TIER_rune_tier_id`, `RUNE_TYPE_rune_type_id`, `RUNE_INCREASE_STYLE_rune_increase_style_id`) VALUES ('Greater Mark of Health', 'Add 3.47 health', 410, 10, 3, 2, 1);
INSERT INTO `mydb`.`RUNES` (`Rune`, `Description`, `IP_Cost`, `RUNE_EFFECT_rune_effect_id`, `RUNE_TIER_rune_tier_id`, `RUNE_TYPE_rune_type_id`, `RUNE_INCREASE_STYLE_rune_increase_style_id`) VALUES ('Greater Mark of Armor', 'Add 0.91 armor', 205, 2, 3, 2, 1);
INSERT INTO `mydb`.`RUNES` (`Rune`, `Description`, `IP_Cost`, `RUNE_EFFECT_rune_effect_id`, `RUNE_TIER_rune_tier_id`, `RUNE_TYPE_rune_type_id`, `RUNE_INCREASE_STYLE_rune_increase_style_id`) VALUES ('Greater Mark of Magic Resist', 'Add 0.77 magic resist', 205, 14, 3, 2, 1);
INSERT INTO `mydb`.`RUNES` (`Rune`, `Description`, `IP_Cost`, `RUNE_EFFECT_rune_effect_id`, `RUNE_TIER_rune_tier_id`, `RUNE_TYPE_rune_type_id`, `RUNE_INCREASE_STYLE_rune_increase_style_id`) VALUES ('Greater Mark of Ability Power', 'Add 0.59 ability power', 410, 1, 3, 2, 1);
INSERT INTO `mydb`.`RUNES` (`Rune`, `Description`, `IP_Cost`, `RUNE_EFFECT_rune_effect_id`, `RUNE_TIER_rune_tier_id`, `RUNE_TYPE_rune_type_id`, `RUNE_INCREASE_STYLE_rune_increase_style_id`) VALUES ('Greater Mark of Mana', 'Add 5.91 mana', 410, 15, 3, 2, 1);
INSERT INTO `mydb`.`RUNES` (`Rune`, `Description`, `IP_Cost`, `RUNE_EFFECT_rune_effect_id`, `RUNE_TIER_rune_tier_id`, `RUNE_TYPE_rune_type_id`, `RUNE_INCREASE_STYLE_rune_increase_style_id`) VALUES ('Greater Mark of Mana Regeneration', 'Add 0.26 mana regen / 5 sec.', 205, 16, 3, 2, 1);
INSERT INTO `mydb`.`RUNES` (`Rune`, `Description`, `IP_Cost`, `RUNE_EFFECT_rune_effect_id`, `RUNE_TIER_rune_tier_id`, `RUNE_TYPE_rune_type_id`, `RUNE_INCREASE_STYLE_rune_increase_style_id`) VALUES ('Greater Mark of Magic Penetration', 'Add 0.87 magic penetration', 410, 13, 3, 2, 1);
INSERT INTO `mydb`.`RUNES` (`Rune`, `Description`, `IP_Cost`, `RUNE_EFFECT_rune_effect_id`, `RUNE_TIER_rune_tier_id`, `RUNE_TYPE_rune_type_id`, `RUNE_INCREASE_STYLE_rune_increase_style_id`) VALUES ('Greater Mark of Hybrid Penetration', 'Add 0.9 Armor Penetration and 0.62 Magic Penetration', 820, 12, 3, 2, 1);
INSERT INTO `mydb`.`RUNES` (`Rune`, `Description`, `IP_Cost`, `RUNE_EFFECT_rune_effect_id`, `RUNE_TIER_rune_tier_id`, `RUNE_TYPE_rune_type_id`, `RUNE_INCREASE_STYLE_rune_increase_style_id`) VALUES ('Greater Mark of Attack Speed', 'Add 1.7% attack speed', 410, 5, 3, 2, 3);
INSERT INTO `mydb`.`RUNES` (`Rune`, `Description`, `IP_Cost`, `RUNE_EFFECT_rune_effect_id`, `RUNE_TIER_rune_tier_id`, `RUNE_TYPE_rune_type_id`, `RUNE_INCREASE_STYLE_rune_increase_style_id`) VALUES ('Greater Seal of Scaling Attack Damage', 'Add 0.06 attack damage per level (+1.09 at champion level 18)', 205, 4, 3, 4, 2);
INSERT INTO `mydb`.`RUNES` (`Rune`, `Description`, `IP_Cost`, `RUNE_EFFECT_rune_effect_id`, `RUNE_TIER_rune_tier_id`, `RUNE_TYPE_rune_type_id`, `RUNE_INCREASE_STYLE_rune_increase_style_id`) VALUES ('Greater Seal of Scaling Health', 'Add 1.33 health per level (+24 at champion level 18)', 410, 10, 3, 4, 2);
INSERT INTO `mydb`.`RUNES` (`Rune`, `Description`, `IP_Cost`, `RUNE_EFFECT_rune_effect_id`, `RUNE_TIER_rune_tier_id`, `RUNE_TYPE_rune_type_id`, `RUNE_INCREASE_STYLE_rune_increase_style_id`) VALUES ('Greater Seal of Scaling Armor', 'Add 0.16 armor per level (+3 at champion level 18)', 410, 2, 3, 4, 2);
INSERT INTO `mydb`.`RUNES` (`Rune`, `Description`, `IP_Cost`, `RUNE_EFFECT_rune_effect_id`, `RUNE_TIER_rune_tier_id`, `RUNE_TYPE_rune_type_id`, `RUNE_INCREASE_STYLE_rune_increase_style_id`) VALUES ('Greater Seal of Scaling Magic Resist', 'Add 0.1 magic resist per level (+1.8 at champion level 18)', 410, 14, 3, 4, 2);
INSERT INTO `mydb`.`RUNES` (`Rune`, `Description`, `IP_Cost`, `RUNE_EFFECT_rune_effect_id`, `RUNE_TIER_rune_tier_id`, `RUNE_TYPE_rune_type_id`, `RUNE_INCREASE_STYLE_rune_increase_style_id`) VALUES ('Greater Seal of Scaling Health Regeneration', 'Add 0.11 health regen / 5 sec. per level (+1.98 at champion level 18)', 410, 11, 3, 4, 2);
INSERT INTO `mydb`.`RUNES` (`Rune`, `Description`, `IP_Cost`, `RUNE_EFFECT_rune_effect_id`, `RUNE_TIER_rune_tier_id`, `RUNE_TYPE_rune_type_id`, `RUNE_INCREASE_STYLE_rune_increase_style_id`) VALUES ('Greater Seal of Scaling Ability Power', 'Add 0.1 ability power per level (+1.8 at champion level 18)', 410, 1, 3, 4, 2);
INSERT INTO `mydb`.`RUNES` (`Rune`, `Description`, `IP_Cost`, `RUNE_EFFECT_rune_effect_id`, `RUNE_TIER_rune_tier_id`, `RUNE_TYPE_rune_type_id`, `RUNE_INCREASE_STYLE_rune_increase_style_id`) VALUES ('Greater Seal of Scaling Mana', 'Add 1.17 mana per level (+21.06 at champion level 18)', 410, 15, 3, 4, 2);
INSERT INTO `mydb`.`RUNES` (`Rune`, `Description`, `IP_Cost`, `RUNE_EFFECT_rune_effect_id`, `RUNE_TIER_rune_tier_id`, `RUNE_TYPE_rune_type_id`, `RUNE_INCREASE_STYLE_rune_increase_style_id`) VALUES ('Greater Seal of Scaling Mana Regeneration', 'Add 0.065 mana regen / 5 sec. per level (+1.17 at champion level 18)', 205, 16, 3, 4, 2);
INSERT INTO `mydb`.`RUNES` (`Rune`, `Description`, `IP_Cost`, `RUNE_EFFECT_rune_effect_id`, `RUNE_TIER_rune_tier_id`, `RUNE_TYPE_rune_type_id`, `RUNE_INCREASE_STYLE_rune_increase_style_id`) VALUES ('Greater Seal of Attack Damage', 'Add 0.43 attack damage', 205, 4, 3, 4, 1);
INSERT INTO `mydb`.`RUNES` (`Rune`, `Description`, `IP_Cost`, `RUNE_EFFECT_rune_effect_id`, `RUNE_TIER_rune_tier_id`, `RUNE_TYPE_rune_type_id`, `RUNE_INCREASE_STYLE_rune_increase_style_id`) VALUES ('Greater Seal of Critical Damage', 'Add 0.78% critical damage', 820, 8, 3, 4, 1);
INSERT INTO `mydb`.`RUNES` (`Rune`, `Description`, `IP_Cost`, `RUNE_EFFECT_rune_effect_id`, `RUNE_TIER_rune_tier_id`, `RUNE_TYPE_rune_type_id`, `RUNE_INCREASE_STYLE_rune_increase_style_id`) VALUES ('Greater Seal of Critical Chance', 'Add 0.42% critical chance', 410, 7, 3, 4, 1);
INSERT INTO `mydb`.`RUNES` (`Rune`, `Description`, `IP_Cost`, `RUNE_EFFECT_rune_effect_id`, `RUNE_TIER_rune_tier_id`, `RUNE_TYPE_rune_type_id`, `RUNE_INCREASE_STYLE_rune_increase_style_id`) VALUES ('Greater Seal of Health', 'Add 8 health', 820, 10, 3, 4, 1);
INSERT INTO `mydb`.`RUNES` (`Rune`, `Description`, `IP_Cost`, `RUNE_EFFECT_rune_effect_id`, `RUNE_TIER_rune_tier_id`, `RUNE_TYPE_rune_type_id`, `RUNE_INCREASE_STYLE_rune_increase_style_id`) VALUES ('Greater Seal of Armor', 'Add 1 armor', 205, 2, 3, 4, 1);
INSERT INTO `mydb`.`RUNES` (`Rune`, `Description`, `IP_Cost`, `RUNE_EFFECT_rune_effect_id`, `RUNE_TIER_rune_tier_id`, `RUNE_TYPE_rune_type_id`, `RUNE_INCREASE_STYLE_rune_increase_style_id`) VALUES ('Greater Seal of Magic Resist', 'Add 0.74 magic resist', 205, 14, 3, 4, 1);
INSERT INTO `mydb`.`RUNES` (`Rune`, `Description`, `IP_Cost`, `RUNE_EFFECT_rune_effect_id`, `RUNE_TIER_rune_tier_id`, `RUNE_TYPE_rune_type_id`, `RUNE_INCREASE_STYLE_rune_increase_style_id`) VALUES ('Greater Seal of Health Regeneration', 'Add 0.56 health regen / 5 sec.', 820, 11, 3, 4, 1);
INSERT INTO `mydb`.`RUNES` (`Rune`, `Description`, `IP_Cost`, `RUNE_EFFECT_rune_effect_id`, `RUNE_TIER_rune_tier_id`, `RUNE_TYPE_rune_type_id`, `RUNE_INCREASE_STYLE_rune_increase_style_id`) VALUES ('Greater Seal of Ability Power', 'Add 0.59 ability power', 410, 1, 3, 4, 1);
INSERT INTO `mydb`.`RUNES` (`Rune`, `Description`, `IP_Cost`, `RUNE_EFFECT_rune_effect_id`, `RUNE_TIER_rune_tier_id`, `RUNE_TYPE_rune_type_id`, `RUNE_INCREASE_STYLE_rune_increase_style_id`) VALUES ('Greater Seal of Mana', 'Add 6.89 mana', 410, 15, 3, 4, 1);
INSERT INTO `mydb`.`RUNES` (`Rune`, `Description`, `IP_Cost`, `RUNE_EFFECT_rune_effect_id`, `RUNE_TIER_rune_tier_id`, `RUNE_TYPE_rune_type_id`, `RUNE_INCREASE_STYLE_rune_increase_style_id`) VALUES ('Greater Seal of Mana Regeneration', 'Add 0.41 mana regen / 5 sec.', 205, 16, 3, 4, 1);
INSERT INTO `mydb`.`RUNES` (`Rune`, `Description`, `IP_Cost`, `RUNE_EFFECT_rune_effect_id`, `RUNE_TIER_rune_tier_id`, `RUNE_TYPE_rune_type_id`, `RUNE_INCREASE_STYLE_rune_increase_style_id`) VALUES ('Greater Seal of Attack Speed', 'Add 0.76% attack speed', 410, 5, 3, 4, 3);
INSERT INTO `mydb`.`RUNES` (`Rune`, `Description`, `IP_Cost`, `RUNE_EFFECT_rune_effect_id`, `RUNE_TIER_rune_tier_id`, `RUNE_TYPE_rune_type_id`, `RUNE_INCREASE_STYLE_rune_increase_style_id`) VALUES ('Greater Seal of Percent Health', 'Add 0.5% Health.', 820, 10, 3, 4, 3);
INSERT INTO `mydb`.`RUNES` (`Rune`, `Description`, `IP_Cost`, `RUNE_EFFECT_rune_effect_id`, `RUNE_TIER_rune_tier_id`, `RUNE_TYPE_rune_type_id`, `RUNE_INCREASE_STYLE_rune_increase_style_id`) VALUES ('Greater Glyph of Scaling Attack Damage', 'Add 0.04 attack damage per level (+0.73 at champion level 18)', 205, 4, 3, 1, 2);
INSERT INTO `mydb`.`RUNES` (`Rune`, `Description`, `IP_Cost`, `RUNE_EFFECT_rune_effect_id`, `RUNE_TIER_rune_tier_id`, `RUNE_TYPE_rune_type_id`, `RUNE_INCREASE_STYLE_rune_increase_style_id`) VALUES ('Greater Glyph of Scaling Health', 'Add 0.54 health per level (+9.72 at champion level 18)', 820, 10, 3, 1, 2);
INSERT INTO `mydb`.`RUNES` (`Rune`, `Description`, `IP_Cost`, `RUNE_EFFECT_rune_effect_id`, `RUNE_TIER_rune_tier_id`, `RUNE_TYPE_rune_type_id`, `RUNE_INCREASE_STYLE_rune_increase_style_id`) VALUES ('Greater Glyph of Scaling Magic Resist', 'Add 0.16 magic resist per level (+3 at champion level 18)', 205, 14, 3, 1, 2);
INSERT INTO `mydb`.`RUNES` (`Rune`, `Description`, `IP_Cost`, `RUNE_EFFECT_rune_effect_id`, `RUNE_TIER_rune_tier_id`, `RUNE_TYPE_rune_type_id`, `RUNE_INCREASE_STYLE_rune_increase_style_id`) VALUES ('Greater Glyph of Scaling Ability Power', 'Add 0.17 ability power per level (+3.06 at champion level 18)', 410, 1, 3, 1, 2);
INSERT INTO `mydb`.`RUNES` (`Rune`, `Description`, `IP_Cost`, `RUNE_EFFECT_rune_effect_id`, `RUNE_TIER_rune_tier_id`, `RUNE_TYPE_rune_type_id`, `RUNE_INCREASE_STYLE_rune_increase_style_id`) VALUES ('Greater Glyph of Scaling Mana', 'Add 1.42 mana per level (+25.56 at champion level 18)', 410, 15, 3, 1, 2);
INSERT INTO `mydb`.`RUNES` (`Rune`, `Description`, `IP_Cost`, `RUNE_EFFECT_rune_effect_id`, `RUNE_TIER_rune_tier_id`, `RUNE_TYPE_rune_type_id`, `RUNE_INCREASE_STYLE_rune_increase_style_id`) VALUES ('Greater Glyph of Scaling Mana Regeneration', 'Add 0.06 mana regen / 5 sec. per level (+1.2 at champion level 18)', 205, 16, 3, 1, 2);
INSERT INTO `mydb`.`RUNES` (`Rune`, `Description`, `IP_Cost`, `RUNE_EFFECT_rune_effect_id`, `RUNE_TIER_rune_tier_id`, `RUNE_TYPE_rune_type_id`, `RUNE_INCREASE_STYLE_rune_increase_style_id`) VALUES ('Greater Glyph of Attack Damage', 'Add 0.28 attack damage', 205, 4, 3, 1, 1);
INSERT INTO `mydb`.`RUNES` (`Rune`, `Description`, `IP_Cost`, `RUNE_EFFECT_rune_effect_id`, `RUNE_TIER_rune_tier_id`, `RUNE_TYPE_rune_type_id`, `RUNE_INCREASE_STYLE_rune_increase_style_id`) VALUES ('Greater Glyph of Critical Damage', 'Add 0.56% critical damage', 820, 8, 3, 1, 1);
INSERT INTO `mydb`.`RUNES` (`Rune`, `Description`, `IP_Cost`, `RUNE_EFFECT_rune_effect_id`, `RUNE_TIER_rune_tier_id`, `RUNE_TYPE_rune_type_id`, `RUNE_INCREASE_STYLE_rune_increase_style_id`) VALUES ('Greater Glyph of Critical Chance', 'Add 0.28% critical chance', 410, 7, 3, 1, 1);
INSERT INTO `mydb`.`RUNES` (`Rune`, `Description`, `IP_Cost`, `RUNE_EFFECT_rune_effect_id`, `RUNE_TIER_rune_tier_id`, `RUNE_TYPE_rune_type_id`, `RUNE_INCREASE_STYLE_rune_increase_style_id`) VALUES ('Greater Glyph of Health', 'Add 2.67 health', 410, 10, 3, 1, 1);
INSERT INTO `mydb`.`RUNES` (`Rune`, `Description`, `IP_Cost`, `RUNE_EFFECT_rune_effect_id`, `RUNE_TIER_rune_tier_id`, `RUNE_TYPE_rune_type_id`, `RUNE_INCREASE_STYLE_rune_increase_style_id`) VALUES ('Greater Glyph of Armor', 'Add 0.7 armor', 205, 2, 3, 1, 1);
INSERT INTO `mydb`.`RUNES` (`Rune`, `Description`, `IP_Cost`, `RUNE_EFFECT_rune_effect_id`, `RUNE_TIER_rune_tier_id`, `RUNE_TYPE_rune_type_id`, `RUNE_INCREASE_STYLE_rune_increase_style_id`) VALUES ('Greater Glyph of Magic Resist', 'Add 1.34 magic resist', 205, 14, 3, 1, 1);
INSERT INTO `mydb`.`RUNES` (`Rune`, `Description`, `IP_Cost`, `RUNE_EFFECT_rune_effect_id`, `RUNE_TIER_rune_tier_id`, `RUNE_TYPE_rune_type_id`, `RUNE_INCREASE_STYLE_rune_increase_style_id`) VALUES ('Greater Glyph of Health Regeneration', 'Add 0.27 health regen / 5 sec.', 820, 11, 3, 1, 1);
INSERT INTO `mydb`.`RUNES` (`Rune`, `Description`, `IP_Cost`, `RUNE_EFFECT_rune_effect_id`, `RUNE_TIER_rune_tier_id`, `RUNE_TYPE_rune_type_id`, `RUNE_INCREASE_STYLE_rune_increase_style_id`) VALUES ('Greater Glyph of Ability Power', 'Add 1.19 ability power', 410, 1, 3, 1, 1);
INSERT INTO `mydb`.`RUNES` (`Rune`, `Description`, `IP_Cost`, `RUNE_EFFECT_rune_effect_id`, `RUNE_TIER_rune_tier_id`, `RUNE_TYPE_rune_type_id`, `RUNE_INCREASE_STYLE_rune_increase_style_id`) VALUES ('Greater Glyph of Mana', 'Add 11.25 mana', 410, 15, 3, 1, 1);
INSERT INTO `mydb`.`RUNES` (`Rune`, `Description`, `IP_Cost`, `RUNE_EFFECT_rune_effect_id`, `RUNE_TIER_rune_tier_id`, `RUNE_TYPE_rune_type_id`, `RUNE_INCREASE_STYLE_rune_increase_style_id`) VALUES ('Greater Glyph of Mana Regeneration', 'Add 0.33 mana regen / 5 sec.', 410, 16, 3, 1, 1);
INSERT INTO `mydb`.`RUNES` (`Rune`, `Description`, `IP_Cost`, `RUNE_EFFECT_rune_effect_id`, `RUNE_TIER_rune_tier_id`, `RUNE_TYPE_rune_type_id`, `RUNE_INCREASE_STYLE_rune_increase_style_id`) VALUES ('Greater Glyph of Magic Penetration', 'Add 0.63 magic penetration', 410, 13, 3, 1, 1);
INSERT INTO `mydb`.`RUNES` (`Rune`, `Description`, `IP_Cost`, `RUNE_EFFECT_rune_effect_id`, `RUNE_TIER_rune_tier_id`, `RUNE_TYPE_rune_type_id`, `RUNE_INCREASE_STYLE_rune_increase_style_id`) VALUES ('Greater Glyph of Attack Speed', 'Add 0.64% attack speed', 410, 5, 3, 1, 3);
INSERT INTO `mydb`.`RUNES` (`Rune`, `Description`, `IP_Cost`, `RUNE_EFFECT_rune_effect_id`, `RUNE_TIER_rune_tier_id`, `RUNE_TYPE_rune_type_id`, `RUNE_INCREASE_STYLE_rune_increase_style_id`) VALUES ('Greater Quintessence of Scaling Attack Damage', 'Add 0.25 attack damage per level (+4.5 at champion level 18)', 515, 4, 3, 3, 2);
INSERT INTO `mydb`.`RUNES` (`Rune`, `Description`, `IP_Cost`, `RUNE_EFFECT_rune_effect_id`, `RUNE_TIER_rune_tier_id`, `RUNE_TYPE_rune_type_id`, `RUNE_INCREASE_STYLE_rune_increase_style_id`) VALUES ('Greater Quintessence of Scaling Health', 'Add 2.7 health per level (+48.6 at champion level 18)', 2050, 10, 3, 3, 2);
INSERT INTO `mydb`.`RUNES` (`Rune`, `Description`, `IP_Cost`, `RUNE_EFFECT_rune_effect_id`, `RUNE_TIER_rune_tier_id`, `RUNE_TYPE_rune_type_id`, `RUNE_INCREASE_STYLE_rune_increase_style_id`) VALUES ('Greater Quintessence of Scaling Armor', 'Add 0.38 armor per level (+6.84 at champion level 18)', 1025, 2, 3, 3, 2);
INSERT INTO `mydb`.`RUNES` (`Rune`, `Description`, `IP_Cost`, `RUNE_EFFECT_rune_effect_id`, `RUNE_TIER_rune_tier_id`, `RUNE_TYPE_rune_type_id`, `RUNE_INCREASE_STYLE_rune_increase_style_id`) VALUES ('Greater Quintessence of Scaling Magic Resist', 'Add 0.37 magic resist per level (+6.66 at champion level 18)', 1025, 14, 3, 3, 2);
INSERT INTO `mydb`.`RUNES` (`Rune`, `Description`, `IP_Cost`, `RUNE_EFFECT_rune_effect_id`, `RUNE_TIER_rune_tier_id`, `RUNE_TYPE_rune_type_id`, `RUNE_INCREASE_STYLE_rune_increase_style_id`) VALUES ('Greater Quintessence of Scaling Health Regeneration', 'Add 0.28 health regen / 5 sec. per level (+5.04 at champion level 18)', 2050, 11, 3, 3, 2);
INSERT INTO `mydb`.`RUNES` (`Rune`, `Description`, `IP_Cost`, `RUNE_EFFECT_rune_effect_id`, `RUNE_TIER_rune_tier_id`, `RUNE_TYPE_rune_type_id`, `RUNE_INCREASE_STYLE_rune_increase_style_id`) VALUES ('Greater Quintessence of Scaling Ability Power', 'Add 0.43 ability power per level (+7.74 at champion level 18)', 1025, 1, 3, 3, 2);
INSERT INTO `mydb`.`RUNES` (`Rune`, `Description`, `IP_Cost`, `RUNE_EFFECT_rune_effect_id`, `RUNE_TIER_rune_tier_id`, `RUNE_TYPE_rune_type_id`, `RUNE_INCREASE_STYLE_rune_increase_style_id`) VALUES ('Greater Quintessence of Scaling Mana', 'Add 4.17 mana per level (+75.06 at champion level 18)', 515, 15, 3, 3, 2);
INSERT INTO `mydb`.`RUNES` (`Rune`, `Description`, `IP_Cost`, `RUNE_EFFECT_rune_effect_id`, `RUNE_TIER_rune_tier_id`, `RUNE_TYPE_rune_type_id`, `RUNE_INCREASE_STYLE_rune_increase_style_id`) VALUES ('Greater Quintessence of Scaling Mana Regeneration', 'Add 0.24 mana regen / 5 sec. per level (+4.32 at champion level 18)', 1025, 16, 3, 3, 2);
INSERT INTO `mydb`.`RUNES` (`Rune`, `Description`, `IP_Cost`, `RUNE_EFFECT_rune_effect_id`, `RUNE_TIER_rune_tier_id`, `RUNE_TYPE_rune_type_id`, `RUNE_INCREASE_STYLE_rune_increase_style_id`) VALUES ('Greater Quintessence of Attack Damage', 'Add 2.25 attack damage', 1025, 4, 3, 3, 1);
INSERT INTO `mydb`.`RUNES` (`Rune`, `Description`, `IP_Cost`, `RUNE_EFFECT_rune_effect_id`, `RUNE_TIER_rune_tier_id`, `RUNE_TYPE_rune_type_id`, `RUNE_INCREASE_STYLE_rune_increase_style_id`) VALUES ('Greater Quintessence of Critical Damage', 'Add 4.46% critical damage', 1025, 8, 3, 3, 1);
INSERT INTO `mydb`.`RUNES` (`Rune`, `Description`, `IP_Cost`, `RUNE_EFFECT_rune_effect_id`, `RUNE_TIER_rune_tier_id`, `RUNE_TYPE_rune_type_id`, `RUNE_INCREASE_STYLE_rune_increase_style_id`) VALUES ('Greater Quintessence of Critical Chance', 'Add 1.86% critical chance', 1025, 7, 3, 3, 1);
INSERT INTO `mydb`.`RUNES` (`Rune`, `Description`, `IP_Cost`, `RUNE_EFFECT_rune_effect_id`, `RUNE_TIER_rune_tier_id`, `RUNE_TYPE_rune_type_id`, `RUNE_INCREASE_STYLE_rune_increase_style_id`) VALUES ('Greater Quintessence of Armor Penetration', 'Add 2.56 armor penetration', 1025, 3, 3, 3, 1);
INSERT INTO `mydb`.`RUNES` (`Rune`, `Description`, `IP_Cost`, `RUNE_EFFECT_rune_effect_id`, `RUNE_TIER_rune_tier_id`, `RUNE_TYPE_rune_type_id`, `RUNE_INCREASE_STYLE_rune_increase_style_id`) VALUES ('Greater Quintessence of Health', 'Add 26 health', 2050, 10, 3, 3, 1);
INSERT INTO `mydb`.`RUNES` (`Rune`, `Description`, `IP_Cost`, `RUNE_EFFECT_rune_effect_id`, `RUNE_TIER_rune_tier_id`, `RUNE_TYPE_rune_type_id`, `RUNE_INCREASE_STYLE_rune_increase_style_id`) VALUES ('Greater Quintessence of Armor', 'Add 4.26 armor', 1025, 2, 3, 3, 1);
INSERT INTO `mydb`.`RUNES` (`Rune`, `Description`, `IP_Cost`, `RUNE_EFFECT_rune_effect_id`, `RUNE_TIER_rune_tier_id`, `RUNE_TYPE_rune_type_id`, `RUNE_INCREASE_STYLE_rune_increase_style_id`) VALUES ('Greater Quintessence of Magic Resist', 'Add 4 magic resist', 1025, 14, 3, 3, 1);
INSERT INTO `mydb`.`RUNES` (`Rune`, `Description`, `IP_Cost`, `RUNE_EFFECT_rune_effect_id`, `RUNE_TIER_rune_tier_id`, `RUNE_TYPE_rune_type_id`, `RUNE_INCREASE_STYLE_rune_increase_style_id`) VALUES ('Greater Quintessence of Health Regeneration', 'Add 2.7 health regen / 5 sec.', 2050, 11, 3, 3, 1);
INSERT INTO `mydb`.`RUNES` (`Rune`, `Description`, `IP_Cost`, `RUNE_EFFECT_rune_effect_id`, `RUNE_TIER_rune_tier_id`, `RUNE_TYPE_rune_type_id`, `RUNE_INCREASE_STYLE_rune_increase_style_id`) VALUES ('Greater Quintessence of Ability Power', 'Add 4.95 ability power', 1025, 1, 3, 3, 1);
INSERT INTO `mydb`.`RUNES` (`Rune`, `Description`, `IP_Cost`, `RUNE_EFFECT_rune_effect_id`, `RUNE_TIER_rune_tier_id`, `RUNE_TYPE_rune_type_id`, `RUNE_INCREASE_STYLE_rune_increase_style_id`) VALUES ('Greater Quintessence of Mana', 'Add 37.5 mana', 1025, 15, 3, 3, 1);
INSERT INTO `mydb`.`RUNES` (`Rune`, `Description`, `IP_Cost`, `RUNE_EFFECT_rune_effect_id`, `RUNE_TIER_rune_tier_id`, `RUNE_TYPE_rune_type_id`, `RUNE_INCREASE_STYLE_rune_increase_style_id`) VALUES ('Greater Quintessence of Mana Regeneration', 'Add 1.25 mana regen / 5 sec.', 1025, 16, 3, 3, 1);
INSERT INTO `mydb`.`RUNES` (`Rune`, `Description`, `IP_Cost`, `RUNE_EFFECT_rune_effect_id`, `RUNE_TIER_rune_tier_id`, `RUNE_TYPE_rune_type_id`, `RUNE_INCREASE_STYLE_rune_increase_style_id`) VALUES ('Greater Quintessence of Magic Penetration', 'Add 2.01 magic penetration', 1025, 13, 3, 3, 1);
INSERT INTO `mydb`.`RUNES` (`Rune`, `Description`, `IP_Cost`, `RUNE_EFFECT_rune_effect_id`, `RUNE_TIER_rune_tier_id`, `RUNE_TYPE_rune_type_id`, `RUNE_INCREASE_STYLE_rune_increase_style_id`) VALUES ('Greater Quintessence of Hybrid Penetration', 'Add 1.79 Armor Penetration and 1.4 Magic Penetration', 2050, 12, 3, 3, 1);
INSERT INTO `mydb`.`RUNES` (`Rune`, `Description`, `IP_Cost`, `RUNE_EFFECT_rune_effect_id`, `RUNE_TIER_rune_tier_id`, `RUNE_TYPE_rune_type_id`, `RUNE_INCREASE_STYLE_rune_increase_style_id`) VALUES ('Greater Quintessence of Attack Speed', 'Add 4.5% attack speed', 1025, 5, 3, 3, 3);
INSERT INTO `mydb`.`RUNES` (`Rune`, `Description`, `IP_Cost`, `RUNE_EFFECT_rune_effect_id`, `RUNE_TIER_rune_tier_id`, `RUNE_TYPE_rune_type_id`, `RUNE_INCREASE_STYLE_rune_increase_style_id`) VALUES ('Greater Quintessence of Movement Speed', 'Add 1.5% movement speed', 2050, 17, 3, 3, 3);
INSERT INTO `mydb`.`RUNES` (`Rune`, `Description`, `IP_Cost`, `RUNE_EFFECT_rune_effect_id`, `RUNE_TIER_rune_tier_id`, `RUNE_TYPE_rune_type_id`, `RUNE_INCREASE_STYLE_rune_increase_style_id`) VALUES ('Greater Quintessence of Revival', 'Decrease 5% time dead', 1025, 18, 3, 3, 3);
INSERT INTO `mydb`.`RUNES` (`Rune`, `Description`, `IP_Cost`, `RUNE_EFFECT_rune_effect_id`, `RUNE_TIER_rune_tier_id`, `RUNE_TYPE_rune_type_id`, `RUNE_INCREASE_STYLE_rune_increase_style_id`) VALUES ('Greater Quintessence of Experience', 'Add 2% experience gained', 2050, 9, 3, 3, 3);
INSERT INTO `mydb`.`RUNES` (`Rune`, `Description`, `IP_Cost`, `RUNE_EFFECT_rune_effect_id`, `RUNE_TIER_rune_tier_id`, `RUNE_TYPE_rune_type_id`, `RUNE_INCREASE_STYLE_rune_increase_style_id`) VALUES ('Greater Quintessence of Percent Health', 'Add 1.5% increased health.', 2050, 10, 3, 3, 3);

COMMIT;


-- -----------------------------------------------------
-- Data for table `mydb`.`MASTER_TREE`
-- -----------------------------------------------------
START TRANSACTION;
USE `mydb`;
INSERT INTO `mydb`.`MASTER_TREE` (`tree_id`, `tree_name`) VALUES (1, 'Defense');
INSERT INTO `mydb`.`MASTER_TREE` (`tree_id`, `tree_name`) VALUES (2, 'Offense');
INSERT INTO `mydb`.`MASTER_TREE` (`tree_id`, `tree_name`) VALUES (3, 'Utility');

COMMIT;


-- -----------------------------------------------------
-- Data for table `mydb`.`MASTERIES`
-- -----------------------------------------------------
START TRANSACTION;
USE `mydb`;
INSERT INTO `mydb`.`MASTERIES` (`Master_name`, `masteries_id`, `Rank`, `Required_Points_to_open`, `Required_Points_to_complete`, `Required_Base_Master_id`, `Description`, `MASTER_TREE_tree_id`) VALUES ('Double-Edged Sword', 1, 1, 0, 1, NULL, 'Melee - Deal an additional 2% damage and receive an additional 1% damage ; Ranged - Deal an additional 1.5% damage and receive an additional 1.5% damage.', 2);
INSERT INTO `mydb`.`MASTERIES` (`Master_name`, `masteries_id`, `Rank`, `Required_Points_to_open`, `Required_Points_to_complete`, `Required_Base_Master_id`, `Description`, `MASTER_TREE_tree_id`) VALUES ('Fury', 2, 4, 0, 4, NULL, 'Rank 1 - Add 1.25% Attack Speed ; Rank 2 - Add 2.5% Attack Speed  ; Rank 3 - Add 3.75% Attack Speed  ; Rank 4 - Add 5% Attack Speed', 2);
INSERT INTO `mydb`.`MASTERIES` (`Master_name`, `masteries_id`, `Rank`, `Required_Points_to_open`, `Required_Points_to_complete`, `Required_Base_Master_id`, `Description`, `MASTER_TREE_tree_id`) VALUES ('Sorcery', 3, 4, 0, 4, NULL, 'Rank 1 - Add 1.25% Cooldown Reduction ; Rank 2 - Add 2.5% Cooldown Reduction ; Rank 3 - Add 3.75 Cooldown Reduction ; Rank 4 - Add 5% Cooldown Reduction', 2);
INSERT INTO `mydb`.`MASTERIES` (`Master_name`, `masteries_id`, `Rank`, `Required_Points_to_open`, `Required_Points_to_complete`, `Required_Base_Master_id`, `Description`, `MASTER_TREE_tree_id`) VALUES ('Butcher', 4, 1, 0, 1, NULL, 'Basic attacks and single target spells deal an additional 2 damage to minions and monsters.This does not trigger off of area of effect damage or damage over time effects.', 2);
INSERT INTO `mydb`.`MASTERIES` (`Master_name`, `masteries_id`, `Rank`, `Required_Points_to_open`, `Required_Points_to_complete`, `Required_Base_Master_id`, `Description`, `MASTER_TREE_tree_id`) VALUES ('Expose Weakness', 5, 1, 4, 5, NULL, 'Damaging an enemy with a spell increases allied champions\' damage to that enemy by 1% for the next 3 seconds', 2);
INSERT INTO `mydb`.`MASTERIES` (`Master_name`, `masteries_id`, `Rank`, `Required_Points_to_open`, `Required_Points_to_complete`, `Required_Base_Master_id`, `Description`, `MASTER_TREE_tree_id`) VALUES ('Brute Force', 6, 3, 4, 7, NULL, 'Rank 1 - Add 0.22 Attack Damage per level ; Rank 2 - Add 0.39 Attack Damage per level ; Rank 3 - Add 0.55 Attack Damage per level', 2);
INSERT INTO `mydb`.`MASTERIES` (`Master_name`, `masteries_id`, `Rank`, `Required_Points_to_open`, `Required_Points_to_complete`, `Required_Base_Master_id`, `Description`, `MASTER_TREE_tree_id`) VALUES ('Mental Force', 7, 3, 4, 7, NULL, 'Rank 1 - Add 0.33 Ability Power per level ; Rank 2 - Add 0.61 Ability Power per level ; Rank 3 - Add 0.89 Ability Power per level', 2);
INSERT INTO `mydb`.`MASTERIES` (`Master_name`, `masteries_id`, `Rank`, `Required_Points_to_open`, `Required_Points_to_complete`, `Required_Base_Master_id`, `Description`, `MASTER_TREE_tree_id`) VALUES ('Feast', 8, 1, 4, 5, 4, 'Killing a unit restores 3 Health and 1 Mana', 2);
INSERT INTO `mydb`.`MASTERIES` (`Master_name`, `masteries_id`, `Rank`, `Required_Points_to_open`, `Required_Points_to_complete`, `Required_Base_Master_id`, `Description`, `MASTER_TREE_tree_id`) VALUES ('Spell Weaving', 9, 1, 8, 9, NULL, 'Damaging an enemy champion with a Basic Attack increases Spell Damage by 1%, stacking up to 3 times (max 3% damage increase)', 2);
INSERT INTO `mydb`.`MASTERIES` (`Master_name`, `masteries_id`, `Rank`, `Required_Points_to_open`, `Required_Points_to_complete`, `Required_Base_Master_id`, `Description`, `MASTER_TREE_tree_id`) VALUES ('Martial Mastery', 10, 1, 8, 9, 6, 'Add 4 Attack Damage', 2);
INSERT INTO `mydb`.`MASTERIES` (`Master_name`, `masteries_id`, `Rank`, `Required_Points_to_open`, `Required_Points_to_complete`, `Required_Base_Master_id`, `Description`, `MASTER_TREE_tree_id`) VALUES ('Arcane Mastery', 11, 1, 8, 9, 7, 'Add 6 Ability Power', 2);
INSERT INTO `mydb`.`MASTERIES` (`Master_name`, `masteries_id`, `Rank`, `Required_Points_to_open`, `Required_Points_to_complete`, `Required_Base_Master_id`, `Description`, `MASTER_TREE_tree_id`) VALUES ('Executioner', 12, 3, 8, 9, NULL, 'Rank 1 - Increases damage dealt to champions below 20% Health by 5% ; Rank 2 - Increases damage dealt to champions below 35% Health by 5% ; Rank 3 - Increases damage dealt to champions below 50% Health by 5%', 2);
INSERT INTO `mydb`.`MASTERIES` (`Master_name`, `masteries_id`, `Rank`, `Required_Points_to_open`, `Required_Points_to_complete`, `Required_Base_Master_id`, `Description`, `MASTER_TREE_tree_id`) VALUES ('Blade Weaving', 13, 1, 12, 13, 9, 'Damaging an enemy champion with a spell increases Basic Attack Damage by 1%, stacking up to 3 times (max 3% damage increase)', 2);
INSERT INTO `mydb`.`MASTERIES` (`Master_name`, `masteries_id`, `Rank`, `Required_Points_to_open`, `Required_Points_to_complete`, `Required_Base_Master_id`, `Description`, `MASTER_TREE_tree_id`) VALUES ('Warlord', 14, 3, 12, 13, NULL, 'Rank 1 - Increases bonus Attack Damage by %2 ; Rank 2 - Increases bonus Attack Damage by %3.5 ; Rank 3 - Increases bonus Attack Damage by %5', 2);
INSERT INTO `mydb`.`MASTERIES` (`Master_name`, `masteries_id`, `Rank`, `Required_Points_to_open`, `Required_Points_to_complete`, `Required_Base_Master_id`, `Description`, `MASTER_TREE_tree_id`) VALUES ('Archmage', 15, 3, 12, 13, NULL, 'Rank 1 - Increases Ability Power %2 ; Rank 2 - Increases Ability Power %3.5 ; Rank 3 - Increases Ability Power %5', 2);
INSERT INTO `mydb`.`MASTERIES` (`Master_name`, `masteries_id`, `Rank`, `Required_Points_to_open`, `Required_Points_to_complete`, `Required_Base_Master_id`, `Description`, `MASTER_TREE_tree_id`) VALUES ('Dangerous Game', 16, 1, 12, 13, 12, 'Champion kills and assists restore 5% missing Health and Mana', 2);
INSERT INTO `mydb`.`MASTERIES` (`Master_name`, `masteries_id`, `Rank`, `Required_Points_to_open`, `Required_Points_to_complete`, `Required_Base_Master_id`, `Description`, `MASTER_TREE_tree_id`) VALUES ('Frenzy', 17, 1, 16, 17, NULL, 'Critical hits grant +5% Attack Speed for 3 seconds (stacks up to 3 times)', 2);
INSERT INTO `mydb`.`MASTERIES` (`Master_name`, `masteries_id`, `Rank`, `Required_Points_to_open`, `Required_Points_to_complete`, `Required_Base_Master_id`, `Description`, `MASTER_TREE_tree_id`) VALUES ('Devastating Strikes', 18, 3, 16, 17, NULL, 'Rank 1 - Add 2% Armor and Magic Penetration ; Rank 2 - Add 4% Armor and Magic Penetration ; Rank 3 - Add 6% Armor and Magic Penetration', 2);
INSERT INTO `mydb`.`MASTERIES` (`Master_name`, `masteries_id`, `Rank`, `Required_Points_to_open`, `Required_Points_to_complete`, `Required_Base_Master_id`, `Description`, `MASTER_TREE_tree_id`) VALUES ('Arcane Blade', 19, 1, 16, 17, NULL, 'Basic Attacks also deal bonus magic damage equal to 5% of Ability Power', 2);
INSERT INTO `mydb`.`MASTERIES` (`Master_name`, `masteries_id`, `Rank`, `Required_Points_to_open`, `Required_Points_to_complete`, `Required_Base_Master_id`, `Description`, `MASTER_TREE_tree_id`) VALUES ('Havoc', 20, 1, 20, 21, NULL, 'Add 3% increased damage', 2);
INSERT INTO `mydb`.`MASTERIES` (`Master_name`, `masteries_id`, `Rank`, `Required_Points_to_open`, `Required_Points_to_complete`, `Required_Base_Master_id`, `Description`, `MASTER_TREE_tree_id`) VALUES ('Block', 21, 2, 0, 2, NULL, 'Rank 1 - Reduces incoming damage from champion basic attacks by 1 ;  Rank 2 - Reduces incoming damage from champion basic attacks by 2', 1);
INSERT INTO `mydb`.`MASTERIES` (`Master_name`, `masteries_id`, `Rank`, `Required_Points_to_open`, `Required_Points_to_complete`, `Required_Base_Master_id`, `Description`, `MASTER_TREE_tree_id`) VALUES ('Recovery', 22, 2, 0, 2, NULL, 'Rank 1 - Add 1 Health Restoration per 5 second ; Rank 2 - Add 2 Health Restoration per 5 second', 1);
INSERT INTO `mydb`.`MASTERIES` (`Master_name`, `masteries_id`, `Rank`, `Required_Points_to_open`, `Required_Points_to_complete`, `Required_Base_Master_id`, `Description`, `MASTER_TREE_tree_id`) VALUES ('Enchanted Armor', 23, 2, 0, 2, NULL, 'Rank 1 - Increases bonus Armor and Magic Resist by 2.5% ; Rank 2 - Increases bonus Armor and Magic Resist by 5%', 1);
INSERT INTO `mydb`.`MASTERIES` (`Master_name`, `masteries_id`, `Rank`, `Required_Points_to_open`, `Required_Points_to_complete`, `Required_Base_Master_id`, `Description`, `MASTER_TREE_tree_id`) VALUES ('Tough Skin', 24, 2, 0, 2, NULL, 'Rank 1 - Reduces damage taken from neutral monsters by 1 ; Rank 2 - Reduces damage taken from neutral monsters by 2', 1);
INSERT INTO `mydb`.`MASTERIES` (`Master_name`, `masteries_id`, `Rank`, `Required_Points_to_open`, `Required_Points_to_complete`, `Required_Base_Master_id`, `Description`, `MASTER_TREE_tree_id`) VALUES ('Unyielding', 25, 1, 4, 1, 21, 'Melee - Reduces all incoming damage from champions by 2 ; Ranged - Reduces all incoming damage from champions by 1', 1);
INSERT INTO `mydb`.`MASTERIES` (`Master_name`, `masteries_id`, `Rank`, `Required_Points_to_open`, `Required_Points_to_complete`, `Required_Base_Master_id`, `Description`, `MASTER_TREE_tree_id`) VALUES ('Veteran s Scars', 26, 3, 4, 7, NULL, 'Rank 1 - Add 12 Health ; Rank 2 - Add 24 Health  ; Rank 3 - Add 36 Health', 1);
INSERT INTO `mydb`.`MASTERIES` (`Master_name`, `masteries_id`, `Rank`, `Required_Points_to_open`, `Required_Points_to_complete`, `Required_Base_Master_id`, `Description`, `MASTER_TREE_tree_id`) VALUES ('Bladed Armor', 27, 1, 4, 5, 24, 'Taking Basic Attack Damage from neutral monsters cause them to bleed, dealing physical damage equal to 1% of their current Health each second', 1);
INSERT INTO `mydb`.`MASTERIES` (`Master_name`, `masteries_id`, `Rank`, `Required_Points_to_open`, `Required_Points_to_complete`, `Required_Base_Master_id`, `Description`, `MASTER_TREE_tree_id`) VALUES ('Oppression', 28, 1, 8, 9, NULL, 'Reduces damage taken by 3% from enemies that have impaired movement (slows, snares, taunts, stuns, etc.)', 1);
INSERT INTO `mydb`.`MASTERIES` (`Master_name`, `masteries_id`, `Rank`, `Required_Points_to_open`, `Required_Points_to_complete`, `Required_Base_Master_id`, `Description`, `MASTER_TREE_tree_id`) VALUES ('Juggernaut', 29, 1, 8, 9, 26, 'Add 3% Maximum Health', 1);
INSERT INTO `mydb`.`MASTERIES` (`Master_name`, `masteries_id`, `Rank`, `Required_Points_to_open`, `Required_Points_to_complete`, `Required_Base_Master_id`, `Description`, `MASTER_TREE_tree_id`) VALUES ('Hardiness', 30, 3, 8, 11, NULL, 'Rank 1 - Add 2 Armor ; Rank 2 - Add 3.5 Armor ; Rank 3 - Add 5 Armor', 1);
INSERT INTO `mydb`.`MASTERIES` (`Master_name`, `masteries_id`, `Rank`, `Required_Points_to_open`, `Required_Points_to_complete`, `Required_Base_Master_id`, `Description`, `MASTER_TREE_tree_id`) VALUES ('Resistance', 31, 3, 8, 11, NULL, 'Rank 1 - Add 2 Magic Resist ; Rank 2 - Add 3.5 Magic Resist ; Rank 3 - Add 5 Magic Resist', 1);
INSERT INTO `mydb`.`MASTERIES` (`Master_name`, `masteries_id`, `Rank`, `Required_Points_to_open`, `Required_Points_to_complete`, `Required_Base_Master_id`, `Description`, `MASTER_TREE_tree_id`) VALUES ('Perseverance', 32, 3, 12, 15, NULL, 'Rank 1 - Regenerates 0.35% of missing Health every 5 seconds ; Rank 2 - Regenerates 0.675% of missing Health every 5 seconds ; Rank 3 - Regenerates 1% of missing Health every 5 seconds', 1);
INSERT INTO `mydb`.`MASTERIES` (`Master_name`, `masteries_id`, `Rank`, `Required_Points_to_open`, `Required_Points_to_complete`, `Required_Base_Master_id`, `Description`, `MASTER_TREE_tree_id`) VALUES ('Swiftness', 33, 1, 12, 13, NULL, 'Reduces the effectiveness of slows by 10%', 1);
INSERT INTO `mydb`.`MASTERIES` (`Master_name`, `masteries_id`, `Rank`, `Required_Points_to_open`, `Required_Points_to_complete`, `Required_Base_Master_id`, `Description`, `MASTER_TREE_tree_id`) VALUES ('Reinforced Armor', 34, 1, 12, 13, 30, 'Reduces the total damage taken from critical strikes by 10%', 1);
INSERT INTO `mydb`.`MASTERIES` (`Master_name`, `masteries_id`, `Rank`, `Required_Points_to_open`, `Required_Points_to_complete`, `Required_Base_Master_id`, `Description`, `MASTER_TREE_tree_id`) VALUES ('Evasive', 35, 1, 12, 13, 31, 'Reduces damage taken by 4% from Area of Effect magic damage', 1);
INSERT INTO `mydb`.`MASTERIES` (`Master_name`, `masteries_id`, `Rank`, `Required_Points_to_open`, `Required_Points_to_complete`, `Required_Base_Master_id`, `Description`, `MASTER_TREE_tree_id`) VALUES ('Second Wind', 36, 1, 16, 17, 32, 'Increases self-healing, Health Regen, Lifesteal, and Spellvamp by 10% when below 25% Health', 1);
INSERT INTO `mydb`.`MASTERIES` (`Master_name`, `masteries_id`, `Rank`, `Required_Points_to_open`, `Required_Points_to_complete`, `Required_Base_Master_id`, `Description`, `MASTER_TREE_tree_id`) VALUES ('Legendary Guardian', 37, 4, 16, 20, NULL, 'Add 1 Armor and 0.5 Magic Resist for each nearby enemy champion per rank. Rank 1 - 1 Armor and 0.5 Magic Resist ;  Rank 2 - 2 Armor and 1 Magic Resist ;  Rank 3 - 3 Armor and 1.5 Magic Resist ;  Rank 4 - 4 Armor and 2 Magic Resist', 1);
INSERT INTO `mydb`.`MASTERIES` (`Master_name`, `masteries_id`, `Rank`, `Required_Points_to_open`, `Required_Points_to_complete`, `Required_Base_Master_id`, `Description`, `MASTER_TREE_tree_id`) VALUES ('Runic Blessing', 38, 1, 16, 17, NULL, 'Start the game with a 50 Health shield. This shield regenerates each time after respawning', 1);
INSERT INTO `mydb`.`MASTERIES` (`Master_name`, `masteries_id`, `Rank`, `Required_Points_to_open`, `Required_Points_to_complete`, `Required_Base_Master_id`, `Description`, `MASTER_TREE_tree_id`) VALUES ('Tenacious', 39, 1, 20, 21, NULL, 'Reduces the duration of crowd control effects by 15%', 1);
INSERT INTO `mydb`.`MASTERIES` (`Master_name`, `masteries_id`, `Rank`, `Required_Points_to_open`, `Required_Points_to_complete`, `Required_Base_Master_id`, `Description`, `MASTER_TREE_tree_id`) VALUES ('Phasewalker', 40, 1, 0, 1, NULL, 'Reduces the casting time of Recall by 1 second', 3);
INSERT INTO `mydb`.`MASTERIES` (`Master_name`, `masteries_id`, `Rank`, `Required_Points_to_open`, `Required_Points_to_complete`, `Required_Base_Master_id`, `Description`, `MASTER_TREE_tree_id`) VALUES ('Fleet of Foot', 41, 3, 0, 3, NULL, 'Rank 1 - Add 0.5% Movement Speed ; Rank 2 - Add 1% Movement Speed ; Rank 3  - Add 1.5% Movement Speed', 3);
INSERT INTO `mydb`.`MASTERIES` (`Master_name`, `masteries_id`, `Rank`, `Required_Points_to_open`, `Required_Points_to_complete`, `Required_Base_Master_id`, `Description`, `MASTER_TREE_tree_id`) VALUES ('Meditation', 42, 3, 0, 3, NULL, 'Rank 1 - Add 1 Mana Restoration per 5 seconds ; Rank 2 - Add 2 Mana Restoration per 5 seconds ; Rank 3 - Add 3 Mana Restoration per 5 seconds', 3);
INSERT INTO `mydb`.`MASTERIES` (`Master_name`, `masteries_id`, `Rank`, `Required_Points_to_open`, `Required_Points_to_complete`, `Required_Base_Master_id`, `Description`, `MASTER_TREE_tree_id`) VALUES ('Scout', 43, 1, 0, 1, NULL, 'Increases the cast range of trinket items by 15%', 3);
INSERT INTO `mydb`.`MASTERIES` (`Master_name`, `masteries_id`, `Rank`, `Required_Points_to_open`, `Required_Points_to_complete`, `Required_Base_Master_id`, `Description`, `MASTER_TREE_tree_id`) VALUES ('Summoner s Insight', 44, 3, 4, 7, NULL, 'Rank 1 - Reduces the cooldown of Summoner Spells by 4% ; Rank 2 - Reduces the cooldown of Summoner Spells by 7% ; Rank 3 - Reduces the cooldown of Summoner Spells by 10%', 3);
INSERT INTO `mydb`.`MASTERIES` (`Master_name`, `masteries_id`, `Rank`, `Required_Points_to_open`, `Required_Points_to_complete`, `Required_Base_Master_id`, `Description`, `MASTER_TREE_tree_id`) VALUES ('Strenght of Spirit', 45, 1, 4, 5, 42, 'Add 1 Health Regen per 5 seconds for every 300 maximum Mana', 3);
INSERT INTO `mydb`.`MASTERIES` (`Master_name`, `masteries_id`, `Rank`, `Required_Points_to_open`, `Required_Points_to_complete`, `Required_Base_Master_id`, `Description`, `MASTER_TREE_tree_id`) VALUES ('Alchemist', 46, 1, 4, 5, NULL, 'Increases the duration of potions and elixirs by 10%', 3);
INSERT INTO `mydb`.`MASTERIES` (`Master_name`, `masteries_id`, `Rank`, `Required_Points_to_open`, `Required_Points_to_complete`, `Required_Base_Master_id`, `Description`, `MASTER_TREE_tree_id`) VALUES ('Greed', 47, 3, 8, 11, NULL, 'Rank 1 - 0.5 Gold every 10 seconds ; Rank 2 - 1 Gold every 10 seconds ; Rank 3 - 1.5 Gold every 10 seconds', 3);
INSERT INTO `mydb`.`MASTERIES` (`Master_name`, `masteries_id`, `Rank`, `Required_Points_to_open`, `Required_Points_to_complete`, `Required_Base_Master_id`, `Description`, `MASTER_TREE_tree_id`) VALUES ('Runic Affinity', 48, 1, 8, 9, NULL, 'Increases the duration of shrine, relic, quest, and neutral monster buffs by 20%', 3);
INSERT INTO `mydb`.`MASTERIES` (`Master_name`, `masteries_id`, `Rank`, `Required_Points_to_open`, `Required_Points_to_complete`, `Required_Base_Master_id`, `Description`, `MASTER_TREE_tree_id`) VALUES ('Vampirisim', 49, 3, 8, 11, NULL, 'Rank 1 - Add 1% Lifesteal and Spellvamp ; Rank 2 - Add 2% Lifesteal and Spellvamp ; Rank 3 - Add 3% Lifesteal and Spellvamp', 3);
INSERT INTO `mydb`.`MASTERIES` (`Master_name`, `masteries_id`, `Rank`, `Required_Points_to_open`, `Required_Points_to_complete`, `Required_Base_Master_id`, `Description`, `MASTER_TREE_tree_id`) VALUES ('Culinary Master', 50, 1, 8, 9, 46, 'Health potions are upgraded into Biscuits that restore an additional 20 Health and 10 Mana instantly upon consumption', 3);
INSERT INTO `mydb`.`MASTERIES` (`Master_name`, `masteries_id`, `Rank`, `Required_Points_to_open`, `Required_Points_to_complete`, `Required_Base_Master_id`, `Description`, `MASTER_TREE_tree_id`) VALUES ('Scavenger', 51, 3, 12, 15, 47, 'Add 1 Gold each time an ally kills a nearby lane minion', 3);
INSERT INTO `mydb`.`MASTERIES` (`Master_name`, `masteries_id`, `Rank`, `Required_Points_to_open`, `Required_Points_to_complete`, `Required_Base_Master_id`, `Description`, `MASTER_TREE_tree_id`) VALUES ('Wealth', 52, 1, 12, 13, NULL, 'Add 40 Starting Gold', 3);
INSERT INTO `mydb`.`MASTERIES` (`Master_name`, `masteries_id`, `Rank`, `Required_Points_to_open`, `Required_Points_to_complete`, `Required_Base_Master_id`, `Description`, `MASTER_TREE_tree_id`) VALUES ('Expanded Mind', 53, 3, 12, 15, NULL, 'Rank 1 - 2% increased maximum Mana ; Rank 2 - 3.5% increased maximum Mana ; Rank 3 - 5% increased maximum Mana', 3);
INSERT INTO `mydb`.`MASTERIES` (`Master_name`, `masteries_id`, `Rank`, `Required_Points_to_open`, `Required_Points_to_complete`, `Required_Base_Master_id`, `Description`, `MASTER_TREE_tree_id`) VALUES ('Inspiration', 54, 2, 12, 14, NULL, 'Rank 1 - Add 5 Experience every 10 seconds while near a higher level allied champion ; Rank 2 - Add 10 Experience every 10 seconds while near a higher level allied champion', 3);
INSERT INTO `mydb`.`MASTERIES` (`Master_name`, `masteries_id`, `Rank`, `Required_Points_to_open`, `Required_Points_to_complete`, `Required_Base_Master_id`, `Description`, `MASTER_TREE_tree_id`) VALUES ('Bandit', 55, 1, 16, 17, 52, 'Melee - Grants +15 Gold on champion kill or assist ; Ranged - Grants +3 Gold each time an enemy champion is attacked. This cannot trigger on the same champion more than once every 5 seconds', 3);
INSERT INTO `mydb`.`MASTERIES` (`Master_name`, `masteries_id`, `Rank`, `Required_Points_to_open`, `Required_Points_to_complete`, `Required_Base_Master_id`, `Description`, `MASTER_TREE_tree_id`) VALUES ('Intelligence', 56, 3, 16, 19, NULL, 'Rank 1 - 2% Cooldown Reduction and reduces the cooldown of Activated Items by 4% ; Rank 2 - 3.5% Cooldown Reduction and reduces the cooldown of Activated Items by 7% ; Rank 3 - 5% Cooldown Reduction and reduces the cooldown of Activated Items by 10%', 3);
INSERT INTO `mydb`.`MASTERIES` (`Master_name`, `masteries_id`, `Rank`, `Required_Points_to_open`, `Required_Points_to_complete`, `Required_Base_Master_id`, `Description`, `MASTER_TREE_tree_id`) VALUES ('Wanderer', 57, 1, 20, 21, NULL, 'Add 5% Movement Speed out of combat', 3);

COMMIT;


-- -----------------------------------------------------
-- Data for table `mydb`.`SUMMONERS_has_SUMMONER_SPELLS`
-- -----------------------------------------------------
START TRANSACTION;
USE `mydb`;
INSERT INTO `mydb`.`SUMMONERS_has_SUMMONER_SPELLS` (`SUMMONERS_Summoners_Nickname`, `SUMMONER SPELLS_Summoner_Spell`) VALUES ('Amazing', 'Barrier');
INSERT INTO `mydb`.`SUMMONERS_has_SUMMONER_SPELLS` (`SUMMONERS_Summoners_Nickname`, `SUMMONER SPELLS_Summoner_Spell`) VALUES ('Archie', 'Clarity');
INSERT INTO `mydb`.`SUMMONERS_has_SUMMONER_SPELLS` (`SUMMONERS_Summoners_Nickname`, `SUMMONER SPELLS_Summoner_Spell`) VALUES ('Archive', 'Clairvoyance');
INSERT INTO `mydb`.`SUMMONERS_has_SUMMONER_SPELLS` (`SUMMONERS_Summoners_Nickname`, `SUMMONER SPELLS_Summoner_Spell`) VALUES ('BalIs', 'Cleanse');
INSERT INTO `mydb`.`SUMMONERS_has_SUMMONER_SPELLS` (`SUMMONERS_Summoners_Nickname`, `SUMMONER SPELLS_Summoner_Spell`) VALUES ('Bebe', 'Exhaust');
INSERT INTO `mydb`.`SUMMONERS_has_SUMMONER_SPELLS` (`SUMMONERS_Summoners_Nickname`, `SUMMONER SPELLS_Summoner_Spell`) VALUES ('Bjergsen', 'Flash');
INSERT INTO `mydb`.`SUMMONERS_has_SUMMONER_SPELLS` (`SUMMONERS_Summoners_Nickname`, `SUMMONER SPELLS_Summoner_Spell`) VALUES ('Claire', 'Ghost');
INSERT INTO `mydb`.`SUMMONERS_has_SUMMONER_SPELLS` (`SUMMONERS_Summoners_Nickname`, `SUMMONER SPELLS_Summoner_Spell`) VALUES ('Crystal M', 'Heal');
INSERT INTO `mydb`.`SUMMONERS_has_SUMMONER_SPELLS` (`SUMMONERS_Summoners_Nickname`, `SUMMONER SPELLS_Summoner_Spell`) VALUES ('dade', 'Ignite');
INSERT INTO `mydb`.`SUMMONERS_has_SUMMONER_SPELLS` (`SUMMONERS_Summoners_Nickname`, `SUMMONER SPELLS_Summoner_Spell`) VALUES ('Dandy', 'Smite');
INSERT INTO `mydb`.`SUMMONERS_has_SUMMONER_SPELLS` (`SUMMONERS_Summoners_Nickname`, `SUMMONER SPELLS_Summoner_Spell`) VALUES ('Dioud', 'Teleport');
INSERT INTO `mydb`.`SUMMONERS_has_SUMMONER_SPELLS` (`SUMMONERS_Summoners_Nickname`, `SUMMONER SPELLS_Summoner_Spell`) VALUES ('Dumbledoge', 'Recall');

COMMIT;


-- -----------------------------------------------------
-- Data for table `mydb`.`SUMMONERS_has_MASTERIES`
-- -----------------------------------------------------
START TRANSACTION;
USE `mydb`;
INSERT INTO `mydb`.`SUMMONERS_has_MASTERIES` (`SUMMONERS_Summoners_Nickname`, `MASTERIES_Master_name`) VALUES ('Amazing', 'Double-Edged Sword');
INSERT INTO `mydb`.`SUMMONERS_has_MASTERIES` (`SUMMONERS_Summoners_Nickname`, `MASTERIES_Master_name`) VALUES ('Archie', 'Fury');
INSERT INTO `mydb`.`SUMMONERS_has_MASTERIES` (`SUMMONERS_Summoners_Nickname`, `MASTERIES_Master_name`) VALUES ('Archive', 'Sorcery');
INSERT INTO `mydb`.`SUMMONERS_has_MASTERIES` (`SUMMONERS_Summoners_Nickname`, `MASTERIES_Master_name`) VALUES ('Crystal M', 'Butcher');
INSERT INTO `mydb`.`SUMMONERS_has_MASTERIES` (`SUMMONERS_Summoners_Nickname`, `MASTERIES_Master_name`) VALUES ('Bebe', 'Expose Weakness');
INSERT INTO `mydb`.`SUMMONERS_has_MASTERIES` (`SUMMONERS_Summoners_Nickname`, `MASTERIES_Master_name`) VALUES ('Bjergsen', 'Brute Force');
INSERT INTO `mydb`.`SUMMONERS_has_MASTERIES` (`SUMMONERS_Summoners_Nickname`, `MASTERIES_Master_name`) VALUES ('Claire', 'Mental Force');
INSERT INTO `mydb`.`SUMMONERS_has_MASTERIES` (`SUMMONERS_Summoners_Nickname`, `MASTERIES_Master_name`) VALUES ('Crystal M', 'Feast');
INSERT INTO `mydb`.`SUMMONERS_has_MASTERIES` (`SUMMONERS_Summoners_Nickname`, `MASTERIES_Master_name`) VALUES ('Dyrus', 'Spell Weaving');
INSERT INTO `mydb`.`SUMMONERS_has_MASTERIES` (`SUMMONERS_Summoners_Nickname`, `MASTERIES_Master_name`) VALUES ('Bjergsen', 'Martial Mastery');
INSERT INTO `mydb`.`SUMMONERS_has_MASTERIES` (`SUMMONERS_Summoners_Nickname`, `MASTERIES_Master_name`) VALUES ('Claire', 'Arcane Mastery');
INSERT INTO `mydb`.`SUMMONERS_has_MASTERIES` (`SUMMONERS_Summoners_Nickname`, `MASTERIES_Master_name`) VALUES ('Fabulous', 'Executioner');
INSERT INTO `mydb`.`SUMMONERS_has_MASTERIES` (`SUMMONERS_Summoners_Nickname`, `MASTERIES_Master_name`) VALUES ('Dyrus', 'Blade Weaving');
INSERT INTO `mydb`.`SUMMONERS_has_MASTERIES` (`SUMMONERS_Summoners_Nickname`, `MASTERIES_Master_name`) VALUES ('Elwind', 'Warlord');
INSERT INTO `mydb`.`SUMMONERS_has_MASTERIES` (`SUMMONERS_Summoners_Nickname`, `MASTERIES_Master_name`) VALUES ('Energy', 'Archmage');
INSERT INTO `mydb`.`SUMMONERS_has_MASTERIES` (`SUMMONERS_Summoners_Nickname`, `MASTERIES_Master_name`) VALUES ('Fabulous', 'Dangerous Game');
INSERT INTO `mydb`.`SUMMONERS_has_MASTERIES` (`SUMMONERS_Summoners_Nickname`, `MASTERIES_Master_name`) VALUES ('Faker', 'Frenzy');
INSERT INTO `mydb`.`SUMMONERS_has_MASTERIES` (`SUMMONERS_Summoners_Nickname`, `MASTERIES_Master_name`) VALUES ('FlashInTheNight', 'Devastating Strikes');
INSERT INTO `mydb`.`SUMMONERS_has_MASTERIES` (`SUMMONERS_Summoners_Nickname`, `MASTERIES_Master_name`) VALUES ('Froggen', 'Arcane Blade');
INSERT INTO `mydb`.`SUMMONERS_has_MASTERIES` (`SUMMONERS_Summoners_Nickname`, `MASTERIES_Master_name`) VALUES ('Gramas', 'Havoc');
INSERT INTO `mydb`.`SUMMONERS_has_MASTERIES` (`SUMMONERS_Summoners_Nickname`, `MASTERIES_Master_name`) VALUES ('Holyanimor', 'Block');
INSERT INTO `mydb`.`SUMMONERS_has_MASTERIES` (`SUMMONERS_Summoners_Nickname`, `MASTERIES_Master_name`) VALUES ('imp', 'Recovery');
INSERT INTO `mydb`.`SUMMONERS_has_MASTERIES` (`SUMMONERS_Summoners_Nickname`, `MASTERIES_Master_name`) VALUES ('Impact', 'Enchanted Armor');
INSERT INTO `mydb`.`SUMMONERS_has_MASTERIES` (`SUMMONERS_Summoners_Nickname`, `MASTERIES_Master_name`) VALUES ('Klaus', 'Tough Skin');
INSERT INTO `mydb`.`SUMMONERS_has_MASTERIES` (`SUMMONERS_Summoners_Nickname`, `MASTERIES_Master_name`) VALUES ('Holyanimor', 'Unyielding');
INSERT INTO `mydb`.`SUMMONERS_has_MASTERIES` (`SUMMONERS_Summoners_Nickname`, `MASTERIES_Master_name`) VALUES ('MadLife', 'Veteran s Scars');
INSERT INTO `mydb`.`SUMMONERS_has_MASTERIES` (`SUMMONERS_Summoners_Nickname`, `MASTERIES_Master_name`) VALUES ('Klaus', 'Bladed Armor');
INSERT INTO `mydb`.`SUMMONERS_has_MASTERIES` (`SUMMONERS_Summoners_Nickname`, `MASTERIES_Master_name`) VALUES ('LongB', 'Oppression');
INSERT INTO `mydb`.`SUMMONERS_has_MASTERIES` (`SUMMONERS_Summoners_Nickname`, `MASTERIES_Master_name`) VALUES ('MadLife', 'Juggernaut');
INSERT INTO `mydb`.`SUMMONERS_has_MASTERIES` (`SUMMONERS_Summoners_Nickname`, `MASTERIES_Master_name`) VALUES ('Metalurijist', 'Hardiness');
INSERT INTO `mydb`.`SUMMONERS_has_MASTERIES` (`SUMMONERS_Summoners_Nickname`, `MASTERIES_Master_name`) VALUES ('Meteos', 'Resistance');
INSERT INTO `mydb`.`SUMMONERS_has_MASTERIES` (`SUMMONERS_Summoners_Nickname`, `MASTERIES_Master_name`) VALUES ('Matty', 'Perseverance');
INSERT INTO `mydb`.`SUMMONERS_has_MASTERIES` (`SUMMONERS_Summoners_Nickname`, `MASTERIES_Master_name`) VALUES ('Mayney', 'Swiftness');
INSERT INTO `mydb`.`SUMMONERS_has_MASTERIES` (`SUMMONERS_Summoners_Nickname`, `MASTERIES_Master_name`) VALUES ('Metalurijist', 'Reinforced Armor');
INSERT INTO `mydb`.`SUMMONERS_has_MASTERIES` (`SUMMONERS_Summoners_Nickname`, `MASTERIES_Master_name`) VALUES ('Meteos', 'Evasive');
INSERT INTO `mydb`.`SUMMONERS_has_MASTERIES` (`SUMMONERS_Summoners_Nickname`, `MASTERIES_Master_name`) VALUES ('Matty', 'Second Wind');
INSERT INTO `mydb`.`SUMMONERS_has_MASTERIES` (`SUMMONERS_Summoners_Nickname`, `MASTERIES_Master_name`) VALUES ('Monarch1967', 'Legendary Guardian');
INSERT INTO `mydb`.`SUMMONERS_has_MASTERIES` (`SUMMONERS_Summoners_Nickname`, `MASTERIES_Master_name`) VALUES ('Morning', 'Runic Blessing');
INSERT INTO `mydb`.`SUMMONERS_has_MASTERIES` (`SUMMONERS_Summoners_Nickname`, `MASTERIES_Master_name`) VALUES ('Mylon', 'Tenacious');
INSERT INTO `mydb`.`SUMMONERS_has_MASTERIES` (`SUMMONERS_Summoners_Nickname`, `MASTERIES_Master_name`) VALUES ('NaMei', 'Phasewalker');
INSERT INTO `mydb`.`SUMMONERS_has_MASTERIES` (`SUMMONERS_Summoners_Nickname`, `MASTERIES_Master_name`) VALUES ('Nardeus', 'Fleet of Foot');
INSERT INTO `mydb`.`SUMMONERS_has_MASTERIES` (`SUMMONERS_Summoners_Nickname`, `MASTERIES_Master_name`) VALUES ('Naru', 'Meditation');
INSERT INTO `mydb`.`SUMMONERS_has_MASTERIES` (`SUMMONERS_Summoners_Nickname`, `MASTERIES_Master_name`) VALUES ('NerzhuL', 'Scout');
INSERT INTO `mydb`.`SUMMONERS_has_MASTERIES` (`SUMMONERS_Summoners_Nickname`, `MASTERIES_Master_name`) VALUES ('niQ', 'Summoner s Insight');
INSERT INTO `mydb`.`SUMMONERS_has_MASTERIES` (`SUMMONERS_Summoners_Nickname`, `MASTERIES_Master_name`) VALUES ('Naru', 'Strenght of Spirit');
INSERT INTO `mydb`.`SUMMONERS_has_MASTERIES` (`SUMMONERS_Summoners_Nickname`, `MASTERIES_Master_name`) VALUES ('Rekkles', 'Alchemist');
INSERT INTO `mydb`.`SUMMONERS_has_MASTERIES` (`SUMMONERS_Summoners_Nickname`, `MASTERIES_Master_name`) VALUES ('Santorin', 'Greed');
INSERT INTO `mydb`.`SUMMONERS_has_MASTERIES` (`SUMMONERS_Summoners_Nickname`, `MASTERIES_Master_name`) VALUES ('Quas', 'Runic Affinity');
INSERT INTO `mydb`.`SUMMONERS_has_MASTERIES` (`SUMMONERS_Summoners_Nickname`, `MASTERIES_Master_name`) VALUES ('Raydere', 'Vampirisim');
INSERT INTO `mydb`.`SUMMONERS_has_MASTERIES` (`SUMMONERS_Summoners_Nickname`, `MASTERIES_Master_name`) VALUES ('Rekkles', 'Culinary Master');
INSERT INTO `mydb`.`SUMMONERS_has_MASTERIES` (`SUMMONERS_Summoners_Nickname`, `MASTERIES_Master_name`) VALUES ('Santorin', 'Scavenger');
INSERT INTO `mydb`.`SUMMONERS_has_MASTERIES` (`SUMMONERS_Summoners_Nickname`, `MASTERIES_Master_name`) VALUES ('sOAZ', 'Wealth');
INSERT INTO `mydb`.`SUMMONERS_has_MASTERIES` (`SUMMONERS_Summoners_Nickname`, `MASTERIES_Master_name`) VALUES ('Shaman', 'Expanded Mind');
INSERT INTO `mydb`.`SUMMONERS_has_MASTERIES` (`SUMMONERS_Summoners_Nickname`, `MASTERIES_Master_name`) VALUES ('Snoopeh', 'Inspiration');
INSERT INTO `mydb`.`SUMMONERS_has_MASTERIES` (`SUMMONERS_Summoners_Nickname`, `MASTERIES_Master_name`) VALUES ('sOAZ', 'Bandit');
INSERT INTO `mydb`.`SUMMONERS_has_MASTERIES` (`SUMMONERS_Summoners_Nickname`, `MASTERIES_Master_name`) VALUES ('SuperAZE', 'Intelligence');
INSERT INTO `mydb`.`SUMMONERS_has_MASTERIES` (`SUMMONERS_Summoners_Nickname`, `MASTERIES_Master_name`) VALUES ('Svenskeren', 'Wanderer');

COMMIT;


-- -----------------------------------------------------
-- Data for table `mydb`.`SUMMONERS_has_RUNES`
-- -----------------------------------------------------
START TRANSACTION;
USE `mydb`;
INSERT INTO `mydb`.`SUMMONERS_has_RUNES` (`SUMMONERS_Summoners_Nickname`, `RUNES_Rune`) VALUES ('Amazing', 'Lesser Mark of Scaling Attack Damage');
INSERT INTO `mydb`.`SUMMONERS_has_RUNES` (`SUMMONERS_Summoners_Nickname`, `RUNES_Rune`) VALUES ('Archie', 'Lesser Mark of Scaling Health');
INSERT INTO `mydb`.`SUMMONERS_has_RUNES` (`SUMMONERS_Summoners_Nickname`, `RUNES_Rune`) VALUES ('Archive', 'Lesser Mark of Scaling Magic Resist');
INSERT INTO `mydb`.`SUMMONERS_has_RUNES` (`SUMMONERS_Summoners_Nickname`, `RUNES_Rune`) VALUES ('BalIs', 'Lesser Mark of Scaling Ability Power');
INSERT INTO `mydb`.`SUMMONERS_has_RUNES` (`SUMMONERS_Summoners_Nickname`, `RUNES_Rune`) VALUES ('Bebe', 'Lesser Mark of Scaling Mana');
INSERT INTO `mydb`.`SUMMONERS_has_RUNES` (`SUMMONERS_Summoners_Nickname`, `RUNES_Rune`) VALUES ('Bjergsen', 'Lesser Mark of Attack Damage');
INSERT INTO `mydb`.`SUMMONERS_has_RUNES` (`SUMMONERS_Summoners_Nickname`, `RUNES_Rune`) VALUES ('Claire', 'Lesser Mark of Armor Penetration');
INSERT INTO `mydb`.`SUMMONERS_has_RUNES` (`SUMMONERS_Summoners_Nickname`, `RUNES_Rune`) VALUES ('Crystal M', 'Lesser Mark of Health');
INSERT INTO `mydb`.`SUMMONERS_has_RUNES` (`SUMMONERS_Summoners_Nickname`, `RUNES_Rune`) VALUES ('dade', 'Lesser Mark of Armor');
INSERT INTO `mydb`.`SUMMONERS_has_RUNES` (`SUMMONERS_Summoners_Nickname`, `RUNES_Rune`) VALUES ('Dandy', 'Lesser Mark of Magic Resist');
INSERT INTO `mydb`.`SUMMONERS_has_RUNES` (`SUMMONERS_Summoners_Nickname`, `RUNES_Rune`) VALUES ('Dioud', 'Lesser Mark of Ability Power');
INSERT INTO `mydb`.`SUMMONERS_has_RUNES` (`SUMMONERS_Summoners_Nickname`, `RUNES_Rune`) VALUES ('Dumbledoge', 'Lesser Mark of Mana');
INSERT INTO `mydb`.`SUMMONERS_has_RUNES` (`SUMMONERS_Summoners_Nickname`, `RUNES_Rune`) VALUES ('Dyrus', 'Lesser Mark of Mana Regeneration');
INSERT INTO `mydb`.`SUMMONERS_has_RUNES` (`SUMMONERS_Summoners_Nickname`, `RUNES_Rune`) VALUES ('Elwind', 'Lesser Mark of Magic Penetration');
INSERT INTO `mydb`.`SUMMONERS_has_RUNES` (`SUMMONERS_Summoners_Nickname`, `RUNES_Rune`) VALUES ('Energy', 'Lesser Mark of Hybrid Penetration');
INSERT INTO `mydb`.`SUMMONERS_has_RUNES` (`SUMMONERS_Summoners_Nickname`, `RUNES_Rune`) VALUES ('Fabulous', 'Lesser Mark of Attack Speed');
INSERT INTO `mydb`.`SUMMONERS_has_RUNES` (`SUMMONERS_Summoners_Nickname`, `RUNES_Rune`) VALUES ('Faker', 'Lesser Mark of Critical Damage');
INSERT INTO `mydb`.`SUMMONERS_has_RUNES` (`SUMMONERS_Summoners_Nickname`, `RUNES_Rune`) VALUES ('FlashInTheNight', 'Lesser Mark of Critical Chance');
INSERT INTO `mydb`.`SUMMONERS_has_RUNES` (`SUMMONERS_Summoners_Nickname`, `RUNES_Rune`) VALUES ('Froggen', 'Lesser Mark of Cooldown Reduction');
INSERT INTO `mydb`.`SUMMONERS_has_RUNES` (`SUMMONERS_Summoners_Nickname`, `RUNES_Rune`) VALUES ('Gramas', 'Lesser Mark of the Yuletide Tannenbaum');
INSERT INTO `mydb`.`SUMMONERS_has_RUNES` (`SUMMONERS_Summoners_Nickname`, `RUNES_Rune`) VALUES ('Holyanimor', 'Lesser Mark of Alpine Attack Speed');
INSERT INTO `mydb`.`SUMMONERS_has_RUNES` (`SUMMONERS_Summoners_Nickname`, `RUNES_Rune`) VALUES ('imp', 'Lesser Seal of Scaling Attack Damage');
INSERT INTO `mydb`.`SUMMONERS_has_RUNES` (`SUMMONERS_Summoners_Nickname`, `RUNES_Rune`) VALUES ('Impact', 'Lesser Seal of Scaling Health');
INSERT INTO `mydb`.`SUMMONERS_has_RUNES` (`SUMMONERS_Summoners_Nickname`, `RUNES_Rune`) VALUES ('Incarnati0n', 'Lesser Seal of Scaling Armor');
INSERT INTO `mydb`.`SUMMONERS_has_RUNES` (`SUMMONERS_Summoners_Nickname`, `RUNES_Rune`) VALUES ('inSec', 'Lesser Seal of Scaling Magic Resist');
INSERT INTO `mydb`.`SUMMONERS_has_RUNES` (`SUMMONERS_Summoners_Nickname`, `RUNES_Rune`) VALUES ('Krepo', 'Lesser Seal of Scaling Health Regeneration');
INSERT INTO `mydb`.`SUMMONERS_has_RUNES` (`SUMMONERS_Summoners_Nickname`, `RUNES_Rune`) VALUES ('Klaus', 'Lesser Seal of Scaling Ability Power');
INSERT INTO `mydb`.`SUMMONERS_has_RUNES` (`SUMMONERS_Summoners_Nickname`, `RUNES_Rune`) VALUES ('LongB', 'Lesser Seal of Scaling Mana');
INSERT INTO `mydb`.`SUMMONERS_has_RUNES` (`SUMMONERS_Summoners_Nickname`, `RUNES_Rune`) VALUES ('MadLife', 'Lesser Seal of Scaling Mana Regeneration');
INSERT INTO `mydb`.`SUMMONERS_has_RUNES` (`SUMMONERS_Summoners_Nickname`, `RUNES_Rune`) VALUES ('Mata', 'Lesser Seal of the Stout Snowman');
INSERT INTO `mydb`.`SUMMONERS_has_RUNES` (`SUMMONERS_Summoners_Nickname`, `RUNES_Rune`) VALUES ('MaRin', 'Lesser Seal of Attack Damage');
INSERT INTO `mydb`.`SUMMONERS_has_RUNES` (`SUMMONERS_Summoners_Nickname`, `RUNES_Rune`) VALUES ('Matty', 'Lesser Seal of Health');
INSERT INTO `mydb`.`SUMMONERS_has_RUNES` (`SUMMONERS_Summoners_Nickname`, `RUNES_Rune`) VALUES ('Mayney', 'Lesser Seal of Armor');
INSERT INTO `mydb`.`SUMMONERS_has_RUNES` (`SUMMONERS_Summoners_Nickname`, `RUNES_Rune`) VALUES ('Metalurijist', 'Lesser Seal of Magic Resist');
INSERT INTO `mydb`.`SUMMONERS_has_RUNES` (`SUMMONERS_Summoners_Nickname`, `RUNES_Rune`) VALUES ('Meteos', 'Lesser Seal of Health Regeneration');
INSERT INTO `mydb`.`SUMMONERS_has_RUNES` (`SUMMONERS_Summoners_Nickname`, `RUNES_Rune`) VALUES ('MikeyR', 'Lesser Seal of Ability Power');
INSERT INTO `mydb`.`SUMMONERS_has_RUNES` (`SUMMONERS_Summoners_Nickname`, `RUNES_Rune`) VALUES ('Monarch1967', 'Lesser Seal of Mana');
INSERT INTO `mydb`.`SUMMONERS_has_RUNES` (`SUMMONERS_Summoners_Nickname`, `RUNES_Rune`) VALUES ('Morning', 'Lesser Seal of Mana Regeneration');
INSERT INTO `mydb`.`SUMMONERS_has_RUNES` (`SUMMONERS_Summoners_Nickname`, `RUNES_Rune`) VALUES ('Mylon', 'Lesser Seal of the Medalist');
INSERT INTO `mydb`.`SUMMONERS_has_RUNES` (`SUMMONERS_Summoners_Nickname`, `RUNES_Rune`) VALUES ('NaMei', 'Lesser Seal of Attack Speed');
INSERT INTO `mydb`.`SUMMONERS_has_RUNES` (`SUMMONERS_Summoners_Nickname`, `RUNES_Rune`) VALUES ('Nardeus', 'Lesser Seal of Critical Damage');
INSERT INTO `mydb`.`SUMMONERS_has_RUNES` (`SUMMONERS_Summoners_Nickname`, `RUNES_Rune`) VALUES ('Naru', 'Lesser Seal of Critical Chance');
INSERT INTO `mydb`.`SUMMONERS_has_RUNES` (`SUMMONERS_Summoners_Nickname`, `RUNES_Rune`) VALUES ('NerzhuL', 'Lesser Seal of Cooldown Reduction');
INSERT INTO `mydb`.`SUMMONERS_has_RUNES` (`SUMMONERS_Summoners_Nickname`, `RUNES_Rune`) VALUES ('niQ', 'Lesser Seal of Percent Health');
INSERT INTO `mydb`.`SUMMONERS_has_RUNES` (`SUMMONERS_Summoners_Nickname`, `RUNES_Rune`) VALUES ('PawN', 'Lesser Glyph of Scaling Attack Damage');
INSERT INTO `mydb`.`SUMMONERS_has_RUNES` (`SUMMONERS_Summoners_Nickname`, `RUNES_Rune`) VALUES ('Piglet', 'Lesser Glyph of Scaling Health');
INSERT INTO `mydb`.`SUMMONERS_has_RUNES` (`SUMMONERS_Summoners_Nickname`, `RUNES_Rune`) VALUES ('Porky', 'Lesser Glyph of Scaling Magic Resist');
INSERT INTO `mydb`.`SUMMONERS_has_RUNES` (`SUMMONERS_Summoners_Nickname`, `RUNES_Rune`) VALUES ('Quas', 'Lesser Glyph of Scaling Ability Power');
INSERT INTO `mydb`.`SUMMONERS_has_RUNES` (`SUMMONERS_Summoners_Nickname`, `RUNES_Rune`) VALUES ('Raydere', 'Lesser Glyph of Scaling Mana');
INSERT INTO `mydb`.`SUMMONERS_has_RUNES` (`SUMMONERS_Summoners_Nickname`, `RUNES_Rune`) VALUES ('Rekkles', 'Lesser Glyph of Scaling Mana Regeneration');
INSERT INTO `mydb`.`SUMMONERS_has_RUNES` (`SUMMONERS_Summoners_Nickname`, `RUNES_Rune`) VALUES ('Santorin', 'Lesser Glyph of the Gracious Gift');
INSERT INTO `mydb`.`SUMMONERS_has_RUNES` (`SUMMONERS_Summoners_Nickname`, `RUNES_Rune`) VALUES ('SirT', 'Lesser Glyph of Attack Damage');
INSERT INTO `mydb`.`SUMMONERS_has_RUNES` (`SUMMONERS_Summoners_Nickname`, `RUNES_Rune`) VALUES ('Shaman', 'Lesser Glyph of Critical Damage');
INSERT INTO `mydb`.`SUMMONERS_has_RUNES` (`SUMMONERS_Summoners_Nickname`, `RUNES_Rune`) VALUES ('Snoopeh', 'Lesser Glyph of Critical Chance');
INSERT INTO `mydb`.`SUMMONERS_has_RUNES` (`SUMMONERS_Summoners_Nickname`, `RUNES_Rune`) VALUES ('sOAZ', 'Lesser Glyph of Health');
INSERT INTO `mydb`.`SUMMONERS_has_RUNES` (`SUMMONERS_Summoners_Nickname`, `RUNES_Rune`) VALUES ('SuperAZE', 'Lesser Glyph of Armor');
INSERT INTO `mydb`.`SUMMONERS_has_RUNES` (`SUMMONERS_Summoners_Nickname`, `RUNES_Rune`) VALUES ('Svenskeren', 'Lesser Glyph of Magic Resist');
INSERT INTO `mydb`.`SUMMONERS_has_RUNES` (`SUMMONERS_Summoners_Nickname`, `RUNES_Rune`) VALUES ('t4nk', 'Lesser Glyph of Health Regeneration');
INSERT INTO `mydb`.`SUMMONERS_has_RUNES` (`SUMMONERS_Summoners_Nickname`, `RUNES_Rune`) VALUES ('Thaldrin', 'Lesser Glyph of Ability Power');
INSERT INTO `mydb`.`SUMMONERS_has_RUNES` (`SUMMONERS_Summoners_Nickname`, `RUNES_Rune`) VALUES ('The Chain Warden', 'Lesser Glyph of Mana');
INSERT INTO `mydb`.`SUMMONERS_has_RUNES` (`SUMMONERS_Summoners_Nickname`, `RUNES_Rune`) VALUES ('Theokoles', 'Lesser Glyph of Mana Regeneration');
INSERT INTO `mydb`.`SUMMONERS_has_RUNES` (`SUMMONERS_Summoners_Nickname`, `RUNES_Rune`) VALUES ('Tiridus', 'Lesser Glyph of Magic Penetration');
INSERT INTO `mydb`.`SUMMONERS_has_RUNES` (`SUMMONERS_Summoners_Nickname`, `RUNES_Rune`) VALUES ('Toyz', 'Lesser Glyph of the Challenger');
INSERT INTO `mydb`.`SUMMONERS_has_RUNES` (`SUMMONERS_Summoners_Nickname`, `RUNES_Rune`) VALUES ('un1tback', 'Lesser Glyph of Attack Speed');
INSERT INTO `mydb`.`SUMMONERS_has_RUNES` (`SUMMONERS_Summoners_Nickname`, `RUNES_Rune`) VALUES ('Uzi', 'Lesser Quintessence of Scaling Attack Damage');
INSERT INTO `mydb`.`SUMMONERS_has_RUNES` (`SUMMONERS_Summoners_Nickname`, `RUNES_Rune`) VALUES ('WildTurtle', 'Lesser Quintessence of Scaling Health');
INSERT INTO `mydb`.`SUMMONERS_has_RUNES` (`SUMMONERS_Summoners_Nickname`, `RUNES_Rune`) VALUES ('Xyraz', 'Lesser Quintessence of Scaling Armor');
INSERT INTO `mydb`.`SUMMONERS_has_RUNES` (`SUMMONERS_Summoners_Nickname`, `RUNES_Rune`) VALUES ('xPeke', 'Lesser Quintessence of Scaling Magic Resist');
INSERT INTO `mydb`.`SUMMONERS_has_RUNES` (`SUMMONERS_Summoners_Nickname`, `RUNES_Rune`) VALUES ('YellOwStaR', 'Lesser Quintessence of Scaling Health Regeneration');
INSERT INTO `mydb`.`SUMMONERS_has_RUNES` (`SUMMONERS_Summoners_Nickname`, `RUNES_Rune`) VALUES ('Zergsting', 'Lesser Quintessence of Scaling Ability Power');
INSERT INTO `mydb`.`SUMMONERS_has_RUNES` (`SUMMONERS_Summoners_Nickname`, `RUNES_Rune`) VALUES ('Amazing', 'Lesser Quintessence of Scaling Mana');
INSERT INTO `mydb`.`SUMMONERS_has_RUNES` (`SUMMONERS_Summoners_Nickname`, `RUNES_Rune`) VALUES ('Archie', 'Lesser Quintessence of Scaling Mana Regeneration');
INSERT INTO `mydb`.`SUMMONERS_has_RUNES` (`SUMMONERS_Summoners_Nickname`, `RUNES_Rune`) VALUES ('Archive', 'Lesser Quintessence of Attack Damage');
INSERT INTO `mydb`.`SUMMONERS_has_RUNES` (`SUMMONERS_Summoners_Nickname`, `RUNES_Rune`) VALUES ('BalIs', 'Lesser Quintessence of Critical Damage');
INSERT INTO `mydb`.`SUMMONERS_has_RUNES` (`SUMMONERS_Summoners_Nickname`, `RUNES_Rune`) VALUES ('Bebe', 'Lesser Quintessence of Critical Chance');
INSERT INTO `mydb`.`SUMMONERS_has_RUNES` (`SUMMONERS_Summoners_Nickname`, `RUNES_Rune`) VALUES ('Bjergsen', 'Lesser Quintessence of Armor Penetration');
INSERT INTO `mydb`.`SUMMONERS_has_RUNES` (`SUMMONERS_Summoners_Nickname`, `RUNES_Rune`) VALUES ('Claire', 'Lesser Quintessence of Health');
INSERT INTO `mydb`.`SUMMONERS_has_RUNES` (`SUMMONERS_Summoners_Nickname`, `RUNES_Rune`) VALUES ('Crystal M', 'Lesser Quintessence of Armor');
INSERT INTO `mydb`.`SUMMONERS_has_RUNES` (`SUMMONERS_Summoners_Nickname`, `RUNES_Rune`) VALUES ('dade', 'Lesser Quintessence of Magic Resist');
INSERT INTO `mydb`.`SUMMONERS_has_RUNES` (`SUMMONERS_Summoners_Nickname`, `RUNES_Rune`) VALUES ('Dandy', 'Lesser Quintessence of Health Regeneration');
INSERT INTO `mydb`.`SUMMONERS_has_RUNES` (`SUMMONERS_Summoners_Nickname`, `RUNES_Rune`) VALUES ('Dioud', 'Lesser Quintessence of Ability Power');
INSERT INTO `mydb`.`SUMMONERS_has_RUNES` (`SUMMONERS_Summoners_Nickname`, `RUNES_Rune`) VALUES ('Dumbledoge', 'Lesser Quintessence of Mana');
INSERT INTO `mydb`.`SUMMONERS_has_RUNES` (`SUMMONERS_Summoners_Nickname`, `RUNES_Rune`) VALUES ('Dyrus', 'Lesser Quintessence of Mana Regeneration');
INSERT INTO `mydb`.`SUMMONERS_has_RUNES` (`SUMMONERS_Summoners_Nickname`, `RUNES_Rune`) VALUES ('Elwind', 'Lesser Quintessence of Magic Penetration');
INSERT INTO `mydb`.`SUMMONERS_has_RUNES` (`SUMMONERS_Summoners_Nickname`, `RUNES_Rune`) VALUES ('Energy', 'Lesser Quintessence of Hybrid Penetration');
INSERT INTO `mydb`.`SUMMONERS_has_RUNES` (`SUMMONERS_Summoners_Nickname`, `RUNES_Rune`) VALUES ('Fabulous', 'Lesser Quintessence of Attack Speed');
INSERT INTO `mydb`.`SUMMONERS_has_RUNES` (`SUMMONERS_Summoners_Nickname`, `RUNES_Rune`) VALUES ('Faker', 'Lesser Quintessence of Movement Speed');
INSERT INTO `mydb`.`SUMMONERS_has_RUNES` (`SUMMONERS_Summoners_Nickname`, `RUNES_Rune`) VALUES ('FlashInTheNight', 'Lesser Quintessence of Percent Health');
INSERT INTO `mydb`.`SUMMONERS_has_RUNES` (`SUMMONERS_Summoners_Nickname`, `RUNES_Rune`) VALUES ('Froggen', 'Mark of Scaling Attack Damage');
INSERT INTO `mydb`.`SUMMONERS_has_RUNES` (`SUMMONERS_Summoners_Nickname`, `RUNES_Rune`) VALUES ('Gramas', 'Mark of Scaling Health');
INSERT INTO `mydb`.`SUMMONERS_has_RUNES` (`SUMMONERS_Summoners_Nickname`, `RUNES_Rune`) VALUES ('Holyanimor', 'Mark of Scaling Magic Resist');
INSERT INTO `mydb`.`SUMMONERS_has_RUNES` (`SUMMONERS_Summoners_Nickname`, `RUNES_Rune`) VALUES ('imp', 'Mark of Scaling Ability Power');
INSERT INTO `mydb`.`SUMMONERS_has_RUNES` (`SUMMONERS_Summoners_Nickname`, `RUNES_Rune`) VALUES ('Impact', 'Mark of Scaling Mana');
INSERT INTO `mydb`.`SUMMONERS_has_RUNES` (`SUMMONERS_Summoners_Nickname`, `RUNES_Rune`) VALUES ('Incarnati0n', 'Mark of Attack Damage');
INSERT INTO `mydb`.`SUMMONERS_has_RUNES` (`SUMMONERS_Summoners_Nickname`, `RUNES_Rune`) VALUES ('inSec', 'Mark of Critical Damage');
INSERT INTO `mydb`.`SUMMONERS_has_RUNES` (`SUMMONERS_Summoners_Nickname`, `RUNES_Rune`) VALUES ('Krepo', 'Mark of Critical Chance');
INSERT INTO `mydb`.`SUMMONERS_has_RUNES` (`SUMMONERS_Summoners_Nickname`, `RUNES_Rune`) VALUES ('Klaus', 'Mark of Armor Penetration');
INSERT INTO `mydb`.`SUMMONERS_has_RUNES` (`SUMMONERS_Summoners_Nickname`, `RUNES_Rune`) VALUES ('LongB', 'Mark of Health');
INSERT INTO `mydb`.`SUMMONERS_has_RUNES` (`SUMMONERS_Summoners_Nickname`, `RUNES_Rune`) VALUES ('MadLife', 'Mark of Armor');
INSERT INTO `mydb`.`SUMMONERS_has_RUNES` (`SUMMONERS_Summoners_Nickname`, `RUNES_Rune`) VALUES ('Mata', 'Mark of Magic Resist');
INSERT INTO `mydb`.`SUMMONERS_has_RUNES` (`SUMMONERS_Summoners_Nickname`, `RUNES_Rune`) VALUES ('MaRin', 'Mark of Ability Power');
INSERT INTO `mydb`.`SUMMONERS_has_RUNES` (`SUMMONERS_Summoners_Nickname`, `RUNES_Rune`) VALUES ('Matty', 'Mark of Mana');
INSERT INTO `mydb`.`SUMMONERS_has_RUNES` (`SUMMONERS_Summoners_Nickname`, `RUNES_Rune`) VALUES ('Mayney', 'Mark of Mana Regeneration');
INSERT INTO `mydb`.`SUMMONERS_has_RUNES` (`SUMMONERS_Summoners_Nickname`, `RUNES_Rune`) VALUES ('Metalurijist', 'Mark of Magic Penetration');
INSERT INTO `mydb`.`SUMMONERS_has_RUNES` (`SUMMONERS_Summoners_Nickname`, `RUNES_Rune`) VALUES ('Meteos', 'Mark of Hybrid Penetration');
INSERT INTO `mydb`.`SUMMONERS_has_RUNES` (`SUMMONERS_Summoners_Nickname`, `RUNES_Rune`) VALUES ('MikeyR', 'Mark of the Crippling Candy Cane');
INSERT INTO `mydb`.`SUMMONERS_has_RUNES` (`SUMMONERS_Summoners_Nickname`, `RUNES_Rune`) VALUES ('Monarch1967', 'Mark of the Combatant');
INSERT INTO `mydb`.`SUMMONERS_has_RUNES` (`SUMMONERS_Summoners_Nickname`, `RUNES_Rune`) VALUES ('Morning', 'Mark of Attack Speed');
INSERT INTO `mydb`.`SUMMONERS_has_RUNES` (`SUMMONERS_Summoners_Nickname`, `RUNES_Rune`) VALUES ('Mylon', 'Seal of Scaling Attack Damage');
INSERT INTO `mydb`.`SUMMONERS_has_RUNES` (`SUMMONERS_Summoners_Nickname`, `RUNES_Rune`) VALUES ('NaMei', 'Seal of Scaling Health');
INSERT INTO `mydb`.`SUMMONERS_has_RUNES` (`SUMMONERS_Summoners_Nickname`, `RUNES_Rune`) VALUES ('Nardeus', 'Seal of Scaling Armor');
INSERT INTO `mydb`.`SUMMONERS_has_RUNES` (`SUMMONERS_Summoners_Nickname`, `RUNES_Rune`) VALUES ('Naru', 'Seal of Scaling Magic Resist');
INSERT INTO `mydb`.`SUMMONERS_has_RUNES` (`SUMMONERS_Summoners_Nickname`, `RUNES_Rune`) VALUES ('NerzhuL', 'Seal of Scaling Health Regeneration');
INSERT INTO `mydb`.`SUMMONERS_has_RUNES` (`SUMMONERS_Summoners_Nickname`, `RUNES_Rune`) VALUES ('niQ', 'Seal of Scaling Ability Power');
INSERT INTO `mydb`.`SUMMONERS_has_RUNES` (`SUMMONERS_Summoners_Nickname`, `RUNES_Rune`) VALUES ('PawN', 'Seal of Scaling Mana');
INSERT INTO `mydb`.`SUMMONERS_has_RUNES` (`SUMMONERS_Summoners_Nickname`, `RUNES_Rune`) VALUES ('Piglet', 'Seal of Scaling Mana Regeneration');
INSERT INTO `mydb`.`SUMMONERS_has_RUNES` (`SUMMONERS_Summoners_Nickname`, `RUNES_Rune`) VALUES ('Porky', 'Seal of Attack Damage');
INSERT INTO `mydb`.`SUMMONERS_has_RUNES` (`SUMMONERS_Summoners_Nickname`, `RUNES_Rune`) VALUES ('Quas', 'Seal of Critical Damage');
INSERT INTO `mydb`.`SUMMONERS_has_RUNES` (`SUMMONERS_Summoners_Nickname`, `RUNES_Rune`) VALUES ('Raydere', 'Seal of Critical Chance');
INSERT INTO `mydb`.`SUMMONERS_has_RUNES` (`SUMMONERS_Summoners_Nickname`, `RUNES_Rune`) VALUES ('Rekkles', 'Seal of Health');
INSERT INTO `mydb`.`SUMMONERS_has_RUNES` (`SUMMONERS_Summoners_Nickname`, `RUNES_Rune`) VALUES ('Santorin', 'Seal of Armor');
INSERT INTO `mydb`.`SUMMONERS_has_RUNES` (`SUMMONERS_Summoners_Nickname`, `RUNES_Rune`) VALUES ('SirT', 'Seal of Magic Resist');
INSERT INTO `mydb`.`SUMMONERS_has_RUNES` (`SUMMONERS_Summoners_Nickname`, `RUNES_Rune`) VALUES ('Shaman', 'Seal of Health Regeneration');
INSERT INTO `mydb`.`SUMMONERS_has_RUNES` (`SUMMONERS_Summoners_Nickname`, `RUNES_Rune`) VALUES ('Snoopeh', 'Seal of Ability Power');
INSERT INTO `mydb`.`SUMMONERS_has_RUNES` (`SUMMONERS_Summoners_Nickname`, `RUNES_Rune`) VALUES ('sOAZ', 'Seal of Mana');
INSERT INTO `mydb`.`SUMMONERS_has_RUNES` (`SUMMONERS_Summoners_Nickname`, `RUNES_Rune`) VALUES ('SuperAZE', 'Seal of Mana Regeneration');
INSERT INTO `mydb`.`SUMMONERS_has_RUNES` (`SUMMONERS_Summoners_Nickname`, `RUNES_Rune`) VALUES ('Svenskeren', 'Seal of Attack Speed');
INSERT INTO `mydb`.`SUMMONERS_has_RUNES` (`SUMMONERS_Summoners_Nickname`, `RUNES_Rune`) VALUES ('t4nk', 'Seal of Percent Health');
INSERT INTO `mydb`.`SUMMONERS_has_RUNES` (`SUMMONERS_Summoners_Nickname`, `RUNES_Rune`) VALUES ('Thaldrin', 'Glyph of Scaling Attack Damage');
INSERT INTO `mydb`.`SUMMONERS_has_RUNES` (`SUMMONERS_Summoners_Nickname`, `RUNES_Rune`) VALUES ('The Chain Warden', 'Glyph of Scaling Health');
INSERT INTO `mydb`.`SUMMONERS_has_RUNES` (`SUMMONERS_Summoners_Nickname`, `RUNES_Rune`) VALUES ('Theokoles', 'Glyph of Scaling Magic Resist');
INSERT INTO `mydb`.`SUMMONERS_has_RUNES` (`SUMMONERS_Summoners_Nickname`, `RUNES_Rune`) VALUES ('Tiridus', 'Glyph of Scaling Ability Power');
INSERT INTO `mydb`.`SUMMONERS_has_RUNES` (`SUMMONERS_Summoners_Nickname`, `RUNES_Rune`) VALUES ('Toyz', 'Glyph of Scaling Mana');
INSERT INTO `mydb`.`SUMMONERS_has_RUNES` (`SUMMONERS_Summoners_Nickname`, `RUNES_Rune`) VALUES ('un1tback', 'Glyph of Scaling Mana Regeneration');
INSERT INTO `mydb`.`SUMMONERS_has_RUNES` (`SUMMONERS_Summoners_Nickname`, `RUNES_Rune`) VALUES ('Uzi', 'Glyph of Attack Damage');
INSERT INTO `mydb`.`SUMMONERS_has_RUNES` (`SUMMONERS_Summoners_Nickname`, `RUNES_Rune`) VALUES ('WildTurtle', 'Glyph of Critical Damage');
INSERT INTO `mydb`.`SUMMONERS_has_RUNES` (`SUMMONERS_Summoners_Nickname`, `RUNES_Rune`) VALUES ('Xyraz', 'Glyph of Critical Chance');
INSERT INTO `mydb`.`SUMMONERS_has_RUNES` (`SUMMONERS_Summoners_Nickname`, `RUNES_Rune`) VALUES ('xPeke', 'Glyph of Health');
INSERT INTO `mydb`.`SUMMONERS_has_RUNES` (`SUMMONERS_Summoners_Nickname`, `RUNES_Rune`) VALUES ('YellOwStaR', 'Glyph of Armor');
INSERT INTO `mydb`.`SUMMONERS_has_RUNES` (`SUMMONERS_Summoners_Nickname`, `RUNES_Rune`) VALUES ('Zergsting', 'Glyph of Magic Resist');
INSERT INTO `mydb`.`SUMMONERS_has_RUNES` (`SUMMONERS_Summoners_Nickname`, `RUNES_Rune`) VALUES ('Amazing', 'Glyph of Health Regeneration');
INSERT INTO `mydb`.`SUMMONERS_has_RUNES` (`SUMMONERS_Summoners_Nickname`, `RUNES_Rune`) VALUES ('Archie', 'Glyph of Ability Power');
INSERT INTO `mydb`.`SUMMONERS_has_RUNES` (`SUMMONERS_Summoners_Nickname`, `RUNES_Rune`) VALUES ('Archive', 'Glyph of Mana');
INSERT INTO `mydb`.`SUMMONERS_has_RUNES` (`SUMMONERS_Summoners_Nickname`, `RUNES_Rune`) VALUES ('BalIs', 'Glyph of Mana Regeneration');
INSERT INTO `mydb`.`SUMMONERS_has_RUNES` (`SUMMONERS_Summoners_Nickname`, `RUNES_Rune`) VALUES ('Bebe', 'Glyph of Magic Penetration');
INSERT INTO `mydb`.`SUMMONERS_has_RUNES` (`SUMMONERS_Summoners_Nickname`, `RUNES_Rune`) VALUES ('Bjergsen', 'Glyph of Attack Speed');
INSERT INTO `mydb`.`SUMMONERS_has_RUNES` (`SUMMONERS_Summoners_Nickname`, `RUNES_Rune`) VALUES ('Claire', 'Quintessence of Scaling Attack Damage');
INSERT INTO `mydb`.`SUMMONERS_has_RUNES` (`SUMMONERS_Summoners_Nickname`, `RUNES_Rune`) VALUES ('Crystal M', 'Quintessence of Scaling Health');
INSERT INTO `mydb`.`SUMMONERS_has_RUNES` (`SUMMONERS_Summoners_Nickname`, `RUNES_Rune`) VALUES ('dade', 'Quintessence of Scaling Armor');
INSERT INTO `mydb`.`SUMMONERS_has_RUNES` (`SUMMONERS_Summoners_Nickname`, `RUNES_Rune`) VALUES ('Dandy', 'Quintessence of Scaling Magic Resist');
INSERT INTO `mydb`.`SUMMONERS_has_RUNES` (`SUMMONERS_Summoners_Nickname`, `RUNES_Rune`) VALUES ('Dioud', 'Quintessence of Scaling Health Regeneration');
INSERT INTO `mydb`.`SUMMONERS_has_RUNES` (`SUMMONERS_Summoners_Nickname`, `RUNES_Rune`) VALUES ('Dumbledoge', 'Quintessence of Scaling Ability Power');
INSERT INTO `mydb`.`SUMMONERS_has_RUNES` (`SUMMONERS_Summoners_Nickname`, `RUNES_Rune`) VALUES ('Dyrus', 'Quintessence of Scaling Mana');
INSERT INTO `mydb`.`SUMMONERS_has_RUNES` (`SUMMONERS_Summoners_Nickname`, `RUNES_Rune`) VALUES ('Elwind', 'Quintessence of Scaling Mana Regeneration');
INSERT INTO `mydb`.`SUMMONERS_has_RUNES` (`SUMMONERS_Summoners_Nickname`, `RUNES_Rune`) VALUES ('Energy', 'Quintessence of Attack Damage');
INSERT INTO `mydb`.`SUMMONERS_has_RUNES` (`SUMMONERS_Summoners_Nickname`, `RUNES_Rune`) VALUES ('Fabulous', 'Quintessence of Critical Damage');
INSERT INTO `mydb`.`SUMMONERS_has_RUNES` (`SUMMONERS_Summoners_Nickname`, `RUNES_Rune`) VALUES ('Faker', 'Quintessence of Critical Chance');
INSERT INTO `mydb`.`SUMMONERS_has_RUNES` (`SUMMONERS_Summoners_Nickname`, `RUNES_Rune`) VALUES ('FlashInTheNight', 'Quintessence of Armor Penetration');
INSERT INTO `mydb`.`SUMMONERS_has_RUNES` (`SUMMONERS_Summoners_Nickname`, `RUNES_Rune`) VALUES ('Froggen', 'Quintessence of Health');
INSERT INTO `mydb`.`SUMMONERS_has_RUNES` (`SUMMONERS_Summoners_Nickname`, `RUNES_Rune`) VALUES ('Gramas', 'Quintessence of Armor');
INSERT INTO `mydb`.`SUMMONERS_has_RUNES` (`SUMMONERS_Summoners_Nickname`, `RUNES_Rune`) VALUES ('Holyanimor', 'Quintessence of Magic Resist');
INSERT INTO `mydb`.`SUMMONERS_has_RUNES` (`SUMMONERS_Summoners_Nickname`, `RUNES_Rune`) VALUES ('imp', 'Quintessence of Health Regeneration');
INSERT INTO `mydb`.`SUMMONERS_has_RUNES` (`SUMMONERS_Summoners_Nickname`, `RUNES_Rune`) VALUES ('Impact', 'Quintessence of Ability Power');
INSERT INTO `mydb`.`SUMMONERS_has_RUNES` (`SUMMONERS_Summoners_Nickname`, `RUNES_Rune`) VALUES ('Incarnati0n', 'Quintessence of Mana');
INSERT INTO `mydb`.`SUMMONERS_has_RUNES` (`SUMMONERS_Summoners_Nickname`, `RUNES_Rune`) VALUES ('inSec', 'Quintessence of Mana Regeneration');
INSERT INTO `mydb`.`SUMMONERS_has_RUNES` (`SUMMONERS_Summoners_Nickname`, `RUNES_Rune`) VALUES ('Krepo', 'Quintessence of Magic Penetration');
INSERT INTO `mydb`.`SUMMONERS_has_RUNES` (`SUMMONERS_Summoners_Nickname`, `RUNES_Rune`) VALUES ('Klaus', 'Quintessence of Hybrid Penetration');
INSERT INTO `mydb`.`SUMMONERS_has_RUNES` (`SUMMONERS_Summoners_Nickname`, `RUNES_Rune`) VALUES ('LongB', 'Quintessence of the Headless Horseman');
INSERT INTO `mydb`.`SUMMONERS_has_RUNES` (`SUMMONERS_Summoners_Nickname`, `RUNES_Rune`) VALUES ('MadLife', 'Quintessence of the Piercing Screech');
INSERT INTO `mydb`.`SUMMONERS_has_RUNES` (`SUMMONERS_Summoners_Nickname`, `RUNES_Rune`) VALUES ('Mata', 'Quintessence of Bountiful Treats');
INSERT INTO `mydb`.`SUMMONERS_has_RUNES` (`SUMMONERS_Summoners_Nickname`, `RUNES_Rune`) VALUES ('MaRin', 'Quintessence of the Witches Brew');
INSERT INTO `mydb`.`SUMMONERS_has_RUNES` (`SUMMONERS_Summoners_Nickname`, `RUNES_Rune`) VALUES ('Matty', 'Quintessence of Attack Speed');
INSERT INTO `mydb`.`SUMMONERS_has_RUNES` (`SUMMONERS_Summoners_Nickname`, `RUNES_Rune`) VALUES ('Mayney', 'Quintessence of Movement Speed');
INSERT INTO `mydb`.`SUMMONERS_has_RUNES` (`SUMMONERS_Summoners_Nickname`, `RUNES_Rune`) VALUES ('Metalurijist', 'Quintessence of Percent Health');
INSERT INTO `mydb`.`SUMMONERS_has_RUNES` (`SUMMONERS_Summoners_Nickname`, `RUNES_Rune`) VALUES ('Meteos', 'Quintessence of the Speedy Specter');
INSERT INTO `mydb`.`SUMMONERS_has_RUNES` (`SUMMONERS_Summoners_Nickname`, `RUNES_Rune`) VALUES ('MikeyR', 'Greater Mark of Scaling Attack Damage');
INSERT INTO `mydb`.`SUMMONERS_has_RUNES` (`SUMMONERS_Summoners_Nickname`, `RUNES_Rune`) VALUES ('Monarch1967', 'Greater Mark of Scaling Health');
INSERT INTO `mydb`.`SUMMONERS_has_RUNES` (`SUMMONERS_Summoners_Nickname`, `RUNES_Rune`) VALUES ('Morning', 'Greater Mark of Scaling Magic Resist');
INSERT INTO `mydb`.`SUMMONERS_has_RUNES` (`SUMMONERS_Summoners_Nickname`, `RUNES_Rune`) VALUES ('Mylon', 'Greater Mark of Scaling Ability Power');
INSERT INTO `mydb`.`SUMMONERS_has_RUNES` (`SUMMONERS_Summoners_Nickname`, `RUNES_Rune`) VALUES ('NaMei', 'Greater Mark of Scaling Mana');
INSERT INTO `mydb`.`SUMMONERS_has_RUNES` (`SUMMONERS_Summoners_Nickname`, `RUNES_Rune`) VALUES ('Nardeus', 'Greater Mark of Attack Damage');
INSERT INTO `mydb`.`SUMMONERS_has_RUNES` (`SUMMONERS_Summoners_Nickname`, `RUNES_Rune`) VALUES ('Naru', 'Greater Mark of Critical Damage');
INSERT INTO `mydb`.`SUMMONERS_has_RUNES` (`SUMMONERS_Summoners_Nickname`, `RUNES_Rune`) VALUES ('NerzhuL', 'Greater Mark of Critical Chance');
INSERT INTO `mydb`.`SUMMONERS_has_RUNES` (`SUMMONERS_Summoners_Nickname`, `RUNES_Rune`) VALUES ('niQ', 'Greater Mark of Armor Penetration');
INSERT INTO `mydb`.`SUMMONERS_has_RUNES` (`SUMMONERS_Summoners_Nickname`, `RUNES_Rune`) VALUES ('PawN', 'Greater Mark of Health');
INSERT INTO `mydb`.`SUMMONERS_has_RUNES` (`SUMMONERS_Summoners_Nickname`, `RUNES_Rune`) VALUES ('Piglet', 'Greater Mark of Armor');
INSERT INTO `mydb`.`SUMMONERS_has_RUNES` (`SUMMONERS_Summoners_Nickname`, `RUNES_Rune`) VALUES ('Porky', 'Greater Mark of Magic Resist');
INSERT INTO `mydb`.`SUMMONERS_has_RUNES` (`SUMMONERS_Summoners_Nickname`, `RUNES_Rune`) VALUES ('Quas', 'Greater Mark of Ability Power');
INSERT INTO `mydb`.`SUMMONERS_has_RUNES` (`SUMMONERS_Summoners_Nickname`, `RUNES_Rune`) VALUES ('Raydere', 'Greater Mark of Mana');
INSERT INTO `mydb`.`SUMMONERS_has_RUNES` (`SUMMONERS_Summoners_Nickname`, `RUNES_Rune`) VALUES ('Rekkles', 'Greater Mark of Mana Regeneration');
INSERT INTO `mydb`.`SUMMONERS_has_RUNES` (`SUMMONERS_Summoners_Nickname`, `RUNES_Rune`) VALUES ('Santorin', 'Greater Mark of Magic Penetration');
INSERT INTO `mydb`.`SUMMONERS_has_RUNES` (`SUMMONERS_Summoners_Nickname`, `RUNES_Rune`) VALUES ('SirT', 'Greater Mark of Hybrid Penetration');
INSERT INTO `mydb`.`SUMMONERS_has_RUNES` (`SUMMONERS_Summoners_Nickname`, `RUNES_Rune`) VALUES ('Shaman', 'Greater Mark of Attack Speed');
INSERT INTO `mydb`.`SUMMONERS_has_RUNES` (`SUMMONERS_Summoners_Nickname`, `RUNES_Rune`) VALUES ('Snoopeh', 'Greater Seal of Scaling Attack Damage');
INSERT INTO `mydb`.`SUMMONERS_has_RUNES` (`SUMMONERS_Summoners_Nickname`, `RUNES_Rune`) VALUES ('sOAZ', 'Greater Seal of Scaling Health');
INSERT INTO `mydb`.`SUMMONERS_has_RUNES` (`SUMMONERS_Summoners_Nickname`, `RUNES_Rune`) VALUES ('SuperAZE', 'Greater Seal of Scaling Armor');
INSERT INTO `mydb`.`SUMMONERS_has_RUNES` (`SUMMONERS_Summoners_Nickname`, `RUNES_Rune`) VALUES ('Svenskeren', 'Greater Seal of Scaling Magic Resist');
INSERT INTO `mydb`.`SUMMONERS_has_RUNES` (`SUMMONERS_Summoners_Nickname`, `RUNES_Rune`) VALUES ('t4nk', 'Greater Seal of Scaling Health Regeneration');
INSERT INTO `mydb`.`SUMMONERS_has_RUNES` (`SUMMONERS_Summoners_Nickname`, `RUNES_Rune`) VALUES ('Thaldrin', 'Greater Seal of Scaling Ability Power');
INSERT INTO `mydb`.`SUMMONERS_has_RUNES` (`SUMMONERS_Summoners_Nickname`, `RUNES_Rune`) VALUES ('The Chain Warden', 'Greater Seal of Scaling Mana');
INSERT INTO `mydb`.`SUMMONERS_has_RUNES` (`SUMMONERS_Summoners_Nickname`, `RUNES_Rune`) VALUES ('Theokoles', 'Greater Seal of Scaling Mana Regeneration');
INSERT INTO `mydb`.`SUMMONERS_has_RUNES` (`SUMMONERS_Summoners_Nickname`, `RUNES_Rune`) VALUES ('Tiridus', 'Greater Seal of Attack Damage');
INSERT INTO `mydb`.`SUMMONERS_has_RUNES` (`SUMMONERS_Summoners_Nickname`, `RUNES_Rune`) VALUES ('Toyz', 'Greater Seal of Critical Damage');
INSERT INTO `mydb`.`SUMMONERS_has_RUNES` (`SUMMONERS_Summoners_Nickname`, `RUNES_Rune`) VALUES ('un1tback', 'Greater Seal of Critical Chance');
INSERT INTO `mydb`.`SUMMONERS_has_RUNES` (`SUMMONERS_Summoners_Nickname`, `RUNES_Rune`) VALUES ('Uzi', 'Greater Seal of Health');
INSERT INTO `mydb`.`SUMMONERS_has_RUNES` (`SUMMONERS_Summoners_Nickname`, `RUNES_Rune`) VALUES ('WildTurtle', 'Greater Seal of Armor');
INSERT INTO `mydb`.`SUMMONERS_has_RUNES` (`SUMMONERS_Summoners_Nickname`, `RUNES_Rune`) VALUES ('Xyraz', 'Greater Seal of Magic Resist');
INSERT INTO `mydb`.`SUMMONERS_has_RUNES` (`SUMMONERS_Summoners_Nickname`, `RUNES_Rune`) VALUES ('xPeke', 'Greater Seal of Health Regeneration');
INSERT INTO `mydb`.`SUMMONERS_has_RUNES` (`SUMMONERS_Summoners_Nickname`, `RUNES_Rune`) VALUES ('YellOwStaR', 'Greater Seal of Ability Power');
INSERT INTO `mydb`.`SUMMONERS_has_RUNES` (`SUMMONERS_Summoners_Nickname`, `RUNES_Rune`) VALUES ('Zergsting', 'Greater Seal of Mana');
INSERT INTO `mydb`.`SUMMONERS_has_RUNES` (`SUMMONERS_Summoners_Nickname`, `RUNES_Rune`) VALUES ('Amazing', 'Greater Seal of Mana Regeneration');
INSERT INTO `mydb`.`SUMMONERS_has_RUNES` (`SUMMONERS_Summoners_Nickname`, `RUNES_Rune`) VALUES ('Archie', 'Greater Seal of Attack Speed');
INSERT INTO `mydb`.`SUMMONERS_has_RUNES` (`SUMMONERS_Summoners_Nickname`, `RUNES_Rune`) VALUES ('Archive', 'Greater Seal of Percent Health');
INSERT INTO `mydb`.`SUMMONERS_has_RUNES` (`SUMMONERS_Summoners_Nickname`, `RUNES_Rune`) VALUES ('BalIs', 'Greater Glyph of Scaling Attack Damage');
INSERT INTO `mydb`.`SUMMONERS_has_RUNES` (`SUMMONERS_Summoners_Nickname`, `RUNES_Rune`) VALUES ('Bebe', 'Greater Glyph of Scaling Health');
INSERT INTO `mydb`.`SUMMONERS_has_RUNES` (`SUMMONERS_Summoners_Nickname`, `RUNES_Rune`) VALUES ('Bjergsen', 'Greater Glyph of Scaling Magic Resist');
INSERT INTO `mydb`.`SUMMONERS_has_RUNES` (`SUMMONERS_Summoners_Nickname`, `RUNES_Rune`) VALUES ('Claire', 'Greater Glyph of Scaling Ability Power');
INSERT INTO `mydb`.`SUMMONERS_has_RUNES` (`SUMMONERS_Summoners_Nickname`, `RUNES_Rune`) VALUES ('Crystal M', 'Greater Glyph of Scaling Mana');
INSERT INTO `mydb`.`SUMMONERS_has_RUNES` (`SUMMONERS_Summoners_Nickname`, `RUNES_Rune`) VALUES ('dade', 'Greater Glyph of Scaling Mana Regeneration');
INSERT INTO `mydb`.`SUMMONERS_has_RUNES` (`SUMMONERS_Summoners_Nickname`, `RUNES_Rune`) VALUES ('Dandy', 'Greater Glyph of Attack Damage');
INSERT INTO `mydb`.`SUMMONERS_has_RUNES` (`SUMMONERS_Summoners_Nickname`, `RUNES_Rune`) VALUES ('Dioud', 'Greater Glyph of Critical Damage');
INSERT INTO `mydb`.`SUMMONERS_has_RUNES` (`SUMMONERS_Summoners_Nickname`, `RUNES_Rune`) VALUES ('Dumbledoge', 'Greater Glyph of Critical Chance');
INSERT INTO `mydb`.`SUMMONERS_has_RUNES` (`SUMMONERS_Summoners_Nickname`, `RUNES_Rune`) VALUES ('Dyrus', 'Greater Glyph of Health');
INSERT INTO `mydb`.`SUMMONERS_has_RUNES` (`SUMMONERS_Summoners_Nickname`, `RUNES_Rune`) VALUES ('Elwind', 'Greater Glyph of Armor');
INSERT INTO `mydb`.`SUMMONERS_has_RUNES` (`SUMMONERS_Summoners_Nickname`, `RUNES_Rune`) VALUES ('Energy', 'Greater Glyph of Magic Resist');
INSERT INTO `mydb`.`SUMMONERS_has_RUNES` (`SUMMONERS_Summoners_Nickname`, `RUNES_Rune`) VALUES ('Fabulous', 'Greater Glyph of Health Regeneration');
INSERT INTO `mydb`.`SUMMONERS_has_RUNES` (`SUMMONERS_Summoners_Nickname`, `RUNES_Rune`) VALUES ('Faker', 'Greater Glyph of Ability Power');
INSERT INTO `mydb`.`SUMMONERS_has_RUNES` (`SUMMONERS_Summoners_Nickname`, `RUNES_Rune`) VALUES ('FlashInTheNight', 'Greater Glyph of Mana');
INSERT INTO `mydb`.`SUMMONERS_has_RUNES` (`SUMMONERS_Summoners_Nickname`, `RUNES_Rune`) VALUES ('Froggen', 'Greater Glyph of Mana Regeneration');
INSERT INTO `mydb`.`SUMMONERS_has_RUNES` (`SUMMONERS_Summoners_Nickname`, `RUNES_Rune`) VALUES ('Gramas', 'Greater Glyph of Magic Penetration');
INSERT INTO `mydb`.`SUMMONERS_has_RUNES` (`SUMMONERS_Summoners_Nickname`, `RUNES_Rune`) VALUES ('Holyanimor', 'Greater Glyph of Attack Speed');
INSERT INTO `mydb`.`SUMMONERS_has_RUNES` (`SUMMONERS_Summoners_Nickname`, `RUNES_Rune`) VALUES ('imp', 'Greater Quintessence of Scaling Attack Damage');
INSERT INTO `mydb`.`SUMMONERS_has_RUNES` (`SUMMONERS_Summoners_Nickname`, `RUNES_Rune`) VALUES ('Impact', 'Greater Quintessence of Scaling Health');
INSERT INTO `mydb`.`SUMMONERS_has_RUNES` (`SUMMONERS_Summoners_Nickname`, `RUNES_Rune`) VALUES ('Incarnati0n', 'Greater Quintessence of Scaling Armor');
INSERT INTO `mydb`.`SUMMONERS_has_RUNES` (`SUMMONERS_Summoners_Nickname`, `RUNES_Rune`) VALUES ('inSec', 'Greater Quintessence of Scaling Magic Resist');
INSERT INTO `mydb`.`SUMMONERS_has_RUNES` (`SUMMONERS_Summoners_Nickname`, `RUNES_Rune`) VALUES ('Krepo', 'Greater Quintessence of Scaling Health Regeneration');
INSERT INTO `mydb`.`SUMMONERS_has_RUNES` (`SUMMONERS_Summoners_Nickname`, `RUNES_Rune`) VALUES ('Klaus', 'Greater Quintessence of Scaling Ability Power');
INSERT INTO `mydb`.`SUMMONERS_has_RUNES` (`SUMMONERS_Summoners_Nickname`, `RUNES_Rune`) VALUES ('LongB', 'Greater Quintessence of Scaling Mana');
INSERT INTO `mydb`.`SUMMONERS_has_RUNES` (`SUMMONERS_Summoners_Nickname`, `RUNES_Rune`) VALUES ('MadLife', 'Greater Quintessence of Scaling Mana Regeneration');
INSERT INTO `mydb`.`SUMMONERS_has_RUNES` (`SUMMONERS_Summoners_Nickname`, `RUNES_Rune`) VALUES ('Mata', 'Greater Quintessence of Attack Damage');
INSERT INTO `mydb`.`SUMMONERS_has_RUNES` (`SUMMONERS_Summoners_Nickname`, `RUNES_Rune`) VALUES ('MaRin', 'Greater Quintessence of Critical Damage');
INSERT INTO `mydb`.`SUMMONERS_has_RUNES` (`SUMMONERS_Summoners_Nickname`, `RUNES_Rune`) VALUES ('Matty', 'Greater Quintessence of Critical Chance');
INSERT INTO `mydb`.`SUMMONERS_has_RUNES` (`SUMMONERS_Summoners_Nickname`, `RUNES_Rune`) VALUES ('Mayney', 'Greater Quintessence of Armor Penetration');
INSERT INTO `mydb`.`SUMMONERS_has_RUNES` (`SUMMONERS_Summoners_Nickname`, `RUNES_Rune`) VALUES ('Metalurijist', 'Greater Quintessence of Health');
INSERT INTO `mydb`.`SUMMONERS_has_RUNES` (`SUMMONERS_Summoners_Nickname`, `RUNES_Rune`) VALUES ('Meteos', 'Greater Quintessence of Armor');
INSERT INTO `mydb`.`SUMMONERS_has_RUNES` (`SUMMONERS_Summoners_Nickname`, `RUNES_Rune`) VALUES ('MikeyR', 'Greater Quintessence of Magic Resist');
INSERT INTO `mydb`.`SUMMONERS_has_RUNES` (`SUMMONERS_Summoners_Nickname`, `RUNES_Rune`) VALUES ('Monarch1967', 'Greater Quintessence of Health Regeneration');
INSERT INTO `mydb`.`SUMMONERS_has_RUNES` (`SUMMONERS_Summoners_Nickname`, `RUNES_Rune`) VALUES ('Morning', 'Greater Quintessence of Ability Power');
INSERT INTO `mydb`.`SUMMONERS_has_RUNES` (`SUMMONERS_Summoners_Nickname`, `RUNES_Rune`) VALUES ('Mylon', 'Greater Quintessence of Mana');
INSERT INTO `mydb`.`SUMMONERS_has_RUNES` (`SUMMONERS_Summoners_Nickname`, `RUNES_Rune`) VALUES ('NaMei', 'Greater Quintessence of Mana Regeneration');
INSERT INTO `mydb`.`SUMMONERS_has_RUNES` (`SUMMONERS_Summoners_Nickname`, `RUNES_Rune`) VALUES ('Nardeus', 'Greater Quintessence of Magic Penetration');
INSERT INTO `mydb`.`SUMMONERS_has_RUNES` (`SUMMONERS_Summoners_Nickname`, `RUNES_Rune`) VALUES ('Naru', 'Greater Quintessence of Hybrid Penetration');
INSERT INTO `mydb`.`SUMMONERS_has_RUNES` (`SUMMONERS_Summoners_Nickname`, `RUNES_Rune`) VALUES ('NerzhuL', 'Greater Quintessence of Attack Speed');
INSERT INTO `mydb`.`SUMMONERS_has_RUNES` (`SUMMONERS_Summoners_Nickname`, `RUNES_Rune`) VALUES ('niQ', 'Greater Quintessence of Movement Speed');
INSERT INTO `mydb`.`SUMMONERS_has_RUNES` (`SUMMONERS_Summoners_Nickname`, `RUNES_Rune`) VALUES ('PawN', 'Greater Quintessence of Revival');
INSERT INTO `mydb`.`SUMMONERS_has_RUNES` (`SUMMONERS_Summoners_Nickname`, `RUNES_Rune`) VALUES ('Piglet', 'Greater Quintessence of Experience');
INSERT INTO `mydb`.`SUMMONERS_has_RUNES` (`SUMMONERS_Summoners_Nickname`, `RUNES_Rune`) VALUES ('Porky', 'Greater Quintessence of Percent Health');

COMMIT;


-- -----------------------------------------------------
-- Data for table `mydb`.`ABILITIES_TYPE`
-- -----------------------------------------------------
START TRANSACTION;
USE `mydb`;
INSERT INTO `mydb`.`ABILITIES_TYPE` (`abilities_type_id`, `abilities_type_name`) VALUES (1, 'Passive');
INSERT INTO `mydb`.`ABILITIES_TYPE` (`abilities_type_id`, `abilities_type_name`) VALUES (2, 'First');
INSERT INTO `mydb`.`ABILITIES_TYPE` (`abilities_type_id`, `abilities_type_name`) VALUES (3, 'Second');
INSERT INTO `mydb`.`ABILITIES_TYPE` (`abilities_type_id`, `abilities_type_name`) VALUES (4, 'Third');
INSERT INTO `mydb`.`ABILITIES_TYPE` (`abilities_type_id`, `abilities_type_name`) VALUES (5, 'Ultimate');

COMMIT;


-- -----------------------------------------------------
-- Data for table `mydb`.`ABILITES`
-- -----------------------------------------------------
START TRANSACTION;
USE `mydb`;
INSERT INTO `mydb`.`ABILITES` (`ability_id`, `ABILITIY`, `Description`, `Cost`, `Cooldown`, `Ability_Range`, `ABILITIES_TYPE_abilities_type_id`, `CHAMPIONS_champion_id`) VALUES (1, 'Blood Well', 'When using an ability that costs Health, Aatrox stores the self-inflicted damage into the Blood Well. Upon taking fatal damage, Aatrox extracts the blood from the well and recovers it as Health over a brief duration. Additionally, Aatrox gains 1% Attack Speed for every 2% blood that is in the well.', 'N/A', '225', 'N/A', 1, 1);
INSERT INTO `mydb`.`ABILITES` (`ability_id`, `ABILITIY`, `Description`, `Cost`, `Cooldown`, `Ability_Range`, `ABILITIES_TYPE_abilities_type_id`, `CHAMPIONS_champion_id`) VALUES (2, 'Dark Flight', 'Aatrox takes flight and slams down at a targeted location, dealing damage and knocking up enemies at the center of impact.Aatrox takes flight and slams down at a targeted location, dealing 70/115/160/205/250 (+60% bonus Attack Damage) physical damage to all nearby enemies and knocking up targets at the center of impact for 1 second.', '10% of current Health ', '16 / 15 / 14 / 13 / 12', '600', 2, 1);
INSERT INTO `mydb`.`ABILITES` (`ability_id`, `ABILITIY`, `Description`, `Cost`, `Cooldown`, `Ability_Range`, `ABILITIES_TYPE_abilities_type_id`, `CHAMPIONS_champion_id`) VALUES (3, 'Blood Thirst /  Blood Price', 'While toggled on Aatrox deals bonus damage every third subsequent attack at the expense of his own Health. While toggled off Aatrox restores Health every third subsequent attack.While toggled off Aatrox benefits from Blood Thirst, while toggled on Blood Price is activated and removes Blood Thirst.Blood Thirst: Every third attack, Aatrox restores 20/25/30/35/40 (+25% bonus Attack Damage) Health, increased by 200% when below half Health.Blood Price: Every third attack, Aatrox deals 60/95/130/165/200 (+100% bonus Attack Damage) bonus physical damage and loses Health.', 'No cost', '0.5', '600', 3, 1);
INSERT INTO `mydb`.`ABILITES` (`ability_id`, `ABILITIY`, `Description`, `Cost`, `Cooldown`, `Ability_Range`, `ABILITIES_TYPE_abilities_type_id`, `CHAMPIONS_champion_id`) VALUES (4, 'Blades of Torment', 'Aatrox unleashes the power of his blade, dealing damage to all enemies hit and slowing them.Aatrox unleashes the power of his blade, dealing 75/110/145/180/215 (+60% Ability Power) (+60% bonus Attack Damage) Magic Damage to all enemies hit and slowing them by 40% for 1.75/2/2.25/2.5/2.75 seconds.', '5% of current Health ', '12 / 11 / 10 / 9 / 8', '1000', 4, 1);
INSERT INTO `mydb`.`ABILITES` (`ability_id`, `ABILITIY`, `Description`, `Cost`, `Cooldown`, `Ability_Range`, `ABILITIES_TYPE_abilities_type_id`, `CHAMPIONS_champion_id`) VALUES (5, 'Massacre', 'Aatrox draws in the blood of his foes, damaging all nearby enemy champions around him and gaining increased Attack Speed and bonus Attack Range for a short duration.Aatrox draws in the blood of his foes, dealing 200/300/400 (+100% Ability Power) magic damage to all enemy champions around him. Massacre then fills Aatrox\'s Blood Well by {{ e7 }}% for each champion hit and grants him 40/50/60% attack speed and 175 attack range for 12 second', 'No cost', '100 / 85 / 70', '550', 5, 1);
INSERT INTO `mydb`.`ABILITES` (`ability_id`, `ABILITIY`, `Description`, `Cost`, `Cooldown`, `Ability_Range`, `ABILITIES_TYPE_abilities_type_id`, `CHAMPIONS_champion_id`) VALUES (6, 'Essence Theft', 'Gains a charge of Essence Theft whenever a spell hits an enemy (max: 3 charges per spell). Upon reaching 9 charges, Ahri\'s next spell heals her whenever it hits an enemy.', 'N/A', 'N/A', 'N/A', 1, 2);
INSERT INTO `mydb`.`ABILITES` (`ability_id`, `ABILITIY`, `Description`, `Cost`, `Cooldown`, `Ability_Range`, `ABILITIES_TYPE_abilities_type_id`, `CHAMPIONS_champion_id`) VALUES (7, 'Orb Of Deception', 'Ahri sends out and pulls back her orb, dealing magic damage on the way out and true damage on the way back. Ahri gains movement speed that decays while her orb is traveling.Deals 40/65/90/115/140 (+35% Ability Power) magic damage on the way out, and 40/65/90/115/140 (+35% Ability Power) true damage on the way back.Ahri gains movement speed that decays while her orb is traveling.', '55/60/65/70/75 mana', '7', '880', 2, 2);
INSERT INTO `mydb`.`ABILITES` (`ability_id`, `ABILITIY`, `Description`, `Cost`, `Cooldown`, `Ability_Range`, `ABILITIES_TYPE_abilities_type_id`, `CHAMPIONS_champion_id`) VALUES (8, 'Fox-Fire', 'Ahri releases three fox-fires, that lock onto and attack nearby enemies.Releases three fox-fires that lock on to nearby enemies (prioritizes Champions) dealing 40/65/90/115/140 (+40% Ability Power) magic damage.Enemies hit with multiple fox-fires take 30% damage from each additional fox-fire beyond the first, for a maximum of 0 damage to a single enemy.', '50 mana', '9 / 8 / 7 / 6 / 5', '800', 3, 2);
INSERT INTO `mydb`.`ABILITES` (`ability_id`, `ABILITIY`, `Description`, `Cost`, `Cooldown`, `Ability_Range`, `ABILITIES_TYPE_abilities_type_id`, `CHAMPIONS_champion_id`) VALUES (9, 'Charm', 'Ahri blows a kiss that damages and charms an enemy it encounters, causing them to walk harmlessly towards her.Blows a kiss dealing 60/90/120/150/200 (+50% Ability Power) magic damage and charms an enemy causing them to walk harmlessly towards Ahri for 1/1.25/1.5/1.75/2 second(s).', '85 mana', '12', '975', 4, 2);
INSERT INTO `mydb`.`ABILITES` (`ability_id`, `ABILITIY`, `Description`, `Cost`, `Cooldown`, `Ability_Range`, `ABILITIES_TYPE_abilities_type_id`, `CHAMPIONS_champion_id`) VALUES (10, 'Spirit Rush', 'Ahri dashes forward and fires essence bolts, damaging 3 nearby enemies (prioritizes Champions). Spirit Rush can be cast up to three times before going on cooldown.Nimbly dashes forward firing 3 essence bolts at nearby enemies (prioritizes Champions) dealing 70/110/150 (+30% Ability Power) magic damage. Can be cast up to three times within 10 seconds before going on cooldown.', '100 mana', '110 / 95 / 80', '450', 5, 2);
INSERT INTO `mydb`.`ABILITES` (`ability_id`, `ABILITIY`, `Description`, `Cost`, `Cooldown`, `Ability_Range`, `ABILITIES_TYPE_abilities_type_id`, `CHAMPIONS_champion_id`) VALUES (11, 'Twin Disciplines', 'Discipline of Force: Akali\'s basic attacks deal an additional 6% bonus Magic Damage, increasing by 1% for every 6 Ability Power. Discipline of Might: Akali gains 6% Spell Vamp, increasing by 1% for every 6 Bonus Attack Damage.', 'N/A', 'N/A', 'N/A', 1, 3);
INSERT INTO `mydb`.`ABILITES` (`ability_id`, `ABILITIY`, `Description`, `Cost`, `Cooldown`, `Ability_Range`, `ABILITIES_TYPE_abilities_type_id`, `CHAMPIONS_champion_id`) VALUES (12, 'Mark Of the Assassin', 'Akali spins her kama at a target enemy to deal Magic Damage and mark the target for 6 seconds.Akali\'s melee attacks against a marked target will trigger and consume the mark to cause additional damage and restore Energy.Akali throws her kama at a target enemy to deal 35/55/75/95/115 (+40% Ability Power) Magic Damage and mark the target for 6 seconds.Akali\'s melee attacks against a marked target will consume the mark to cause 45/70/95/120/145 (+50% Ability Power) Magic Damage and restore 20/25/30/35/40 Energy.', '60 energy', '6 / 5.5 / 5 / 4.5 / 4', '600', 2, 3);
INSERT INTO `mydb`.`ABILITES` (`ability_id`, `ABILITIY`, `Description`, `Cost`, `Cooldown`, `Ability_Range`, `ABILITIES_TYPE_abilities_type_id`, `CHAMPIONS_champion_id`) VALUES (13, 'Twilight Shroud', 'Akali throws down a cover of smoke. While inside the area, Akali becomes invisible and gains a short burst of Movement Speed.Attacking or using abilities will briefly reveal her. Enemies inside the smoke have their Movement Speed reduced. Akali throws down a cover of smoke that lasts for 8 seconds. While inside the area, Akali becomes invisible and gains a 20/40/60/80/100% burst of Movement Speed which decays over 1 second. Attacking or using abilities will briefly reveal her.Enemies inside the smoke are slowed by 14/18/22/26/30%.', '80/75/70/65/60 energy', '20', '700', 3, 3);
INSERT INTO `mydb`.`ABILITES` (`ability_id`, `ABILITIY`, `Description`, `Cost`, `Cooldown`, `Ability_Range`, `ABILITIES_TYPE_abilities_type_id`, `CHAMPIONS_champion_id`) VALUES (14, 'Crescent Slash', 'Akali flourishes her kamas, dealing damage based on her Attack Damage and Ability Power. Akali flourishes her kamas, slicing nearby enemy units for 30/55/80/105/130 (+60% Attack Damage) (+30% Ability Power) physical damage.', '60/55/50/45/40 energy', '7 / 6 / 5 / 4 / 3', '325', 4, 3);
INSERT INTO `mydb`.`ABILITES` (`ability_id`, `ABILITIY`, `Description`, `Cost`, `Cooldown`, `Ability_Range`, `ABILITIES_TYPE_abilities_type_id`, `CHAMPIONS_champion_id`) VALUES (15, 'Shadow Dance', 'Akali moves through shadows to quickly strike her target, dealing damage and consuming an Essence of Shadow charge.Akali recharges Essence of Shadow charges both periodically and upon kills and assists, max 3 stacks. Akali moves through shadows to quickly strike her target, dealing 100/175/250 (+50% Ability Power) Magic Damage.Akali stores an Essence of Shadow on kills and assists as well as every 30/22.5/15 seconds up to 3 total.', '1 Essence of Shadow ', '2 / 1.5 / 1', '700', 5, 3);
INSERT INTO `mydb`.`ABILITES` (`ability_id`, `ABILITIY`, `Description`, `Cost`, `Cooldown`, `Ability_Range`, `ABILITIES_TYPE_abilities_type_id`, `CHAMPIONS_champion_id`) VALUES (16, 'Trample', 'Each time Alistar casts a spell, he tramples nearby units and turrets for a few seconds, dealing damage to units he walks over.', 'N/A', 'N/A', '300', 1, 4);
INSERT INTO `mydb`.`ABILITES` (`ability_id`, `ABILITIY`, `Description`, `Cost`, `Cooldown`, `Ability_Range`, `ABILITIES_TYPE_abilities_type_id`, `CHAMPIONS_champion_id`) VALUES (17, 'Pulverize', 'Alistar smashes the ground, dealing damage to all nearby enemies and tossing them into the air for 1.5 seconds. On landing, enemies are stunned.Alistar smashes the ground, dealing 60/105/150/195/240 (+50% Ability Power) magic damage and tossing all nearby enemy units into the air, stunning them for 1.5 seconds.', ' 65/70/75/80/85 mana', '17 / 16 / 15 / 14 / 13', '365', 2, 4);
INSERT INTO `mydb`.`ABILITES` (`ability_id`, `ABILITIY`, `Description`, `Cost`, `Cooldown`, `Ability_Range`, `ABILITIES_TYPE_abilities_type_id`, `CHAMPIONS_champion_id`) VALUES (18, 'Headbutt', 'Alistar rams a target with his head, dealing damage and knocking the target back.Alistar charges at an enemy and rams them, dealing 55/110/165/220/275 (+70% Ability Power) magic damage and stunning them while knocking them back.', '65/70/75/80/85 mana', '14 / 13 / 12 / 11 / 10', '600', 3, 4);
INSERT INTO `mydb`.`ABILITES` (`ability_id`, `ABILITIY`, `Description`, `Cost`, `Cooldown`, `Ability_Range`, `ABILITIES_TYPE_abilities_type_id`, `CHAMPIONS_champion_id`) VALUES (19, 'Triumphant Roar', 'Alistar lets out a commanding war cry, restoring Health to himself and nearby friendly units for half the amount. Can be cast more often if nearby enemies are dying.Restores 60/90/120/150/180 (+20% Ability Power) Health to Alistar and half as much to nearby allies. Cooldown is reduced by 2 seconds each time a nearby enemy unit dies', '40/50/60/70/80 mana', '12', '575', 4, 4);
INSERT INTO `mydb`.`ABILITES` (`ability_id`, `ABILITIY`, `Description`, `Cost`, `Cooldown`, `Ability_Range`, `ABILITIES_TYPE_abilities_type_id`, `CHAMPIONS_champion_id`) VALUES (20, 'Unbreakable Will', 'Alistar lets out a wild roar, gaining bonus damage, removing all crowd control effects on himself, and reducing incoming physical and magical damage for the duration.Removes disables from Alistar, and Alistar gains 60/75/90 Attack Damage and takes 70% reduced physical and magic damage for 7 seconds.', '100 Mana', '120 / 100 / 80', 'N/A', 5, 4);
INSERT INTO `mydb`.`ABILITES` (`ability_id`, `ABILITIY`, `Description`, `Cost`, `Cooldown`, `Ability_Range`, `ABILITIES_TYPE_abilities_type_id`, `CHAMPIONS_champion_id`) VALUES (21, 'Cursed Touch', 'Amumu\'s attacks reduce the target\'s Magic Resistance for a short duration.', 'N/A', 'N/A', 'N/A', 1, 5);
INSERT INTO `mydb`.`ABILITES` (`ability_id`, `ABILITIY`, `Description`, `Cost`, `Cooldown`, `Ability_Range`, `ABILITIES_TYPE_abilities_type_id`, `CHAMPIONS_champion_id`) VALUES (22, 'Bandage Toss', 'Amumu tosses a sticky bandage at a target, stunning and damaging the target while he pulls himself to them.Throws a bandage to target location. If it hits an enemy unit, Amumu will pull himself to the enemy, stun them for 1 second, and deal 80/130/180/230/280 (+70% Ability Power) magic damage.', '80/90/100/110/120 mana', '16 / 14 / 12 / 10 / 8', '1100', 2, 5);
INSERT INTO `mydb`.`ABILITES` (`ability_id`, `ABILITIY`, `Description`, `Cost`, `Cooldown`, `Ability_Range`, `ABILITIES_TYPE_abilities_type_id`, `CHAMPIONS_champion_id`) VALUES (23, 'Despair', 'Overcome by anguish, nearby enemies lose a percentage of their maximum Health each second.Toggle: Nearby enemies take 8/12/16/20/24 magic damage plus 1/1.5/2/2.5/3 (+1% Ability Power)% of their maximum Health each second.', '8 Mana per second ', '1', '300', 3, 5);
INSERT INTO `mydb`.`ABILITES` (`ability_id`, `ABILITIY`, `Description`, `Cost`, `Cooldown`, `Ability_Range`, `ABILITIES_TYPE_abilities_type_id`, `CHAMPIONS_champion_id`) VALUES (24, 'Tantrum', 'Permanently reduces the physical damage Amumu would take. Amumu can unleash his rage, dealing damage to surrounding enemies. Each time Amumu is hit, the cooldown on Tantrum is reduced by 0.5 seconds.Passive: Amumu takes 2/4/6/8/10 reduced damage from physical attacks.Active: Amumu deals 75/100/125/150/175 (+50% Ability Power) magic damage to surrounding units. Each time Amumu is hit, the cooldown on Tantrum is reduced by 0.5 seconds.', '35', '10 / 9 / 8 / 7 / 6', '350', 4, 5);
INSERT INTO `mydb`.`ABILITES` (`ability_id`, `ABILITIY`, `Description`, `Cost`, `Cooldown`, `Ability_Range`, `ABILITIES_TYPE_abilities_type_id`, `CHAMPIONS_champion_id`) VALUES (25, 'Curse of the Sad Mummy', 'Amumu entangles surrounding enemy units in bandages, damaging them and rendering them unable to attack or move.Amumu entangles surrounding enemy units, dealing 150/250/350 (+80% Ability Power) magic damage and preventing attacks and movement for 2 seconds.', '100/150/200', '150 / 130 / 110', '550', 5, 5);
INSERT INTO `mydb`.`ABILITES` (`ability_id`, `ABILITIY`, `Description`, `Cost`, `Cooldown`, `Ability_Range`, `ABILITIES_TYPE_abilities_type_id`, `CHAMPIONS_champion_id`) VALUES (26, 'Rebirth', 'Upon dying, Anivia will revert into an egg. If the egg can survive for six seconds, she is gloriously reborn.', 'N/A', '240', 'N/A', 1, 6);
INSERT INTO `mydb`.`ABILITES` (`ability_id`, `ABILITIY`, `Description`, `Cost`, `Cooldown`, `Ability_Range`, `ABILITIES_TYPE_abilities_type_id`, `CHAMPIONS_champion_id`) VALUES (27, 'Flash Frost', 'Anivia brings her wings together and summons a sphere of ice that flies towards her opponents, chilling and damaging anyone in its path. When the sphere explodes it does moderate damage in a radius, stunning anyone in the area.A massive chunk of ice flies toward target location, dealing 60/90/120/150/180 (+50% Ability Power) magic damage and chilling targets, slowing their Movement Speed by 20%. At the end of its range or if Anivia activates the spell again, the missile detonates, doing 60/90/120/150/180 (+50% Ability Power) magic damage in a small area and stunning units for 1 second.', '80/90/100/110/120 mana', '12 / 11 / 10 / 9 / 8', '1075', 2, 6);
INSERT INTO `mydb`.`ABILITES` (`ability_id`, `ABILITIY`, `Description`, `Cost`, `Cooldown`, `Ability_Range`, `ABILITIES_TYPE_abilities_type_id`, `CHAMPIONS_champion_id`) VALUES (28, 'Crystallize', 'Anivia condenses the moisture in the air into an impassable wall of ice to block all movement. The wall only lasts a short duration before it melts.Anivia summons an impassable wall of ice 400/500/600/700/800 units wide, blocking all movement. The wall lasts for 5 seconds before it melts.', '70 Mana', '25', '100', 3, 6);
INSERT INTO `mydb`.`ABILITES` (`ability_id`, `ABILITIY`, `Description`, `Cost`, `Cooldown`, `Ability_Range`, `ABILITIES_TYPE_abilities_type_id`, `CHAMPIONS_champion_id`) VALUES (29, 'Frostbite', 'With a flap of her wings, Anivia blasts a freezing gust of wind at her target, dealing a medium amount of damage. If the target has been slowed by Flash Frost or Glacial Storm, the damage they take is doubled.Anivia blasts her target with a freezing wind, dealing 55/85/115/145/175 (+50% Ability Power) magic damage. If the target has been slowed by Flash Frost or Glacial Storm, they take double damage.', ' 50/60/70/80/90 mana', '5', '650', 4, 6);
INSERT INTO `mydb`.`ABILITES` (`ability_id`, `ABILITIY`, `Description`, `Cost`, `Cooldown`, `Ability_Range`, `ABILITIES_TYPE_abilities_type_id`, `CHAMPIONS_champion_id`) VALUES (30, 'Glacial Storm', 'Anivia summons a driving rain of ice and hail to damage her enemies and slow their advance.Toggle: Anivia calls forth a driving rain of ice and hail, dealing 80/120/160 (+25% Ability Power) magic damage per second and chilling targets, slowing their Attack and Movement Speed by 20%.Drains 40/50/60 Mana per second.', '75 Mana', '6', '625', 5, 6);
INSERT INTO `mydb`.`ABILITES` (`ability_id`, `ABILITIY`, `Description`, `Cost`, `Cooldown`, `Ability_Range`, `ABILITIES_TYPE_abilities_type_id`, `CHAMPIONS_champion_id`) VALUES (31, 'Pyromania', 'After casting 4 spells, Annie\'s next offensive spell will stun the target for a short duration.', 'N/A', 'N/A', 'N/A', 1, 7);
INSERT INTO `mydb`.`ABILITES` (`ability_id`, `ABILITIY`, `Description`, `Cost`, `Cooldown`, `Ability_Range`, `ABILITIES_TYPE_abilities_type_id`, `CHAMPIONS_champion_id`) VALUES (32, 'Disintegrate', 'Annie hurls a Mana infused fireball, dealing damage and refunding the Mana cost if it destroys the target.Deals 80/115/150/185/220 (+80% Ability Power) magic damage. Mana cost and half the cooldown are refunded if Disintegrate kills the target.', '60/65/70/75/80 Mana ', '4', '625', 2, 7);
INSERT INTO `mydb`.`ABILITES` (`ability_id`, `ABILITIY`, `Description`, `Cost`, `Cooldown`, `Ability_Range`, `ABILITIES_TYPE_abilities_type_id`, `CHAMPIONS_champion_id`) VALUES (33, 'Incinerate', 'Annie casts a blazing cone of fire, dealing damage to all enemies in the area.Casts a cone of fire dealing 70/115/160/205/250 (+85% Ability Power) magic damage to all enemies in the area.', '70/80/90/100/110', '8', '625', 3, 7);
INSERT INTO `mydb`.`ABILITES` (`ability_id`, `ABILITIY`, `Description`, `Cost`, `Cooldown`, `Ability_Range`, `ABILITIES_TYPE_abilities_type_id`, `CHAMPIONS_champion_id`) VALUES (34, 'Molten Shield', 'Increases Annie\'s Armor and Magic Resist and damages enemies who hit Annie with basic attacks.Increases Armor and Magic Resist by 10/20/30/40/50 for 5 seconds. Deals 20/30/40/50/60 (+20% Ability Power) magic damage to enemies who attack Annie with basic attacks.', '20 Mana ', '10', 'N/A', 4, 7);
INSERT INTO `mydb`.`ABILITES` (`ability_id`, `ABILITIY`, `Description`, `Cost`, `Cooldown`, `Ability_Range`, `ABILITIES_TYPE_abilities_type_id`, `CHAMPIONS_champion_id`) VALUES (35, 'Summon: Tibbers', 'Annie wills her bear Tibbers to life, dealing damage to units in the area. Tibbers can attack and also burns enemies that stand near him.Tibbers appears in a burst of flame dealing 175/300/425 (+80% Ability Power) magic damage to enemies in the target area.For the next 45 seconds, Tibbers chases down enemies and deals 20/30/40 (+20% Ability Power) magic damage each second to nearby foes. If Annie casts Molten Shield while Tibbers is active he will receive the shield and a short decaying speed boost.Tibbers can be controlled by holding the alt key and  sing the right mouse button or by reactivating this ability.', '100 Mana ', '120 / 100 / 80', '600', 5, 7);
INSERT INTO `mydb`.`ABILITES` (`ability_id`, `ABILITIY`, `Description`, `Cost`, `Cooldown`, `Ability_Range`, `ABILITIES_TYPE_abilities_type_id`, `CHAMPIONS_champion_id`) VALUES (36, 'Focus', 'While out of combat, Ashe gains stacks of Focus. When Ashe has 100 stacks of Focus her next basic attack will critically strike.', 'N/A', 'N/A', 'N/A', 1, 8);
INSERT INTO `mydb`.`ABILITES` (`ability_id`, `ABILITIY`, `Description`, `Cost`, `Cooldown`, `Ability_Range`, `ABILITIES_TYPE_abilities_type_id`, `CHAMPIONS_champion_id`) VALUES (37, 'Frost Shot', 'While active, each of Ashe\'s basic attacks slow her targets. This drains Mana with each attack.Toggle: Basic attacks slow enemies by 15/20/25/30/35% for 2 seconds.', '8 Mana per Attack', 'N/A', 'N/A', 2, 8);
INSERT INTO `mydb`.`ABILITES` (`ability_id`, `ABILITIY`, `Description`, `Cost`, `Cooldown`, `Ability_Range`, `ABILITIES_TYPE_abilities_type_id`, `CHAMPIONS_champion_id`) VALUES (38, 'Volley', 'Ashe fires 7 arrows in a cone for increased damage. Volley also applies Ashe\'s current level of Frost Shot.Fires arrows in a cone, dealing 40/50/60/70/80 (+100% Attack Damage) physical damage. Volley applies Frost Shot\'s slow effect.', '60', '16 / 13 / 10 / 7 / 4', '600', 3, 8);
INSERT INTO `mydb`.`ABILITES` (`ability_id`, `ABILITIY`, `Description`, `Cost`, `Cooldown`, `Ability_Range`, `ABILITIES_TYPE_abilities_type_id`, `CHAMPIONS_champion_id`) VALUES (39, 'Hawkshot', 'Ashe gains bonus Gold when killing enemy units or structures. Ashe can activate to send her Hawk Spirit on a scouting mission.Passive: Gains 3 bonus Gold whenever Ashe kills an enemy unit or structure.Active: Reveals terrain as it flies toward target location. Grants vision for 5 seconds.Total Gold Retrieved: 1/2/3/4/5 gold.', 'N/A', '60 / 55 / 50 / 45 / 40', '2500/3250/4000/4750/5500', 4, 8);
INSERT INTO `mydb`.`ABILITES` (`ability_id`, `ABILITIY`, `Description`, `Cost`, `Cooldown`, `Ability_Range`, `ABILITIES_TYPE_abilities_type_id`, `CHAMPIONS_champion_id`) VALUES (40, 'Enchanted Crystal Arrow', 'Ashe fires a missile of ice in a straight line. If the arrow collides with an enemy Champion, it deals damage and stuns the Champion for up to 3.5 seconds, based on how far the arrow has traveled. In addition, surrounding enemy units take damage and are slowed.Launches a crystal arrow of ice in a line that stuns an enemy Champion dealing 250/425/600 (+100% Ability Power) magic damage. The farther the arrow flies, the longer the stun, up to 3.5 seconds. Surrounding enemies are slowed by 50% for 3 seconds and take half damage.', '100 Mana', '100 / 90 / 80', '20000', 5, 8);
INSERT INTO `mydb`.`ABILITES` (`ability_id`, `ABILITIY`, `Description`, `Cost`, `Cooldown`, `Ability_Range`, `ABILITIES_TYPE_abilities_type_id`, `CHAMPIONS_champion_id`) VALUES (41, 'Shurima\'s Legacy', 'Azir can summon the Disc of the Sun from the ruins of allied or enemy turrets.Additionally, Azir gains Attack Speed based on the amount of Cooldown Reduction he has.', 'N/A', '180', 'N/A', 1, 9);
INSERT INTO `mydb`.`ABILITES` (`ability_id`, `ABILITIY`, `Description`, `Cost`, `Cooldown`, `Ability_Range`, `ABILITIES_TYPE_abilities_type_id`, `CHAMPIONS_champion_id`) VALUES (42, 'Conquering Sands', 'Azir sends all Sand Soldiers toward a target location. Sand Soldiers deal magic damage to all targets they pass through and apply a stacking slow for 1 second.Azir sends all Sand Soldiers toward a target location. Sand Soldiers deal 65/85/105/125/145 (+50% Ability Power) magic damage to all enemies they pass through and apply a stacking 25% slow for 1 second.', '70 Mana', '10 / 9 / 8 / 7 / 6', '875', 2, 9);
INSERT INTO `mydb`.`ABILITES` (`ability_id`, `ABILITIY`, `Description`, `Cost`, `Cooldown`, `Ability_Range`, `ABILITIES_TYPE_abilities_type_id`, `CHAMPIONS_champion_id`) VALUES (43, 'Arise!', 'Azir summons a Sand Soldier to attack nearby targets for him, replacing his basic attack against targets within the soldier\'s range. Their attacks deal magic damage to enemies in a line.Azir summons a Sand Soldier for 9 seconds. When Azir attacks an enemy in a soldier\'s range, the soldier attacks instead of Azir, dealing 0 (+60% Ability Power) magic damage to enemies in a line. If multiple soldiers strike the same target, each soldier after the first deals 25% damage. Soldiers attack even if Azir himself isn\'t in basic attack range.Azir can store up to {{ maxammo }} Sand Soldiers at a time. A new soldier becomes available every 0 seconds. Moving too far away from soldiers deactivates them. Sand Soldiers expire twice as fast when near an enemy turret.Azir can expend a soldier to damage an enemy turret by summoning it on top of the turret. This deals 0 (+40% Ability Power) magic damage to the turret.', '40 Mana', '12 / 11 / 10 / 9 / 8', '450', 3, 9);
INSERT INTO `mydb`.`ABILITES` (`ability_id`, `ABILITIY`, `Description`, `Cost`, `Cooldown`, `Ability_Range`, `ABILITIES_TYPE_abilities_type_id`, `CHAMPIONS_champion_id`) VALUES (44, 'Shifting Sands', 'Azir dashes to one of his Sand Soldiers, knocking up and damaging enemies. If he hits an enemy champion, he gains a shield.Azir dashes to one of his Sand Soldiers, damaging enemies hit for 60/90/120/150/180 (+40% Ability Power) magic damage and knocking them up for 0.5 seconds. If Azir hits an enemy champion, he stops and gains a 4 second shield that absorbs 80/120/160/200/240 (+0) damage.', '60 Mana', '19 / 18 / 17 / 16 / 15', '25000', 4, 9);
INSERT INTO `mydb`.`ABILITES` (`ability_id`, `ABILITIY`, `Description`, `Cost`, `Cooldown`, `Ability_Range`, `ABILITIES_TYPE_abilities_type_id`, `CHAMPIONS_champion_id`) VALUES (45, 'Emperor\'s Divide', 'Azir summons a wall of soldiers which charge forward, knocking back and damaging enemies.Azir summons a wall of armored soldiers that charge forward, knocking back enemies and dealing 150/225/300 (+60% Ability Power) magic damage. The soldiers then remain as a wall for 5/6/7 seconds.Enemies will be stopped by Emperor\'s Divide, even if they attempt to dash over the wall, but Azir and his allies can pass freely and gain 20% Movement Speed for 1 second when they pass through the wall.Emperor\'s Divide does not interact with Azir\'s basic attacks or spells.', '100 Mana', '140 / 120 / 100', '250', 5, 9);
INSERT INTO `mydb`.`ABILITES` (`ability_id`, `ABILITIY`, `Description`, `Cost`, `Cooldown`, `Ability_Range`, `ABILITIES_TYPE_abilities_type_id`, `CHAMPIONS_champion_id`) VALUES (46, 'Mana Barrier', 'When Blitzcrank\'s life is brought below 20% health, he activates Mana Barrier. This creates a mana shield equal to 50% of his mana for 10 seconds. Mana Barrier can only occur once every 90 seconds.', 'N/A', '90', 'N/A', 1, 10);
INSERT INTO `mydb`.`ABILITES` (`ability_id`, `ABILITIY`, `Description`, `Cost`, `Cooldown`, `Ability_Range`, `ABILITIES_TYPE_abilities_type_id`, `CHAMPIONS_champion_id`) VALUES (47, 'Rocket Grab', 'Blitzcrank fires his right hand to grab an opponent on its path, dealing damage and dragging it back to him.Blitzcrank fires his right hand, if it encounters an enemy unit it will stun them and deal 80/135/190/245/300 (+100% Ability Power) magic damage while he pulls them to himself.', '100 Mana', '20 / 19 / 18 / 17 / 16', '925', 2, 10);
INSERT INTO `mydb`.`ABILITES` (`ability_id`, `ABILITIY`, `Description`, `Cost`, `Cooldown`, `Ability_Range`, `ABILITIES_TYPE_abilities_type_id`, `CHAMPIONS_champion_id`) VALUES (48, 'Overdrive', 'Blitzcrank super charges himself to get dramatically increased Movement and Attack Speed.Blitzcrank supercharges himself to increase Movement Speed by 16/20/24/28/32% and Attack Speed by 30/38/46/54/62% for 8 seconds.', '75 Mana', '15', 'N/A', 3, 10);
INSERT INTO `mydb`.`ABILITES` (`ability_id`, `ABILITIY`, `Description`, `Cost`, `Cooldown`, `Ability_Range`, `ABILITIES_TYPE_abilities_type_id`, `CHAMPIONS_champion_id`) VALUES (49, 'Power Fist', 'Blitzcrank charges up his fist to make his next attack deal double damage and pop his target up in the air.Blitzcrank charges up his fist to make his next attack deal double his total attack damage as physical damage and pop his target up in the air.', '25 Mana', '9 / 8 / 7 / 6 / 5', 'N/A', 4, 10);
INSERT INTO `mydb`.`ABILITES` (`ability_id`, `ABILITIY`, `Description`, `Cost`, `Cooldown`, `Ability_Range`, `ABILITIES_TYPE_abilities_type_id`, `CHAMPIONS_champion_id`) VALUES (50, 'Static Field', 'Passively causes lightning bolts to damage a nearby enemy. Additionally, Blitzcrank can activate this ability to damage nearby enemies and silence them for 0.5 seconds, but doing so removes the passive lightning until Static Field becomes available again.Passive: Lightning arcs off of Blitzcrank to hit a random nearby enemy for 100/200/300 (+20% Ability Power) magic damage every 2.5 seconds.Active: Deals 250/375/500 (+100% Ability Power) magic damage and silences surrounding enemy units for 0.5 seconds. The passive is not in effect during the cooldown.', '100 Mana', '30', '600', 5, 10);
INSERT INTO `mydb`.`ABILITES` (`ability_id`, `ABILITIY`, `Description`, `Cost`, `Cooldown`, `Ability_Range`, `ABILITIES_TYPE_abilities_type_id`, `CHAMPIONS_champion_id`) VALUES (51, 'Blaze', 'Brand\'s spells light his targets ablaze, dealing 8% of their maximum Health in magic damage over 4 seconds.', 'N/A', 'N/A', 'N/A', 1, 11);
INSERT INTO `mydb`.`ABILITES` (`ability_id`, `ABILITIY`, `Description`, `Cost`, `Cooldown`, `Ability_Range`, `ABILITIES_TYPE_abilities_type_id`, `CHAMPIONS_champion_id`) VALUES (52, 'Sear', 'Brand launches a ball of fire forward that deals magic damage. If the target is ablaze, Sear will stun the target for 2 seconds.Brand launches a ball of fire forward that deals 80/120/160/200/240 (+65% Ability Power) magic damage.Blaze: If the target is ablaze, Sear will stun the target for 0 seconds.', '50 Mana', '8 / 7.5 / 7 / 6.5 / 6', '1050', 2, 11);
INSERT INTO `mydb`.`ABILITES` (`ability_id`, `ABILITIY`, `Description`, `Cost`, `Cooldown`, `Ability_Range`, `ABILITIES_TYPE_abilities_type_id`, `CHAMPIONS_champion_id`) VALUES (53, 'Pillar of Flame', 'After a short delay, Brand creates a pillar of flame at a target area, dealing magic damage to enemy units within the area. Units that are ablaze take an additional 25% damage.After a short delay, Brand creates a pillar of flame at a target area, dealing 75/120/165/210/255 (+60% Ability Power) magic damage to enemy units within the area.Blaze: Units that are ablaze take an additional 25% damage from Pillar of Flame.', '70/75/80/85/90 Mana ', '10', '900', 3, 11);
INSERT INTO `mydb`.`ABILITES` (`ability_id`, `ABILITIY`, `Description`, `Cost`, `Cooldown`, `Ability_Range`, `ABILITIES_TYPE_abilities_type_id`, `CHAMPIONS_champion_id`) VALUES (54, 'Conflagration', 'Brand conjures a powerful blast at his target, dealing magic damage to them. If the target is ablaze, Conflagration spreads to nearby enemies.Brand conjures a powerful blast at his target, dealing 70/105/140/175/210 (+55% Ability Power) magic damage.Blaze: If the target is ablaze, Conflagration spreads to nearby enemies.', '70/75/80/85/90 Mana ', '12 / 11 / 10 / 9 / 8', '625', 4, 11);
INSERT INTO `mydb`.`ABILITES` (`ability_id`, `ABILITIY`, `Description`, `Cost`, `Cooldown`, `Ability_Range`, `ABILITIES_TYPE_abilities_type_id`, `CHAMPIONS_champion_id`) VALUES (55, 'Pyroclasm', 'Brand unleashes a devastating torrent of fire, dealing magic damage each time it bounces. If a target is ablaze, Pyroclasm will priotize champions for the next bounce.Brand unleashes a devastating torrent of fire, dealing 150/250/350 (+50% Ability Power) magic damage each time it bounces up to 5 bounces.Blaze: If a target is ablaze, Pyroclasm will prioritize champions for the next bounce.', '100 Mana', '105 / 90 / 75', '750', 5, 11);
INSERT INTO `mydb`.`ABILITES` (`ability_id`, `ABILITIY`, `Description`, `Cost`, `Cooldown`, `Ability_Range`, `ABILITIES_TYPE_abilities_type_id`, `CHAMPIONS_champion_id`) VALUES (56, 'Concussive Blows', 'Braum adds stacks of Concussive Blows to enemies with basic attacks or Winter\'s Bite. He and his allies continue to add stacks with basic attacks, at 4 stacks their target will be stunned.', 'N/A', 'N/A', 'N/A', 1, 12);
INSERT INTO `mydb`.`ABILITES` (`ability_id`, `ABILITIY`, `Description`, `Cost`, `Cooldown`, `Ability_Range`, `ABILITIES_TYPE_abilities_type_id`, `CHAMPIONS_champion_id`) VALUES (57, 'Winter\'s Bite', 'Braum propels freezing ice from his shield, slowing and dealing magic damage.Applies a stack of Concussive Blows.Braum propels freezing ice from his shield dealing 60/105/150/195/240 (+0) magic damage to the first target hit and slowing them by 70%, decaying over the next 2 seconds.Applies a stack of Concussive Blows.', '55/60/65/70/75 Mana', '10 / 9 / 8 / 7 / 6', '1000', 2, 12);
INSERT INTO `mydb`.`ABILITES` (`ability_id`, `ABILITIY`, `Description`, `Cost`, `Cooldown`, `Ability_Range`, `ABILITIES_TYPE_abilities_type_id`, `CHAMPIONS_champion_id`) VALUES (58, 'Stand Behind Me', 'Braum leaps to a target allied champion or minion. On arrival, Braum and the ally gain Armor and Magic Resist for a few seconds.Braum leaps to a target allied champion or minion.On arrival, Braum and the ally gain 0 Armor and 0 Magic Resist (15/17.5/20/22.5/25 plus 10/11.5/13/14.5/16% of Braum\'s bonus Armor/Magic Resist) for 3 seconds.', '50/55/60/65/70 Mana ', '14 / 13 / 12 / 11 / 10', '650', 3, 12);
INSERT INTO `mydb`.`ABILITES` (`ability_id`, `ABILITIY`, `Description`, `Cost`, `Cooldown`, `Ability_Range`, `ABILITIES_TYPE_abilities_type_id`, `CHAMPIONS_champion_id`) VALUES (59, 'Unbreakable', 'Braum raises his shield in a direction for several seconds, intercepting all projectiles causing them to hit him and be destroyed. He negates the damage of the first attack completely and reduces the damage of all subsequent attacks from this direction.Braum reduces incoming damage and blocks for allies behind him.Braum raises his shield in a direction for 3/3.25/3.5/3.75/4 seconds negating the damage of the next attack from this direction. Subsequent attacks deal 30/32.5/35/37.5/40% reduced damage.Braum intercepts projectiles, causing them to hit him and be destroyed.Braum gains 10% Movement Speed for the duration.', '30/35/40/45/50 Mana', '18 / 16 / 14 / 12 / 10', '25000', 4, 12);
INSERT INTO `mydb`.`ABILITES` (`ability_id`, `ABILITIY`, `Description`, `Cost`, `Cooldown`, `Ability_Range`, `ABILITIES_TYPE_abilities_type_id`, `CHAMPIONS_champion_id`) VALUES (60, 'Glacial Fissure', 'Braum slams the ground, knocking up enemies nearby and in a line in front of him. A fissure is left along the line that slows enemies.Braum slams the ground, knocking up enemies nearby and in a line in front of him. A fissure is left along the line that slows enemies.Enemies hit take 150/250/350 (+60% Ability Power) magic damage. The first champion hit is knocked up for 1/1.25/1.5 seconds, subsequent enemies are knocked up briefly.For the next 4 seconds enemies that enter the area are slowed by 40/50/60% for 0.25 seconds.', '100 Mana', '140 / 120 / 100', '1250', 5, 12);
INSERT INTO `mydb`.`ABILITES` (`ability_id`, `ABILITIY`, `Description`, `Cost`, `Cooldown`, `Ability_Range`, `ABILITIES_TYPE_abilities_type_id`, `CHAMPIONS_champion_id`) VALUES (61, 'Headshot', 'Every few basic attacks, Caitlyn will fire a headshot dealing 150% damage to a champion or 250% damage to a minion.', 'N/A', 'N/A', 'N/A', 1, 13);
INSERT INTO `mydb`.`ABILITES` (`ability_id`, `ABILITIY`, `Description`, `Cost`, `Cooldown`, `Ability_Range`, `ABILITIES_TYPE_abilities_type_id`, `CHAMPIONS_champion_id`) VALUES (62, 'Piltover Peacemaker', 'Caitlyn revs up her rifle for 1 second to unleash a penetrating shot that deals physical damage (deals less damage to subsequent targets).Revs the rifle for 1 second to fire a piercing shot dealing 20/60/100/140/180 (+130% Attack Damage) physical damage. Deals 10% less damage to each subsequent target down to a minimum of 50%.', '50/60/70/80/90 Mana', '10 / 9 / 8 / 7 / 6', '1250', 2, 13);
INSERT INTO `mydb`.`ABILITES` (`ability_id`, `ABILITIY`, `Description`, `Cost`, `Cooldown`, `Ability_Range`, `ABILITIES_TYPE_abilities_type_id`, `CHAMPIONS_champion_id`) VALUES (63, 'Yordle Snap Trap', 'Caitlyn sets a trap to find sneaky yordles. When sprung, the trap immobilizes the champion, reveals them for a short duration, and deals magic damage over 1.5 seconds.Sets a trap that an enemy Champion can spring immobilizing and revealing them for a short duration. The trap deals 80/130/180/230/280 (+60% Ability Power) magic damage over 1.5 seconds, and lasts for 4 minutes. Only 3 traps may be active at once.', '50 Mana ', '20 / 17 / 14 / 11 / 8', '800', 3, 13);
INSERT INTO `mydb`.`ABILITES` (`ability_id`, `ABILITIY`, `Description`, `Cost`, `Cooldown`, `Ability_Range`, `ABILITIES_TYPE_abilities_type_id`, `CHAMPIONS_champion_id`) VALUES (64, '90 Caliber Net', 'Caitlyn fires a heavy net to slow her target. The recoil knocks Caitlyn back.Fires a net dealing 80/130/180/230/280 (+80% Ability Power) magic damage and slowing an enemy by 50% for 1/1.25/1.5/1.75/2 second(s). Knocks Caitlyn back.', '75 Mana ', '18 / 16 / 14 / 12 / 10', '950', 4, 13);
INSERT INTO `mydb`.`ABILITES` (`ability_id`, `ABILITIY`, `Description`, `Cost`, `Cooldown`, `Ability_Range`, `ABILITIES_TYPE_abilities_type_id`, `CHAMPIONS_champion_id`) VALUES (65, 'Ace in the Hole', 'Caitlyn takes time to line up the perfect shot, dealing massive damage to a single target at a huge range. Enemy champions can intercept the bullet for their ally.Takes a second to line up the perfect shot, firing a bullet at an enemy Champion dealing 250/475/700 (+200% bonus Attack Damage) physical damage at 2000/2500/3000 range. Other enemy Champions can intercept the bullet.', '100 Mana', '90 / 75 / 60', '2000/2500/3000', 5, 13);
INSERT INTO `mydb`.`ABILITES` (`ability_id`, `ABILITIY`, `Description`, `Cost`, `Cooldown`, `Ability_Range`, `ABILITIES_TYPE_abilities_type_id`, `CHAMPIONS_champion_id`) VALUES (66, 'Aspect of the Serpent', 'Cassiopeia gains stacks of Aspect of the Serpent over time and by poisoning enemy champions.', 'N/A', 'N/A', 'N/A', 1, 14);
INSERT INTO `mydb`.`ABILITES` (`ability_id`, `ABILITIY`, `Description`, `Cost`, `Cooldown`, `Ability_Range`, `ABILITIES_TYPE_abilities_type_id`, `CHAMPIONS_champion_id`) VALUES (67, 'Noxious Blast', 'Cassiopeia blasts an area with Poison after a brief delay, granting her increased Movement Speed if she hits an enemy champion.Cassiopeia blasts an area after a brief delay. Enemies in the area are Poisoned, taking 75/115/155/195/235 (+45% Ability Power) magic damage over 3 seconds. If Noxious Blast hits an enemy champion, Cassiopeia gains 20% Movement Speed for 3 seconds.', '40/50/60/70/80 Mana ', '4', '850', 2, 14);
INSERT INTO `mydb`.`ABILITES` (`ability_id`, `ABILITIY`, `Description`, `Cost`, `Cooldown`, `Ability_Range`, `ABILITIES_TYPE_abilities_type_id`, `CHAMPIONS_champion_id`) VALUES (68, 'Miasma', 'Cassiopeia releases a cloud of poison, lightly damaging and slowing any enemy that happens to pass through it.Cassiopeia releases a toxic cloud that grows in size over 7 seconds. Enemies in the cloud are Poisoned for 2 seconds, causing them to take 10/15/20/25/30 (+10% Ability Power) magic damage each second and be slowed by 25/30/35/40/45%. The cloud continually reapplies this Poison to enemies within it.', '40/50/60/70/80 Mana ', '14 / 13 / 12 / 11 / 10', '850', 3, 14);
INSERT INTO `mydb`.`ABILITES` (`ability_id`, `ABILITIY`, `Description`, `Cost`, `Cooldown`, `Ability_Range`, `ABILITIES_TYPE_abilities_type_id`, `CHAMPIONS_champion_id`) VALUES (69, 'Twin Fang', 'Cassiopeia lets loose a damaging attack at her target, increasing further Poison damage dealt to the target. If the target dies, Cassiopeia regains Mana. If the target is poisoned, the cooldown of this spell is refreshed.Cassiopeia deals 55/80/105/130/155 (+0) magic damage to her target. If Twin Fang kills the target, Cassiopeia refunds its cost and restores 3% of her maximum Mana (0). If the target is Poisoned, then Twin Fang\'s cooldown is reduced to 0.5 seconds.Hitting an enemy with Twin Fang increases Cassiopeia\'s Poison damage dealt to the target by 20% for 5 seconds. This effect stacks up to two times.', '50/60/70/80/90 Mana ', '5', '700', 4, 14);
INSERT INTO `mydb`.`ABILITES` (`ability_id`, `ABILITIY`, `Description`, `Cost`, `Cooldown`, `Ability_Range`, `ABILITIES_TYPE_abilities_type_id`, `CHAMPIONS_champion_id`) VALUES (70, 'Petrifying Gaze', 'Cassiopeia releases a swirl of magical energy from her eyes, stunning any enemies in front of her that are facing her and slowing any others with their back turned.Cassiopeia deals 150/250/350 (+50% Ability Power) magic damage to all enemies in front of her. Enemies facing her are stunned for 2 seconds while enemies facing away are slowed by 60%.', '100 Mana', '120 / 110 / 100', '825', 5, 14);
INSERT INTO `mydb`.`ABILITES` (`ability_id`, `ABILITIY`, `Description`, `Cost`, `Cooldown`, `Ability_Range`, `ABILITIES_TYPE_abilities_type_id`, `CHAMPIONS_champion_id`) VALUES (71, 'Carnivore', 'Whenever Cho\'Gath kills a unit, he recovers Health and Mana. The values restored increase with Cho\'Gath\'s level.', 'N/A', 'N/A', 'N/A', 1, 15);
INSERT INTO `mydb`.`ABILITES` (`ability_id`, `ABILITIY`, `Description`, `Cost`, `Cooldown`, `Ability_Range`, `ABILITIES_TYPE_abilities_type_id`, `CHAMPIONS_champion_id`) VALUES (72, 'Rupture', 'Ruptures the ground at target location, popping enemy units into the air, dealing damage and slowing them.Ruptures the ground at target location. Enemies caught in the rupture are launched into the air for 1 second, take 80/135/190/245/305 (+100% Ability Power) magic damage, and are slowed by 60% for 1.5 seconds.', '90 Mana', '9', '950', 2, 15);
INSERT INTO `mydb`.`ABILITES` (`ability_id`, `ABILITIY`, `Description`, `Cost`, `Cooldown`, `Ability_Range`, `ABILITIES_TYPE_abilities_type_id`, `CHAMPIONS_champion_id`) VALUES (73, 'Feral Scream', 'Cho\'Gath unleashes a terrible scream at enemies in a cone, dealing magic damage and Silencing enemies for a few seconds.Silences enemies in a cone for 1.5/1.75/2/2.25/2.5 second(s) and deals 75/125/175/225/275 (+70% Ability Power) magic damage.', '70/80/90/100/110 Mana', '13', '300', 3, 15);
INSERT INTO `mydb`.`ABILITES` (`ability_id`, `ABILITIY`, `Description`, `Cost`, `Cooldown`, `Ability_Range`, `ABILITIES_TYPE_abilities_type_id`, `CHAMPIONS_champion_id`) VALUES (74, 'Vorpal Spikes', 'Cho\'Gath\'s attacks passively release deadly spikes, dealing damage to all enemy units in front of him.Toggle: Basic attacks launch spikes that deal 20/35/50/65/80 (+30% Ability Power) magic damage. Spikes grow wider as Cho\'Gath gains Feast stacks.', 'N/A', 'N/A', 'N/A', 4, 15);
INSERT INTO `mydb`.`ABILITES` (`ability_id`, `ABILITIY`, `Description`, `Cost`, `Cooldown`, `Ability_Range`, `ABILITIES_TYPE_abilities_type_id`, `CHAMPIONS_champion_id`) VALUES (75, 'Feast', 'Devours an enemy unit, dealing a high amount of true damage. If the target is killed, Cho\'Gath grows, gaining maximum Health (maximum 6 stacks). Cho\'Gath loses half of his stacks upon death. Half the cooldown and mana cost are refunded if a minion or monster is killed.Hungrily devours an enemy dealing 300/475/650 (+70% Ability Power) true damage to Champions, or 1000 (+70% Ability Power) true damage to minions and monsters. If Feast kills a minion or monster, 50% of its cooldown and mana cost are refunded.If the enemy is killed by Feast, Cho\'Gath grows, gaining 90/120/150 maximum Health (maximum 6 stacks). Loses half of his stacks on death.', '100 Mana', '80', '175', 5, 15);
INSERT INTO `mydb`.`ABILITES` (`ability_id`, `ABILITIY`, `Description`, `Cost`, `Cooldown`, `Ability_Range`, `ABILITIES_TYPE_abilities_type_id`, `CHAMPIONS_champion_id`) VALUES (76, 'Hextech Shrapnel Shells', 'Corki\'s basic attacks deal bonus true damage to minions, monsters, and champions.', 'N/A', 'N/A', 'N/A', 1, 16);
INSERT INTO `mydb`.`ABILITES` (`ability_id`, `ABILITIY`, `Description`, `Cost`, `Cooldown`, `Ability_Range`, `ABILITIES_TYPE_abilities_type_id`, `CHAMPIONS_champion_id`) VALUES (77, 'Phosphorus Bomb', 'Corki fires a flash bomb at a target location, dealing magic damage to enemies in the area. This attack additionally reveals units in the area for a duration.Corki lobs a bomb, dealing 80/130/180/230/280 (+0) (+50% Ability Power) magic damage to enemies in the target area. In addition, the blast reveals the area and champions hit by the blast for 6 seconds (does not reveal stealth).', '60/70/80/90/100 Mana ', '8', '825', 2, 16);
INSERT INTO `mydb`.`ABILITES` (`ability_id`, `ABILITIY`, `Description`, `Cost`, `Cooldown`, `Ability_Range`, `ABILITIES_TYPE_abilities_type_id`, `CHAMPIONS_champion_id`) VALUES (78, 'Valkyrie', 'Corki surges to target location, dropping bombs that create a trail of destruction for opponents who remain in the fire.Corki surges to target location, dealing 60/90/120/150/180 (+40% Ability Power) magic damage per second to enemies in the fire left along his path.', '100 Mana', '26 / 23 / 20 / 17 / 14', '800', 3, 16);
INSERT INTO `mydb`.`ABILITES` (`ability_id`, `ABILITIY`, `Description`, `Cost`, `Cooldown`, `Ability_Range`, `ABILITIES_TYPE_abilities_type_id`, `CHAMPIONS_champion_id`) VALUES (79, 'Gatling Gun', 'Corki\'s gatling gun rapidly fires in a cone in front of him, dealing damage and reducing enemy Armor.Corki\'s gatling gun fires at all targets in front of him for 4 seconds, dealing 20/32/44/56/68 (+40% bonus Attack Damage) physical damage and reducing 2/4/6/8/10 Armor per second. The Armor reduction stacks and lasts 2 seconds.', '50 Mana', '16', '600', 4, 16);
INSERT INTO `mydb`.`ABILITES` (`ability_id`, `ABILITIY`, `Description`, `Cost`, `Cooldown`, `Ability_Range`, `ABILITIES_TYPE_abilities_type_id`, `CHAMPIONS_champion_id`) VALUES (80, 'Missile Barrage', 'Corki fires a missile toward his target location that explodes on impact, dealing damage to enemies in an area. Corki stores missiles over time, up to a maximum. Every 3rd missile fired will be a Big One, dealing extra damage.Corki fires a missile toward his targeted location that will collide with the first enemy it hits. Each missile deals 100/180/260 0.2/0.3/0.4 (+30% Ability Power) area magic damage.Corki reloads a missile every 10 seconds, up to 7 missiles at any given time.Every 3rd missile will be a Big One, dealing 50% extra damage.', '20 Mana ', '2', '1225', 5, 16);
INSERT INTO `mydb`.`ABILITES` (`ability_id`, `ABILITIY`, `Description`, `Cost`, `Cooldown`, `Ability_Range`, `ABILITIES_TYPE_abilities_type_id`, `CHAMPIONS_champion_id`) VALUES (81, 'Hemorrhage', 'Darius aims his attacks strategically, causing his target to bleed. This effect stacks up to five times.', 'N/A', 'N/A', 'N/A', 1, 17);
INSERT INTO `mydb`.`ABILITES` (`ability_id`, `ABILITIY`, `Description`, `Cost`, `Cooldown`, `Ability_Range`, `ABILITIES_TYPE_abilities_type_id`, `CHAMPIONS_champion_id`) VALUES (82, 'Decimate', 'Darius swings his axe in a wide circle. Enemies struck by the blade take more damage than those struck by the handle.Deals 70/105/140/175/210 (+70% bonus Attack Damage) physical damage to all nearby enemies in a circle. Champions in the outer half of the ability are struck by the blade, taking 50% additional damage.', '40 Mana', '9 / 8 / 7 / 6 / 5', '250', 2, 17);
INSERT INTO `mydb`.`ABILITES` (`ability_id`, `ABILITIY`, `Description`, `Cost`, `Cooldown`, `Ability_Range`, `ABILITIES_TYPE_abilities_type_id`, `CHAMPIONS_champion_id`) VALUES (83, 'Crippling Strike', 'Darius\'s next attack strikes an enemy\'s crucial artery. As they bleed out, their Movement and Attack Speed is slowed. Crippling Strike\'s cooldown is lower the more bloodied its target.The next basic attack deals 120/140/160/180/200% damage and slows the target\'s Movement and Attack Speed by 20/25/30/35/40% for 2 seconds.Crippling Strike\'s base cooldown is reduced by 1 second for each stack of Hemorrhage on the target.', '30/35/40/45/50 Mana ', '8', 'N/A', 3, 17);
INSERT INTO `mydb`.`ABILITES` (`ability_id`, `ABILITIY`, `Description`, `Cost`, `Cooldown`, `Ability_Range`, `ABILITIES_TYPE_abilities_type_id`, `CHAMPIONS_champion_id`) VALUES (84, 'Apprehend', 'Darius hones his axe, passively causing his physical damage to ignore a percentage of his target\'s Armor. When activated, Darius sweeps up his enemies with his axe\'s hook and pulls them to him.Passive: Darius\'s physical damage ignores 5/10/15/20/25% of his target\'s Armor.Active: Pulls in all enemies in front of Darius.', '45 Mana', '24 / 21 / 18 / 15 / 12', '540', 4, 17);
INSERT INTO `mydb`.`ABILITES` (`ability_id`, `ABILITIY`, `Description`, `Cost`, `Cooldown`, `Ability_Range`, `ABILITIES_TYPE_abilities_type_id`, `CHAMPIONS_champion_id`) VALUES (85, 'Noxian Guillotine', 'Darius leaps to an enemy champion and strikes a lethal blow, dealing true damage. This damage is increased for each stack of Hemorrhage on the target. If Noxian Guillotine is a killing blow, its cooldown is refreshed for a brief duration.Leaps to target enemy champion and strikes a lethal blow, dealing 160/250/340 (+75% bonus Attack Damage) true damage. For each stack of Hemorrhage on the target, Noxian Guillotine deals an additional 20% damage.Maximum Damage: 160/250/340.If Noxian Guillotine kills the target, Darius may recast Noxian Guillotine for 20 seconds.', '100 Mana', '120 / 100 / 80', '460', 5, 17);
INSERT INTO `mydb`.`ABILITES` (`ability_id`, `ABILITIY`, `Description`, `Cost`, `Cooldown`, `Ability_Range`, `ABILITIES_TYPE_abilities_type_id`, `CHAMPIONS_champion_id`) VALUES (86, 'Moonsilver Blade', 'Gains Attack Speed. Every third strike cleaves nearby enemies for additional magic damage.', 'N/A', 'N/A', 'N/A', 1, 18);
INSERT INTO `mydb`.`ABILITES` (`ability_id`, `ABILITIY`, `Description`, `Cost`, `Cooldown`, `Ability_Range`, `ABILITIES_TYPE_abilities_type_id`, `CHAMPIONS_champion_id`) VALUES (87, 'Crescent Strike', 'Diana swings her blade to unleash a bolt of lunar energy that deals damage in an arc before exploding. Afflicts enemies struck with the Moonlight debuff, revealing them if they are not stealthed.Unleashes a bolt of lunar energy in an arc dealing 60/95/130/165/200 (+70% Ability Power) magic damage.Afflicts enemies struck with Moonlight, revealing them if they are not stealthed for 3 seconds.', '55 Mana', '10 / 9 / 8 / 7 / 6', '830', 2, 18);
INSERT INTO `mydb`.`ABILITES` (`ability_id`, `ABILITIY`, `Description`, `Cost`, `Cooldown`, `Ability_Range`, `ABILITIES_TYPE_abilities_type_id`, `CHAMPIONS_champion_id`) VALUES (88, 'Pale Cascade', 'Diana creates three orbiting spheres that detonate on contact with enemies to deal damage in an area. She also gains a temporary shield that absorbs damage. If her third sphere detonates, the shield gains additional strength.Creates three orbiting spheres that explode on contact with enemies dealing 22/34/46/58/70 (+20% Ability Power) magic damage. Lasts 5 seconds.Grants a temporary shield that absorbs 40/55/70/85/100 (+30% Ability Power) damage. If the third sphere detonates, the shield increases by 40/55/70/85/100 (+30% Ability Power).', '60/70/80/90/100 Mana ', '10', 'N/A', 3, 18);
INSERT INTO `mydb`.`ABILITES` (`ability_id`, `ABILITIY`, `Description`, `Cost`, `Cooldown`, `Ability_Range`, `ABILITIES_TYPE_abilities_type_id`, `CHAMPIONS_champion_id`) VALUES (89, 'Moonfall', 'Diana draws in and slows all nearby enemies.Reveals and draws in all nearby enemies and then slows them by 35/40/45/50/55% for 2 seconds.', '70 Mana', '26 / 24 / 22 / 20 / 18', '450', 4, 18);
INSERT INTO `mydb`.`ABILITES` (`ability_id`, `ABILITIY`, `Description`, `Cost`, `Cooldown`, `Ability_Range`, `ABILITIES_TYPE_abilities_type_id`, `CHAMPIONS_champion_id`) VALUES (90, 'Lunar Rush', 'Diana dashes to an enemy and deals magic damage. Lunar Rush has no cooldown when used to teleport to a target afflicted with Moonlight.Becomes the living embodiment of the vengeful moon, dashing to an enemy and dealing 100/160/220 (+60% Ability Power) magic damage.Lunar Rush has no cooldown when used to dash to an enemy afflicted with Moonlight. All other enemies will have the Moonlight debuff removed regardless of whether they were the target of Lunar Rush.', ' 50/65/80 Mana', '25 / 20 / 15', '825', 5, 18);
INSERT INTO `mydb`.`ABILITES` (`ability_id`, `ABILITIY`, `Description`, `Cost`, `Cooldown`, `Ability_Range`, `ABILITIES_TYPE_abilities_type_id`, `CHAMPIONS_champion_id`) VALUES (91, 'Adrenaline Rush', 'Dr. Mundo regenerates 0.3% of his maximum Health each second.', 'N/A', 'N/A', 'N/A', 1, 19);
INSERT INTO `mydb`.`ABILITES` (`ability_id`, `ABILITIY`, `Description`, `Cost`, `Cooldown`, `Ability_Range`, `ABILITIES_TYPE_abilities_type_id`, `CHAMPIONS_champion_id`) VALUES (92, 'Infected Cleaver', 'Dr. Mundo hurls his cleaver, dealing damage equal to a portion of his target\'s current Health and slowing them for a short time. Dr. Mundo delights in the suffering of others, so he is returned half of the Health cost when he successfully lands a cleaver.Dr. Mundo hurls his cleaver, dealing magic damage equal to 15/18/21/23/25% of the target\'s current Health (80/130/180/230/280 damage minimum) and slowing them by 40% for 2 seconds.Half of the Health cost is refunded if the cleaver hits a target.', '50/60/70/80/90 Health', '4', '975', 2, 19);
INSERT INTO `mydb`.`ABILITES` (`ability_id`, `ABILITIY`, `Description`, `Cost`, `Cooldown`, `Ability_Range`, `ABILITIES_TYPE_abilities_type_id`, `CHAMPIONS_champion_id`) VALUES (93, 'Burning Agony', 'Dr. Mundo drains his Health to reduce the duration of disables and deal continual damage to nearby enemies.Toggle: Dr. Mundo deals 35/50/65/80/95 (+20% Ability Power) magic damage to nearby enemies, and reduces the duration of disables on Dr. Mundo by 10/15/20/25/30%.', '10/15/20/25/30 Health Per Sec', '4', '325', 3, 19);
INSERT INTO `mydb`.`ABILITES` (`ability_id`, `ABILITIY`, `Description`, `Cost`, `Cooldown`, `Ability_Range`, `ABILITIES_TYPE_abilities_type_id`, `CHAMPIONS_champion_id`) VALUES (94, 'Masochism', 'Masochism increases Dr. Mundo\'s Attack Damage by a flat amount for 5 seconds. In addition, Dr. Mundo also gains an additional amount of Attack Damage for each percentage of Health he is missing.Increases Attack Damage by 40/55/70/85/100 for 5 seconds. Dr. Mundo gains an additional +0.4/0.55/0.7/0.85/1 Attack Damage for each percentage of Health he is missing.', '25/35/45/55/65 Health', '7', 'N/A', 4, 19);
INSERT INTO `mydb`.`ABILITES` (`ability_id`, `ABILITIY`, `Description`, `Cost`, `Cooldown`, `Ability_Range`, `ABILITIES_TYPE_abilities_type_id`, `CHAMPIONS_champion_id`) VALUES (95, 'Sadism', 'Dr. Mundo sacrifices a portion of his Health for increased Movement Speed and drastically increased Health Regeneration.Dr. Mundo regenerates 40/50/60% of his maximum Health over 12 seconds. Additionally, he gains 15/25/35% Movement Speed.', ' 20% of Current Health ', '35', 'N/A', 5, 19);
INSERT INTO `mydb`.`ABILITES` (`ability_id`, `ABILITIY`, `Description`, `Cost`, `Cooldown`, `Ability_Range`, `ABILITIES_TYPE_abilities_type_id`, `CHAMPIONS_champion_id`) VALUES (96, 'League of Draven', 'Draven gains his fans\' Adoration when he catches a Spinning Axe or kills a minion, monster, or tower. Killing enemy champions grants Draven bonus gold based on how much Adoration he has.', 'N/A', 'N/A', 'N/A', 1, 20);
INSERT INTO `mydb`.`ABILITES` (`ability_id`, `ABILITIY`, `Description`, `Cost`, `Cooldown`, `Ability_Range`, `ABILITIES_TYPE_abilities_type_id`, `CHAMPIONS_champion_id`) VALUES (97, 'Spinning Axe', 'Draven\'s next attack will deal bonus physical damage. This axe will ricochet off the target high up into the air. If Draven catches it, he automatically readies another Spinning Axe. Draven can have two Spinning Axes at once.Draven\'s next attack will deal 45/55/65/75/85% Attack Damage bonus physical damage. The bonus is equal to 45/55/65/75/85% of his total Attack Damage.This axe will ricochet off the target high up into the air. If Draven catches it, he automatically readies another Spinning Axe.Draven can have two Spinning Axes at once.', '45 Mana', '12 / 11 / 10 / 9 / 8', 'N/A', 2, 20);
INSERT INTO `mydb`.`ABILITES` (`ability_id`, `ABILITIY`, `Description`, `Cost`, `Cooldown`, `Ability_Range`, `ABILITIES_TYPE_abilities_type_id`, `CHAMPIONS_champion_id`) VALUES (98, 'Blood Rush', 'Draven gains increased Movement Speed and Attack Speed. The Movement Speed bonus decreases rapidly over its duration. Catching a Spinning Axe will refresh the cooldown of Blood Rush.Draven gains 40/45/50/55/60% increased Movement Speed for 1.5 seconds and 20/25/30/35/40% increased Attack Speed for 3 seconds. The Movement Speed bonus decreases rapidly over its duration.Catching a Spinning Axe will refresh the cooldown of Blood Rush.', '40 Mana', '12', 'N/A', 3, 20);
INSERT INTO `mydb`.`ABILITES` (`ability_id`, `ABILITIY`, `Description`, `Cost`, `Cooldown`, `Ability_Range`, `ABILITIES_TYPE_abilities_type_id`, `CHAMPIONS_champion_id`) VALUES (99, 'Stand Aside', 'Draven throws his axes, dealing physical damage to targets hit and knocking them aside. Targets hit are slowed.Draven throws his axes, dealing 70/105/140/175/210 (+50% bonus Attack Damage) physical damage to targets hit and knocking them aside. Targets hit are slowed by 20/25/30/35/40% for 2 seconds.', '70 Mana', '18 / 17 / 16 / 15 / 14', '1050', 4, 20);
INSERT INTO `mydb`.`ABILITES` (`ability_id`, `ABILITIY`, `Description`, `Cost`, `Cooldown`, `Ability_Range`, `ABILITIES_TYPE_abilities_type_id`, `CHAMPIONS_champion_id`) VALUES (100, 'Whirling Death', 'Draven hurls two massive axes to deal physical damage to each unit struck. Whirling Death slowly reverses direction and returns to Draven after striking an enemy champion. Draven may also activate this ability while the axes are in flight to cause it to return early. Deals less damage for each unit hit and resets when the axes reverse direction.Draven hurls two massive axes to deal 175/275/375 (+110% bonus Attack Damage) physical damage to each unit struck.Whirling Death slowly reverses direction and returns to Draven after striking an enemy champion. Draven may also activate this ability while the axes are in flight to cause it to return early. Deals 8% less damage for each unit hit (Minimum 40%) and resets when the axes reverse direction.', '120 Mana', '110 / 100 / 90', '20000', 5, 20);
INSERT INTO `mydb`.`ABILITES` (`ability_id`, `ABILITIY`, `Description`, `Cost`, `Cooldown`, `Ability_Range`, `ABILITIES_TYPE_abilities_type_id`, `CHAMPIONS_champion_id`) VALUES (101, 'Spider Swarm', 'Human Form: When Elise\'s spells hit an enemy, she readies a Spiderling.Spider Form: Elise summons her Spiderlings to attack nearby foes.', 'N/A', 'N/A', 'N/A', 1, 21);
INSERT INTO `mydb`.`ABILITES` (`ability_id`, `ABILITIY`, `Description`, `Cost`, `Cooldown`, `Ability_Range`, `ABILITIES_TYPE_abilities_type_id`, `CHAMPIONS_champion_id`) VALUES (102, 'Neurotoxin', 'Deals Magic Damage equal to 40/75/110/145/180 plus 8% (+[3% Ability Power]%) of the target\'s current Health. Max 75/100/125/150/175 bonus damage to monsters.', '80/85/90/95/100 Mana', '6', '625', 2, 21);
INSERT INTO `mydb`.`ABILITES` (`ability_id`, `ABILITIY`, `Description`, `Cost`, `Cooldown`, `Ability_Range`, `ABILITIES_TYPE_abilities_type_id`, `CHAMPIONS_champion_id`) VALUES (103, 'Venomous Bite', 'Lunges to a target with a poisonous bite that deals Magic Damage equal to 60/100/140/180/220 plus 8% (+[3% Ability Power]%) of the target\'s missing Health. Max 75/100/125/150/175 bonus damage to monsters.', 'N/A', '6', '475', 2, 21);
INSERT INTO `mydb`.`ABILITES` (`ability_id`, `ABILITIY`, `Description`, `Cost`, `Cooldown`, `Ability_Range`, `ABILITIES_TYPE_abilities_type_id`, `CHAMPIONS_champion_id`) VALUES (104, 'Volatile Spiderling', 'Summons a venom-gorged Spiderling that moves to target location and explodes, dealing 75/125/175/225/275 (+80% Ability Power) Magic Damage when it nears an enemy or after 3 seconds.', '60/70/80/90/100 Mana', '12', '950', 3, 21);
INSERT INTO `mydb`.`ABILITES` (`ability_id`, `ABILITIY`, `Description`, `Cost`, `Cooldown`, `Ability_Range`, `ABILITIES_TYPE_abilities_type_id`, `CHAMPIONS_champion_id`) VALUES (105, 'Skittering Frenzy', 'Passive: Spiderlings gain 5/10/15/20/25% Attack Speed.Active: Increases Attack Speed by 60/80/100/120/140% for Elise and her Spiderlings for 3 seconds. While active, Elise is healed for 4 (+4% Ability Power) Health when she or her Spiderlings attack.', 'N/A', '12', 'N/A', 3, 21);
INSERT INTO `mydb`.`ABILITES` (`ability_id`, `ABILITIY`, `Description`, `Cost`, `Cooldown`, `Ability_Range`, `ABILITIES_TYPE_abilities_type_id`, `CHAMPIONS_champion_id`) VALUES (106, 'Cocoon', 'Stuns the first enemy hit for 1/1.25/1.5/1.75/2 seconds and reveals them if they are not stealthed.', '50 Mana', '14 / 13 / 12 / 11 / 10', '1075', 4, 21);
INSERT INTO `mydb`.`ABILITES` (`ability_id`, `ABILITIY`, `Description`, `Cost`, `Cooldown`, `Ability_Range`, `ABILITIES_TYPE_abilities_type_id`, `CHAMPIONS_champion_id`) VALUES (107, 'Rappel', 'Ascends into the air, briefly becoming untargetable, and then descends upon an enemy.On Enemy Cast: Elise and her Spiderlings lift up into the air and then descend upon the target enemy.On Ground Cast: Elise and her Spiderlings lift up into the air, becoming untargetable for 2 seconds. She can then cast Rappel again to descend upon a nearby enemy.', 'N/A', '26 / 23 / 20 / 17 / 14', '750', 4, 21);
INSERT INTO `mydb`.`ABILITES` (`ability_id`, `ABILITIY`, `Description`, `Cost`, `Cooldown`, `Ability_Range`, `ABILITIES_TYPE_abilities_type_id`, `CHAMPIONS_champion_id`) VALUES (108, 'Spider Form', 'Transforms into a menacing spider with new abilities. While in Spider Form, Elise deals bonus Magic Damage on attack and has increased Movement Speed.Elise transforms into a menacing spider, granting access to arachnid abilities.Spider Form: Elise deals 10/20/30/40 (+30% Ability Power) bonus Magic Damage per attack and gains 25 Movement Speed.Spiderlings: Spiderlings deal 10/20/30/40 (+10% Ability Power) damage and take 20% reduced damage from multi-target abilities. Max 2/3/4/5 Spiderlings.', 'N/A', '4', 'N/A', 5, 21);
INSERT INTO `mydb`.`ABILITES` (`ability_id`, `ABILITIY`, `Description`, `Cost`, `Cooldown`, `Ability_Range`, `ABILITIES_TYPE_abilities_type_id`, `CHAMPIONS_champion_id`) VALUES (109, 'Human Form', 'Transforms into Human Form, removing Spider Form bonuses but granting the ability to generate new Spiderlings by casting spells.Transforms Elise into her Human Form, granting access to regular abilities.Spider Form: Elise deals 10/20/30/40 (+30% Ability Power) bonus Magic Damage per attack and gains 25 Movement Speed.Spiderlings: Spiderlings deal 10/20/30/40 (+10% Ability Power) damage and take 20% reduced damage from multi-target abilities. Max 2/3/4/5 Spiderlings.', 'N/A', '4', 'N/A', 5, 21);
INSERT INTO `mydb`.`ABILITES` (`ability_id`, `ABILITIY`, `Description`, `Cost`, `Cooldown`, `Ability_Range`, `ABILITIES_TYPE_abilities_type_id`, `CHAMPIONS_champion_id`) VALUES (110, 'Shadow Walk', 'When out of combat, Evelynn enters stealth only being able to be seen by nearby enemy champions or true sight. While stealthed, she rapidly regenerates Mana.', 'N/A', 'N/A', '700', 1, 22);
INSERT INTO `mydb`.`ABILITES` (`ability_id`, `ABILITIY`, `Description`, `Cost`, `Cooldown`, `Ability_Range`, `ABILITIES_TYPE_abilities_type_id`, `CHAMPIONS_champion_id`) VALUES (111, 'Hate Spike', 'Evelynn fires a line of spikes through an enemy, dealing damage to all enemies in its path.Evelynn fires a line of spikes through a nearby enemy dealing 30/45/60/75/90 (+0) (+40% bonus Attack Damage) magic damage to all enemies in its path.Hate Spike prioritizes the target Evelynn is attacking.', '12/18/24/30/36 Mana ', '1.5', '500', 2, 22);
INSERT INTO `mydb`.`ABILITES` (`ability_id`, `ABILITIY`, `Description`, `Cost`, `Cooldown`, `Ability_Range`, `ABILITIES_TYPE_abilities_type_id`, `CHAMPIONS_champion_id`) VALUES (112, 'Dark Frenzy', 'Evelynn passively increases her Movement Speed when hitting enemy champions with her spells. Upon activation, Evelynn breaks free from slows affecting her and gains a massive Movement Speed boost for a short duration.Active: Evelynn removes all slows affecting her and gains 30/40/50/60/70% Movement Speed for 3 seconds.Passive: Evelynn\'s spell hits on enemy champions reduce Dark Frenzy\'s cooldown by 1 second.Champion kills and assists refresh Dark Frenzy\'s cooldown.', 'N/A', '15', 'N/A', 3, 22);
INSERT INTO `mydb`.`ABILITES` (`ability_id`, `ABILITIY`, `Description`, `Cost`, `Cooldown`, `Ability_Range`, `ABILITIES_TYPE_abilities_type_id`, `CHAMPIONS_champion_id`) VALUES (113, 'Ravage', 'Evelynn slashes her target twice, dealing damage with each hit. She then gains increased Attack Speed for a short duration.Evelynn swiftly attacks a target 2 times (applies on-hit effects), dealing a total of 70/110/150/190/230 (+100% Ability Power) (+40% bonus Attack Damage) physical damage.Evelynn then gains 60/75/90/105/120% Attack Speed for 3 seconds.', '50/55/60/65/70 Mana ', '9', '225', 4, 22);
INSERT INTO `mydb`.`ABILITES` (`ability_id`, `ABILITIY`, `Description`, `Cost`, `Cooldown`, `Ability_Range`, `ABILITIES_TYPE_abilities_type_id`, `CHAMPIONS_champion_id`) VALUES (114, 'Agony\'s Embrace', 'Evelynn impales all enemy units in target 250-radius area, dealing magic damage equal to a percentage of their current health and Slow icon slowing their movement speed for 2 seconds.', '100 Mana', '150 / 120 / 90', '650', 5, 22);
INSERT INTO `mydb`.`ABILITES` (`ability_id`, `ABILITIY`, `Description`, `Cost`, `Cooldown`, `Ability_Range`, `ABILITIES_TYPE_abilities_type_id`, `CHAMPIONS_champion_id`) VALUES (115, 'Rising Spell Force', 'Hitting a target with any of Ezreal\'s abilities increases his Attack Speed by 10% for 6 seconds (effect stacks up to 5 times)', 'N/A', 'N/A', 'N/A', 1, 23);
INSERT INTO `mydb`.`ABILITES` (`ability_id`, `ABILITIY`, `Description`, `Cost`, `Cooldown`, `Ability_Range`, `ABILITIES_TYPE_abilities_type_id`, `CHAMPIONS_champion_id`) VALUES (116, 'Mystic Shot', 'Ezreal fires a fluctuating wave of energy, dealing magic damage to enemy champions, while increasing the Attack Speed of allied champions.Ezreal fires a wave of energy that damages all enemy champions it passes through for 70/115/160/205/250 (+80% Ability Power) magic damage. If Ezreal or his Allied champions are hit by the wave, their Attack Speed is increased by 20/25/30/35/40% for 5 seconds.', '28/31/34/37/40 Mana ', '6 / 5.5 / 5 / 4.5 / 4', '1150', 2, 23);
INSERT INTO `mydb`.`ABILITES` (`ability_id`, `ABILITIY`, `Description`, `Cost`, `Cooldown`, `Ability_Range`, `ABILITIES_TYPE_abilities_type_id`, `CHAMPIONS_champion_id`) VALUES (117, 'Essence Flux', 'Ezreal fires a fluctuating wave of energy, dealing magic damage to enemy champions, while increasing the Attack Speed of allied champions.Ezreal fires a wave of energy that damages all enemy champions it passes through for 70/115/160/205/250 (+80% Ability Power) magic damage. If Ezreal or his Allied champions are hit by the wave, their Attack Speed is increased by 20/25/30/35/40% for 5 seconds.', '50/60/70/80/90 Mana', '9', '1000', 3, 23);
INSERT INTO `mydb`.`ABILITES` (`ability_id`, `ABILITIY`, `Description`, `Cost`, `Cooldown`, `Ability_Range`, `ABILITIES_TYPE_abilities_type_id`, `CHAMPIONS_champion_id`) VALUES (118, 'Arcane Shift', 'Ezreal teleports to a target nearby location and fires a homing bolt which strikes the nearest enemy unit.Ezreal teleports to a target nearby location and fires a homing bolt at the nearest enemy unit, dealing 75/125/175/225/275 (+75% Ability Power) magic damage.', '90 Mana', '19 / 17 / 15 / 13 / 11', '475', 4, 23);
INSERT INTO `mydb`.`ABILITES` (`ability_id`, `ABILITIY`, `Description`, `Cost`, `Cooldown`, `Ability_Range`, `ABILITIES_TYPE_abilities_type_id`, `CHAMPIONS_champion_id`) VALUES (119, 'Trueshot Barrage', 'Ezreal channels for 1 second to fire a powerful barrage of energy missiles which do massive damage to each unit they pass through (deals 10% less damage to each unit it passes through).Ezreal channels for 1 second to fire a barrage of missiles dealing 350/500/650 (+100% bonus Attack Damage) (+90% Ability Power) magic damage to each unit it passes through. However, it deals 10% less damage for each unit it hits (minimum 30%).', '100 Mana', '80', '20000', 5, 23);
INSERT INTO `mydb`.`ABILITES` (`ability_id`, `ABILITIY`, `Description`, `Cost`, `Cooldown`, `Ability_Range`, `ABILITIES_TYPE_abilities_type_id`, `CHAMPIONS_champion_id`) VALUES (120, 'Dread', 'Fiddlesticks\' spells reduce the Magic Resistance of his targets.', 'N/A', 'N/A', 'N/A', 1, 24);
INSERT INTO `mydb`.`ABILITES` (`ability_id`, `ABILITIY`, `Description`, `Cost`, `Cooldown`, `Ability_Range`, `ABILITIES_TYPE_abilities_type_id`, `CHAMPIONS_champion_id`) VALUES (121, 'Terrify', 'Strikes a target unit with fear, causing it to flee in terror for a duration.Strikes a target enemy unit with fear, applying Dread and causing it to flee in terror for 1.25/1.5/1.75/2/2.25 seconds.', '65 Mana', '15 / 14 / 13 / 12 / 11', '575', 2, 24);
INSERT INTO `mydb`.`ABILITES` (`ability_id`, `ABILITIY`, `Description`, `Cost`, `Cooldown`, `Ability_Range`, `ABILITIES_TYPE_abilities_type_id`, `CHAMPIONS_champion_id`) VALUES (122, 'Drain', 'Fiddlesticks saps the life force of an enemy, dealing damage to a target over time and healing himself.Deals 60/90/120/150/180 (+45% Ability Power) magic damage each second to target unit and heals Fiddlesticks for 60/65/70/75/80% of the damage dealt. Lasts up to 5 seconds.', '80/90/100/110/120 Mana', '10 / 9 / 8 / 7 / 6', '575', 3, 24);
INSERT INTO `mydb`.`ABILITES` (`ability_id`, `ABILITIY`, `Description`, `Cost`, `Cooldown`, `Ability_Range`, `ABILITIES_TYPE_abilities_type_id`, `CHAMPIONS_champion_id`) VALUES (123, 'Dark Wind', 'A wisp of wind strikes an enemy unit and then bounces to nearby enemy units, dealing damage and silencing the victims.Fires a missile at the targeted enemy that deals 65/85/105/125/145 (+45% Ability Power) magic damage and silences for 1.25 seconds before bouncing to a new target (deals 150% damage to minions and monsters).Dark Wind can bounce up to 5 times and will prioritize enemies it has not yet hit. Targets can be hit multiple times but will only be silenced once.', '50/70/90/110/130 Mana', '15 / 14 / 13 / 12 / 11', '750', 4, 24);
INSERT INTO `mydb`.`ABILITES` (`ability_id`, `ABILITIY`, `Description`, `Cost`, `Cooldown`, `Ability_Range`, `ABILITIES_TYPE_abilities_type_id`, `CHAMPIONS_champion_id`) VALUES (124, 'Crowstorm', 'A murder of crows flock wildly around Fiddlesticks, dealing damage each second to all enemy units in the area.A murder of crows flock wildly around Fiddlesticks for 5 seconds, dealing 125/225/325 (+45% Ability Power) magic damage each second to all enemy units in the area. This has a 1.5 second channel duration and teleports Fiddlesticks to target location.', '100 Mana', '150 / 140 / 130', '800', 5, 24);
INSERT INTO `mydb`.`ABILITES` (`ability_id`, `ABILITIY`, `Description`, `Cost`, `Cooldown`, `Ability_Range`, `ABILITIES_TYPE_abilities_type_id`, `CHAMPIONS_champion_id`) VALUES (125, 'Duelist', 'Fiora regenerates Health over 6 seconds each time she deals damage. Striking champions will cause this effect to stack up to 4 times.', 'N/A', 'N/A', 'N/A', 1, 25);
INSERT INTO `mydb`.`ABILITES` (`ability_id`, `ABILITIY`, `Description`, `Cost`, `Cooldown`, `Ability_Range`, `ABILITIES_TYPE_abilities_type_id`, `CHAMPIONS_champion_id`) VALUES (126, 'Lunge', 'Fiora dashes forward to strike her target, dealing physical damage. Fiora can perform the dash a second time within a couple seconds at no Mana cost.', '60 Mana', '16 / 14 / 12 / 10 / 8', '600', 2, 25);
INSERT INTO `mydb`.`ABILITES` (`ability_id`, `ABILITIY`, `Description`, `Cost`, `Cooldown`, `Ability_Range`, `ABILITIES_TYPE_abilities_type_id`, `CHAMPIONS_champion_id`) VALUES (127, 'Riposte', 'Fiora\'s Attack Damage is increased. When activated, Fiora parries the next basic attack and reflects magic damage back to the attacker. Works against champions, large monsters and large minions.Passive: Fiora\'s Attack Damage is increased by 15/20/25/30/35.Active: Fiora parries the next basic attack within 1.5 seconds and reflects 60/110/160/210/260 (+100% Ability Power) magic damage back to the attacker. Works against champions, large monsters, and large minions.', '45 Mana', '10 / 9 / 8 / 7 / 6', 'N/A', 3, 25);
INSERT INTO `mydb`.`ABILITES` (`ability_id`, `ABILITIY`, `Description`, `Cost`, `Cooldown`, `Ability_Range`, `ABILITIES_TYPE_abilities_type_id`, `CHAMPIONS_champion_id`) VALUES (128, 'Burst of Speed', 'Fiora temporarily gains additional Attack Speed. Each basic attack or Lunge she lands during this time increases her Movement Speed. Killing a champion refreshes the cooldown on Burst of Speed.Fiora gains 60/75/90/105/120% additional Attack Speed for 3 seconds. Each basic attack or Lunge she lands during this time increases her Movement Speed by 7/9/11/13/15% for 3 seconds, stacking up to 3 times.Killing a champion refreshes the cooldown on Burst of Speed. (Assists reduce the cooldown by half of the base amount.)', '55 Mana', '15 / 14 / 13 / 12 / 11', 'N/A', 4, 25);
INSERT INTO `mydb`.`ABILITES` (`ability_id`, `ABILITIY`, `Description`, `Cost`, `Cooldown`, `Ability_Range`, `ABILITIES_TYPE_abilities_type_id`, `CHAMPIONS_champion_id`) VALUES (129, 'Blade Waltz', 'Fiora dashes around the battlefield to deal physical damage to enemy champions. Successive strikes against the same target deal less damage.Fiora dashes around the battlefield striking random champions 5 times for 125/255/385 (+120% bonus Attack Damage) physical damage. Successive strikes against the same target deal 40% damage.The first and last attack will be against the same target. Each strike applies on-hit effects.', '100 Mana', '130 / 120 / 110', '400', 5, 25);
INSERT INTO `mydb`.`ABILITES` (`ability_id`, `ABILITIY`, `Description`, `Cost`, `Cooldown`, `Ability_Range`, `ABILITIES_TYPE_abilities_type_id`, `CHAMPIONS_champion_id`) VALUES (130, 'Nimble Fighter', 'Fizz\'s dexterity allows him to move through units and take less physical damage from basic attacks.', 'N/A', 'N/A', 'N/A', 1, 26);
INSERT INTO `mydb`.`ABILITES` (`ability_id`, `ABILITIY`, `Description`, `Cost`, `Cooldown`, `Ability_Range`, `ABILITIES_TYPE_abilities_type_id`, `CHAMPIONS_champion_id`) VALUES (131, 'Urchin Strike', 'Fizz strikes his target and runs them through, dealing magic damage and applying on hit effects.Fizz dashes through his target, dealing normal attack damage plus 10/25/40/55/70 (+30% Ability Power) magic damage. This ability can trigger on-hit effects.', ' 50/55/60/65/70 Mana', '10 / 9 / 8 / 7 / 6', '550', 2, 26);
INSERT INTO `mydb`.`ABILITES` (`ability_id`, `ABILITIY`, `Description`, `Cost`, `Cooldown`, `Ability_Range`, `ABILITIES_TYPE_abilities_type_id`, `CHAMPIONS_champion_id`) VALUES (132, 'Seastone Trident', 'Fizz\'s attacks passively rend his enemies, dealing magic damage over several seconds. When activated, for a short duration, Fizz\'s attacks deal additional magic damage based on the target\'s missing Health.Passive: Fizz\'s attacks rend his enemies, dealing 20/30/40/50/60 (+45% Ability Power) magic damage over 3 seconds.Active: For 5 seconds, Fizz\'s attacks deal an additional 10/20/30/40/50 plus 4/5/6/7/8% of the target\'s missing Health as magic damage on hit.', '40 Mana', '10', 'N/A', 3, 26);
INSERT INTO `mydb`.`ABILITES` (`ability_id`, `ABILITIY`, `Description`, `Cost`, `Cooldown`, `Ability_Range`, `ABILITIES_TYPE_abilities_type_id`, `CHAMPIONS_champion_id`) VALUES (133, 'Playful / Trickster', 'Fizz hops into the air, landing gracefully upon his spear and becoming untargetable. From this position, Fizz can either slam the ground or choose to jump again before smashing back down.Fizz hops toward your cursor onto his spear, becoming untargetable, and then slams the ground dealing 70/120/170/220/270 (+75% Ability Power) magic damage to nearby enemies and slowing them by 40/45/50/55/60% for 2 seconds.Reactivating this ability while Fizz is on top of his spear causes Fizz to jump again towards your cursor and deal 70/120/170/220/270 (+75% Ability Power) magic damage in a smaller area to enemies nearby, instead of slamming the ground.', '90/100/110/120/130 Mana', '16 / 14 / 12 / 10 / 8', '400', 4, 26);
INSERT INTO `mydb`.`ABILITES` (`ability_id`, `ABILITIY`, `Description`, `Cost`, `Cooldown`, `Ability_Range`, `ABILITIES_TYPE_abilities_type_id`, `CHAMPIONS_champion_id`) VALUES (134, 'Chum the Waters', 'Fizz releases a magical fish toward a location that attaches to any champion that touches it, slowing the target and amplifying all of Fizz\'s damage to them (except for Chum the Waters). After a short delay, a shark erupts from the ground, knocking up the target and knocking any nearby enemies aside. All enemies hit are dealt magic damage and slowed.Fizz releases a magical fish toward a location attaching to any champion that walks over it, slowing their movement by 50/60/70% and amplifying damage by Fizz (except Chum the Waters) to the target by 20% for 6 seconds. After 1.5 seconds, a shark erupts from the ground, knocking up the target and knocking other enemies aside dealing 200/325/450 (+100% Ability Power) magic damage and reducing their Movement Speed by 50/60/70% for 1.5 seconds.', '100 Mana', '100 / 85 / 70', '1275', 5, 26);
INSERT INTO `mydb`.`ABILITES` (`ability_id`, `ABILITIY`, `Description`, `Cost`, `Cooldown`, `Ability_Range`, `ABILITIES_TYPE_abilities_type_id`, `CHAMPIONS_champion_id`) VALUES (135, 'Runic Skin', 'Galio converts 50% of his total Magic Resistance into Ability Power.', 'N/A', 'N/A', 'N/A', 1, 27);
INSERT INTO `mydb`.`ABILITES` (`ability_id`, `ABILITIY`, `Description`, `Cost`, `Cooldown`, `Ability_Range`, `ABILITIES_TYPE_abilities_type_id`, `CHAMPIONS_champion_id`) VALUES (136, 'Resolute Smite', 'Galio fires a concussive blast from his eyes, slowing and dealing damage to enemies caught near the impact point.Galio fires a concussive blast from his eyes, dealing 80/135/190/245/300 (+60% Ability Power) magic damage to enemies near the impact location, and reducing their Movement Speed by 24/28/32/36/40% for 2.5 seconds.', '60/65/70/75/80 Mana ', '7', '940', 2, 27);
INSERT INTO `mydb`.`ABILITES` (`ability_id`, `ABILITIY`, `Description`, `Cost`, `Cooldown`, `Ability_Range`, `ABILITIES_TYPE_abilities_type_id`, `CHAMPIONS_champion_id`) VALUES (137, 'Bulwark', 'Galio shields an ally Champion, increasing their Armor and Magic Resistance, and restoring Galio\'s Health each time that Champion suffers damage.Galio shields a friendly champion for 4 seconds, increasing their Armor and Magic Resistance by 30/45/60/75/90. Each time the unit suffers damage, Galio is healed for 25/40/55/70/85 (+30% Ability Power). (-20% healing for each consecutive hit)', '60 Mana', '13', '800', 3, 27);
INSERT INTO `mydb`.`ABILITES` (`ability_id`, `ABILITIY`, `Description`, `Cost`, `Cooldown`, `Ability_Range`, `ABILITIES_TYPE_abilities_type_id`, `CHAMPIONS_champion_id`) VALUES (138, 'Righteous Gust', 'Galio claps his wings, unleashing a gust of concussive wind that damages enemies and leaves a directional draft in its wake that increases ally Movement Speed.Galio unleashes a gust of concussive wind that deals 60/105/150/195/240 (+50% Ability Power) magic damage to all enemies in its path. A directional draft remains for 5 seconds, increasing the Movement Speed of allies passing through it by 20/28/36/44/52%.', '70/75/80/85/90 Mana', '13 / 12 / 11 / 10 / 9', '1180', 4, 27);
INSERT INTO `mydb`.`ABILITES` (`ability_id`, `ABILITIY`, `Description`, `Cost`, `Cooldown`, `Ability_Range`, `ABILITIES_TYPE_abilities_type_id`, `CHAMPIONS_champion_id`) VALUES (139, 'Idol of Durand', 'Galio assumes the form of a statue, taunting nearby enemies and storing concussive energy as they attack him. Galio then bursts from his statue shell, releasing the stored energy to damage surrounding foes.Galio channels for 2 seconds, taunting nearby foes and blocking 50% of incoming damage.After channeling, Galio deals 220/330/440 (+60% Ability Power) magic damage to surrounding enemies, plus an additional 5% damage for each attack he suffered while channeling. Max 40% bonus damage.', '100 Mana', '150 / 135 / 120', '560', 5, 27);
INSERT INTO `mydb`.`ABILITES` (`ability_id`, `ABILITIY`, `Description`, `Cost`, `Cooldown`, `Ability_Range`, `ABILITIES_TYPE_abilities_type_id`, `CHAMPIONS_champion_id`) VALUES (140, 'Grog-Soaked Blade', 'Gangplank\'s basic attacks and Parrrley apply a poison that deals magic damage each second and slows Movement Speed. Lasts 3 seconds and stacks up to 3 times.', 'N/A', 'N/A', 'N/A', 1, 28);
INSERT INTO `mydb`.`ABILITES` (`ability_id`, `ABILITIY`, `Description`, `Cost`, `Cooldown`, `Ability_Range`, `ABILITIES_TYPE_abilities_type_id`, `CHAMPIONS_champion_id`) VALUES (141, 'Parrrley', 'Gangplank takes aim and shoots an enemy unit with his pistol.If Parrrley deals a killing blow, he gains extra gold and half the Mana cost is refunded.Gangplank shoots a target unit for 20/45/70/95/120 (+100% Attack Damage) physical damage.If Parrrley deals a killing blow, Gangplank gains 4/5/6/7/8 extra gold and half the Mana cost is refunded.Parrrley can crit and applies on hit effects as if a melee basic attack.', '50/55/60/65/70 Mana', '5', '625', 2, 281);
INSERT INTO `mydb`.`ABILITES` (`ability_id`, `ABILITIY`, `Description`, `Cost`, `Cooldown`, `Ability_Range`, `ABILITIES_TYPE_abilities_type_id`, `CHAMPIONS_champion_id`) VALUES (142, 'Remove Scurvy', 'Consumes a large quantity of citrus fruit which clears any crowd control effects on him and heals him.Consumes a large quantity of citrus fruit which clears any crowd control effects on him and heals him for 80/150/220/290/360 (+100% Ability Power) Health.', '65 Mana', '22 / 21 / 20 / 19 / 18', 'N/A', 3, 28);
INSERT INTO `mydb`.`ABILITES` (`ability_id`, `ABILITIY`, `Description`, `Cost`, `Cooldown`, `Ability_Range`, `ABILITIES_TYPE_abilities_type_id`, `CHAMPIONS_champion_id`) VALUES (143, 'Raise Morale', 'Gangplank fires a shot into the air, increasing nearby allied champions\' Attack Damage and Movement Speed.Passive: Gangplank gains 8/10/12/14/16 Attack Damage and 3/4/5/6/7% Movement Speed.Active: Gangplank fires his pistol into the air, disabling his passive boost but increasing his Attack Damage by 12/19/26/33/40 and Movement Speed by 8/11/14/17/20% and nearby allied champions\' Attack Damage and Movement Speed by half that amount for 7 seconds.', '50/55/60/65/70 Mana', '20', '1300', 4, 28);
INSERT INTO `mydb`.`ABILITES` (`ability_id`, `ABILITIY`, `Description`, `Cost`, `Cooldown`, `Ability_Range`, `ABILITIES_TYPE_abilities_type_id`, `CHAMPIONS_champion_id`) VALUES (144, 'Cannon Barrage', 'Gangplank signals his ship to fire upon an area, slowing enemies and dealing damage within the area.Signals Gangplank\'s ship to fire upon an area for 7 seconds, slowing enemies in the area by 25%. Waves of cannonballs rain upon the area, dealing 75/120/165 (+20% Ability Power) magic damage per second.', '100 Mana ', '125 / 110 / 95', '30000', 5, 28);
INSERT INTO `mydb`.`ABILITES` (`ability_id`, `ABILITIY`, `Description`, `Cost`, `Cooldown`, `Ability_Range`, `ABILITIES_TYPE_abilities_type_id`, `CHAMPIONS_champion_id`) VALUES (145, 'Perseverance', 'If Garen has not been struck by damage or enemy abilities for the last 10 seconds, Garen regenerates 0.4% of his maximum Health each second. Minion damage does not stop Perseverance.', 'N/A', 'N/A', 'N/A', 1, 29);
INSERT INTO `mydb`.`ABILITES` (`ability_id`, `ABILITIY`, `Description`, `Cost`, `Cooldown`, `Ability_Range`, `ABILITIES_TYPE_abilities_type_id`, `CHAMPIONS_champion_id`) VALUES (146, 'Decisive Strike', 'Garen gains a burst of Movement Speed, breaking free of all slows affecting him and his next attack strikes a vital area of his foe, dealing bonus damage and silencing them.Garen breaks free from all slows affecting him and gains 35% Movement Speed for 1.5/2.25/3/3.75/4.5 seconds.His next basic attack within 4.5 seconds deals 30/55/80/105/130 (+140% Attack Damage) physical damage and silences his target for 1.5/1.75/2/2.25/2.5 seconds.', 'N/A', '8', 'N/A', 2, 29);
INSERT INTO `mydb`.`ABILITES` (`ability_id`, `ABILITIY`, `Description`, `Cost`, `Cooldown`, `Ability_Range`, `ABILITIES_TYPE_abilities_type_id`, `CHAMPIONS_champion_id`) VALUES (147, 'Courage', 'Garen passively increases his Armor and Magic Resist. He may also activate this ability to grant himself a shield that reduces incoming damage and crowd control durations for a short time.Passive: Garen gains an additional 20% value from bonus Armor and Magic Resist.Active: Garen gains a defensive shield for 2/3/4/5/6 seconds, reducing incoming damage by 30% and granting 30% crowd control duration reduction.', 'N/A', '24 / 23 / 22 / 21 / 20', 'N/A', 3, 29);
INSERT INTO `mydb`.`ABILITES` (`ability_id`, `ABILITIY`, `Description`, `Cost`, `Cooldown`, `Ability_Range`, `ABILITIES_TYPE_abilities_type_id`, `CHAMPIONS_champion_id`) VALUES (148, 'Judgement', 'Garen performs a dance of death with his sword, dealing damage around him for the duration.Garen rapidly spins his sword around his body for 3 seconds, dealing 20/45/70/95/120 plus 70/80/90/100/110% of his attack as physical damage to nearby enemies every second. Garen can move through units while spinning but moves 20% slower when travelling through minions and monsters.Judgment can critically strike dealing bonus damage.Judgment deals 25% less damage to minions.', 'N/A', '13 / 12 / 11 / 10 / 9', '325', 4, 29);
INSERT INTO `mydb`.`ABILITES` (`ability_id`, `ABILITIY`, `Description`, `Cost`, `Cooldown`, `Ability_Range`, `ABILITIES_TYPE_abilities_type_id`, `CHAMPIONS_champion_id`) VALUES (149, 'Demacian Justice', 'Garen calls upon the might of Demacia to deal a finishing blow to an enemy champion that deals damage based upon how much Health his target has missing.Garen calls upon the might of Demacia to attempt to execute an enemy champion, dealing 175/350/525 magic damage plus 1 damage for every 3.5/3/2.5 Health the target is missing.', 'N/A', '120 / 100 / 80', '400', 5, 29);
INSERT INTO `mydb`.`ABILITES` (`ability_id`, `ABILITIY`, `Description`, `Cost`, `Cooldown`, `Ability_Range`, `ABILITIES_TYPE_abilities_type_id`, `CHAMPIONS_champion_id`) VALUES (150, 'Rage Gene', 'While in combat Gnar generates Rage. At maximum Rage his next ability will transform him into Mega Gnar, granting increased survivability and access to new spells.', 'N/A', 'N/A', 'N/A', 1, 30);
INSERT INTO `mydb`.`ABILITES` (`ability_id`, `ABILITIY`, `Description`, `Cost`, `Cooldown`, `Ability_Range`, `ABILITIES_TYPE_abilities_type_id`, `CHAMPIONS_champion_id`) VALUES (151, 'Boomerang Throw', 'Gnar throws a boomerang that damages and slows enemies it hits before returning to him. If he catches the boomerang its cooldown is reduced.Throws a boomerang that deals 5/35/65/95/125 (+115% Attack Damage) physical damage and slows enemies by 15/20/25/30/35% for 2 seconds. The boomerang returns towards Gnar after hitting an enemy, dealing 50% damage to subsequent targets. Each enemy can only be hit once. Catching the boomerang reduces its cooldown by [0]%.', 'N/A', '20 / 17.5 / 15 / 12.5 / 10', '1100', 2, 30);
INSERT INTO `mydb`.`ABILITES` (`ability_id`, `ABILITIY`, `Description`, `Cost`, `Cooldown`, `Ability_Range`, `ABILITIES_TYPE_abilities_type_id`, `CHAMPIONS_champion_id`) VALUES (152, 'Boulder Toss', 'Mega Gnar instead throws a boulder that stops on the first unit hit, damaging and slowing everything nearby. It can then be picked up to reduce the cooldown.Throws a boulder that stops when it hits an enemy, slowing all nearby enemies and dealing 5/45/85/125/165 (+120% Attack Damage) physical damage. Picking up the boulder reduces its cooldown by 60%.', 'N/A', '20 / 17.5 / 15 / 12.5 / 10', '1100', 2, 30);
INSERT INTO `mydb`.`ABILITES` (`ability_id`, `ABILITIY`, `Description`, `Cost`, `Cooldown`, `Ability_Range`, `ABILITIES_TYPE_abilities_type_id`, `CHAMPIONS_champion_id`) VALUES (153, 'Hyper', 'Gnar\'s attacks and spells hype him up, dealing bonus damage and granting him Movement Speed.Mini Gnar:Passive: Every 3rd attack or spell on the same target deals an additional 10/20/30/40/50 (+100% Ability Power) + 6/8/10/12/14% of the target\'s max Health as magic damage and grants Gnar [0]% Movement Speed that decays over 3 seconds (max 100/150/200/250/300 damage vs. monsters).', 'N/A', 'N/A', 'N/A', 3, 30);
INSERT INTO `mydb`.`ABILITES` (`ability_id`, `ABILITIY`, `Description`, `Cost`, `Cooldown`, `Ability_Range`, `ABILITIES_TYPE_abilities_type_id`, `CHAMPIONS_champion_id`) VALUES (154, 'Wallop', 'Mega Gnar is too enraged to be hyper and instead can rear up on his hind legs and smash down on the area in front of him, stunning enemies in an area.Stuns enemies in an area for 1.25 seconds, dealing 25/45/65/85/105 (+100% Attack Damage) physical damage.Gnar gains Hyper\'s Movement Speed bonus when he leaves Mega form.', 'N/A', '15 / 13 / 11 / 9 / 7', 'N/A', 3, 30);
INSERT INTO `mydb`.`ABILITES` (`ability_id`, `ABILITIY`, `Description`, `Cost`, `Cooldown`, `Ability_Range`, `ABILITIES_TYPE_abilities_type_id`, `CHAMPIONS_champion_id`) VALUES (155, 'Hop', 'Gnar leaps to a location and bounces off the head of any unit he lands on, traveling further.Leaps to a location, gaining 20/30/40/50/60% Attack Speed for 3 seconds. If Gnar lands on a unit he will bounce off it, traveling further. Deals 20/60/100/140/180 (+0) physical damage to all nearby enemies on landing. Enemies Gnar lands directly on top of are slowed briefly.If Crunch is used to transform, Gnar will still be able to bounce.', 'N/A', '18 / 16.5 / 15 / 13.5 / 12', '475', 4, 30);
INSERT INTO `mydb`.`ABILITES` (`ability_id`, `ABILITIY`, `Description`, `Cost`, `Cooldown`, `Ability_Range`, `ABILITIES_TYPE_abilities_type_id`, `CHAMPIONS_champion_id`) VALUES (156, 'Crunch', 'Gnar leaps to a location and bounces off the head of any unit he lands on, traveling further.Mega Gnar is too large to bounce and instead lands with earth-shattering force, dealing damage in an area around him.', 'N/A', '18 / 16.5 / 15 / 13.5 / 12', '475', 4, 30);
INSERT INTO `mydb`.`ABILITES` (`ability_id`, `ABILITIY`, `Description`, `Cost`, `Cooldown`, `Ability_Range`, `ABILITIES_TYPE_abilities_type_id`, `CHAMPIONS_champion_id`) VALUES (157, 'GNAR!', 'Mega Gnar throws everything around him in a chosen direction, dealing damage and slowing them. Any enemy that hits a wall is stunned and takes bonus damage.Mini Gnar:Passive: Increases Boomerang Throw\'s cooldown reduction on catch to 50/55/60% and Hyper\'s Movement Speed bonus to 45/60/75%.Mega Gnar: Knocks all nearby enemies in the specified direction, dealing 200/300/400 (+20% bonus Attack Damage) (+50% Ability Power) physical damage and slowing them by 45% for 1.25/1.5/1.75 seconds. Any enemy that hits a wall takes 150% damage and is stunned instead of slowed.', 'N/A', '120 / 100 / 80', '590', 5, 30);
INSERT INTO `mydb`.`ABILITES` (`ability_id`, `ABILITIY`, `Description`, `Cost`, `Cooldown`, `Ability_Range`, `ABILITIES_TYPE_abilities_type_id`, `CHAMPIONS_champion_id`) VALUES (158, 'Happy Hour', 'On ability use, Gragas takes a drink restoring 4% of his max Health. This effect can only happen every 8 seconds.', 'N/A', '8', 'N/A', 1, 31);
INSERT INTO `mydb`.`ABILITES` (`ability_id`, `ABILITIY`, `Description`, `Cost`, `Cooldown`, `Ability_Range`, `ABILITIES_TYPE_abilities_type_id`, `CHAMPIONS_champion_id`) VALUES (159, 'Barrel Roll', 'Gragas rolls his cask to a location, which can be activated to explode or will explode on its own after 4 seconds. Enemies struck by the blast have their Movement Speed slowed.Gragas rolls his cask to a location, which can be activated again to explode or will explode on its own after 4 seconds, dealing 80/120/160/200/240 (+60% Ability Power) magic damage to enemies in the area and slowing their movement speed by 40/45/50/55/60% for 2 seconds (deals 70% damage to minions).The damage and slow increases as the cask ferments, up to 150% after 2 seconds.', '60/65/70/75/80 Mana ', '11 / 10 / 9 / 8 / 7', '850', 2, 31);
INSERT INTO `mydb`.`ABILITES` (`ability_id`, `ABILITIY`, `Description`, `Cost`, `Cooldown`, `Ability_Range`, `ABILITIES_TYPE_abilities_type_id`, `CHAMPIONS_champion_id`) VALUES (160, 'Drunken Rage', 'Gragas guzzles down brew from his cask for 1 second. After finishing, he becomes drunkenly empowered, dealing more damage on his next basic attack and reducing damage received.Gragas guzzles down his brew and takes 10/12/14/16/18% reduced damage for 2.5 seconds. After finishing his drink, his next basic attack deals 20/50/80/110/140 (+30% Ability Power) plus 8/9/10/11/12% of the target\'s maximum Health (max. 300 against monsters) as bonus magic damage.', '30 Mana', '8 / 7 / 6 / 5 / 4', 'N/A', 3, 31);
INSERT INTO `mydb`.`ABILITES` (`ability_id`, `ABILITIY`, `Description`, `Cost`, `Cooldown`, `Ability_Range`, `ABILITIES_TYPE_abilities_type_id`, `CHAMPIONS_champion_id`) VALUES (161, 'Body Slam', 'Gragas charges to a location and collides with the first enemy unit he comes across, dealing damage to all nearby enemy units and stunning them.Gragas charges forward, colliding with the first enemy unit. He deals 80/130/180/230/280 (+60% Ability Power) magic damage to enemies in the area and bumps them back, stunning them for 1 second.Body Slam\'s Cooldown is reduced by 0 seconds if Gragas collides with a unit.', '50 Mana', '12', '600', 4, 31);
INSERT INTO `mydb`.`ABILITES` (`ability_id`, `ABILITIY`, `Description`, `Cost`, `Cooldown`, `Ability_Range`, `ABILITIES_TYPE_abilities_type_id`, `CHAMPIONS_champion_id`) VALUES (162, 'Explosive Cask', 'Gragas hurls his cask to a location, dealing damage and knocking back enemies caught in the blast radius.Gragas throws his cask, dealing 200/300/400 (+70% Ability Power) magic damage to all enemies in the area and knocking them back from the center.', '100 Mana', '100 / 90 / 80', '1150', 5, 31);
INSERT INTO `mydb`.`ABILITES` (`ability_id`, `ABILITIY`, `Description`, `Cost`, `Cooldown`, `Ability_Range`, `ABILITIES_TYPE_abilities_type_id`, `CHAMPIONS_champion_id`) VALUES (163, 'True Grit', 'Graves gains increasing Armor and Magic Resistance the longer he remains in combat.', 'N/A', 'N/A', 'N/A', 1, 32);
INSERT INTO `mydb`.`ABILITES` (`ability_id`, `ABILITIY`, `Description`, `Cost`, `Cooldown`, `Ability_Range`, `ABILITIES_TYPE_abilities_type_id`, `CHAMPIONS_champion_id`) VALUES (164, 'Buckshot', 'Graves fires three bullets in a cone, damaging all enemies in their paths.Shoots three bullets in a cone, each dealing 60/95/130/165/200 (+80% bonus Attack Damage) physical damage to all enemies in their path. Enemies hit with multiple bullets take 40% damage from each additional bullet.', '60/70/80/90/100 Mana ', '12 / 11 / 10 / 9 / 8', '700', 2, 32);
INSERT INTO `mydb`.`ABILITES` (`ability_id`, `ABILITIY`, `Description`, `Cost`, `Cooldown`, `Ability_Range`, `ABILITIES_TYPE_abilities_type_id`, `CHAMPIONS_champion_id`) VALUES (165, 'Smoke Screen', 'Graves fires a smoke canister at the target area creating a cloud of smoke. Enemies inside the smoke cloud have reduced sight range and Movement Speed.Deals 60/110/160/210/260 (+60% Ability Power) magic damage on impact and creates a smoke cloud that lasts 4 seconds. Enemies inside the cloud are slowed by 15/20/25/30/35% and have their sight radius reduced.', '70/75/80/85/90 Mana ', '20 / 19 / 18 / 17 / 16', '950', 3, 32);
INSERT INTO `mydb`.`ABILITES` (`ability_id`, `ABILITIY`, `Description`, `Cost`, `Cooldown`, `Ability_Range`, `ABILITIES_TYPE_abilities_type_id`, `CHAMPIONS_champion_id`) VALUES (166, 'Quickdraw', 'Graves dashes forward gaining an Attack Speed boost for several seconds. Hitting enemies with basic attacks lowers the cooldown of this skill.Dashes forward, gaining 30/40/50/60/70% increased Attack Speed for 4 seconds. Basic attacks lower the cooldown of Quickdraw by 1 second.', '40 Mana', '22 / 20 / 18 / 16 / 14', '425', 4, 32);
INSERT INTO `mydb`.`ABILITES` (`ability_id`, `ABILITIY`, `Description`, `Cost`, `Cooldown`, `Ability_Range`, `ABILITIES_TYPE_abilities_type_id`, `CHAMPIONS_champion_id`) VALUES (167, 'Collateral Damage', 'Graves fires an explosive shell dealing heavy damage to the first champion it hits. After hitting a champion or reaching the end of its range, the shell explodes dealing damage in a cone.Fires an explosive shell that deals 250/400/550 (+150% bonus Attack Damage) physical damage to the first enemy hit. After hitting an enemy Champion or reaching the end of its range, the shell explodes, dealing 200/320/440 (+120% bonus Attack Damage) physical damage in a cone.', '100 Mana', '100 / 90 / 80', '1000', 5, 32);
INSERT INTO `mydb`.`ABILITES` (`ability_id`, `ABILITIY`, `Description`, `Cost`, `Cooldown`, `Ability_Range`, `ABILITIES_TYPE_abilities_type_id`, `CHAMPIONS_champion_id`) VALUES (168, 'Warpath', 'Hecarim gains Attack Damage equal to a percentage of his bonus Movement Speed.', 'N/A', 'N/A', 'N/A', 1, 33);
INSERT INTO `mydb`.`ABILITES` (`ability_id`, `ABILITIY`, `Description`, `Cost`, `Cooldown`, `Ability_Range`, `ABILITIES_TYPE_abilities_type_id`, `CHAMPIONS_champion_id`) VALUES (169, 'Rampage', 'Hecarim cleaves nearby enemies dealing physical damage.Hecarim cleaves nearby enemies for 60/95/130/165/200 (+60% bonus Attack Damage) physical damage. (66% damage to minions and monsters)If Hecarim damages at least one enemy with this attack he gains a stack of Rampage, reducing the base cooldown of this skill by 1 second for a short duration. This effect can stack up to 2 times.', '20/23/26/29/32 Mana', '4', '350', 2, 33);
INSERT INTO `mydb`.`ABILITES` (`ability_id`, `ABILITIY`, `Description`, `Cost`, `Cooldown`, `Ability_Range`, `ABILITIES_TYPE_abilities_type_id`, `CHAMPIONS_champion_id`) VALUES (170, 'Spirit of Dread', 'Hecarim deals magic damage to nearby enemies for a short duration. Hecarim gains Health equal to a percentage of any damage those enemies suffer.Hecarim deals 80/120/160/200/240 (+80% Ability Power) magic damage over 4 seconds to all nearby enemies. Hecarim is healed for 20% of the damage these enemies take from any source.Hecarim cannot heal more than 90/120/150/180/210 Health from minions or monsters.', '50/60/70/80/90 Mana ', '22 / 21 / 20 / 19 / 18', '525', 3, 33);
INSERT INTO `mydb`.`ABILITES` (`ability_id`, `ABILITIY`, `Description`, `Cost`, `Cooldown`, `Ability_Range`, `ABILITIES_TYPE_abilities_type_id`, `CHAMPIONS_champion_id`) VALUES (171, 'Devastating Charge', 'Hecarim gains increasing Movement Speed for a short duration. His next attack knocks the target back and deals additional physical damage based on the distance he has traveled since activating the ability.Hecarim gains increasing Movement Speed for 4 seconds. His next attack knocks the target back dealing 40/75/110/145/180 (+50% bonus Attack Damage) to 80/150/220/290/360 (+100% bonus Attack Damage) physical damage based on how far Hecarim has traveled during Devastating Charge.', '60 Mana', '24 / 22 / 20 / 18 / 16', 'N/A', 4, 33);
INSERT INTO `mydb`.`ABILITES` (`ability_id`, `ABILITIY`, `Description`, `Cost`, `Cooldown`, `Ability_Range`, `ABILITIES_TYPE_abilities_type_id`, `CHAMPIONS_champion_id`) VALUES (172, 'Onslaught of Shadows', 'Hecarim summons spectral riders and charges forward, dealing magic damage in a line. Hecarim creates a shockwave when he finishes his charge, causing nearby enemies to flee in terror.Hecarim summons spectral riders and charges forward, dealing 150/250/350 (+100% Ability Power) magic damage to anyone they strike. Hecarim releases a shockwave when he finishes his charge, causing nearby enemies to flee from Hecarim for 1 second.Hecarim himself will only move to the targeted location. The riders will always move the full distance.', '100 Mana', '140 / 120 / 100', '1000', 5, 33);
INSERT INTO `mydb`.`ABILITES` (`ability_id`, `ABILITIY`, `Description`, `Cost`, `Cooldown`, `Ability_Range`, `ABILITIES_TYPE_abilities_type_id`, `CHAMPIONS_champion_id`) VALUES (173, 'Techmaturgical Repair Bots', 'Heimerdinger gives nearby allied H-28G Turrets and Champions increased Health Regeneration.', 'N/A', 'N/A', '1000', 1, 34);
INSERT INTO `mydb`.`ABILITES` (`ability_id`, `ABILITIY`, `Description`, `Cost`, `Cooldown`, `Ability_Range`, `ABILITIES_TYPE_abilities_type_id`, `CHAMPIONS_champion_id`) VALUES (174, 'H-28G Evolution Turret', 'Heimerdinger lays down a rapid-fire cannon turret equipped with a secondary pass-through beam attack (turrets deal half damage to towers).Places a Turret at target location. Turret attacks prioritize Heimerdinger\'s targets and enemies attacking Heimerdinger. Their Health increases with Heimerdinger\'s champion level and they shut down if he moves out of the area. Heimerdinger generates a Turret Kit every 24/23/22/21/20 seconds and can hold 1/1/2/2/3 Kit(s) at once. H-28G Evolution Turret StatsHealth: 150/175/200/225/250/275/300/325/350/375/400/425/450/475/500/525/550/575 (+16/16/16/16/16)Attack - Cannon: 12/18/23/29/34 (+15% Ability Power) Magic Damage and +1/2/3/4/5% beam charge each attack. Attack - Beam: 40/60/80/105/130 (+55% Ability Power) Magic Damage in a line every 16 seconds.Maximum Turrets Placed: 3', '20 Mana and Turret Kit ', '1', '350', 2, 34);
INSERT INTO `mydb`.`ABILITES` (`ability_id`, `ABILITIY`, `Description`, `Cost`, `Cooldown`, `Ability_Range`, `ABILITIES_TYPE_abilities_type_id`, `CHAMPIONS_champion_id`) VALUES (175, 'Hextech Micro-Rockets', 'Heimerdinger fires long-range rockets that converge on his cursor.Unleashes a barrage of 5 rockets that converge towards your cursor and fan out past it. Each rocket deals 60/90/120/150/180 (+45% Ability Power) Magic Damage.Units hit multiple times take reduced damage:Champions and Monsters:12/18/24/30/36 (+12% Ability Power) Magic Damage, max 108/162/216/270/324 0.93 total damageMinions: 60% of base damageAiming between Heimerdinger and the target increases the rocket spread.', '70/80/90/100/110 Mana', '11', '1325', 3, 34);
INSERT INTO `mydb`.`ABILITES` (`ability_id`, `ABILITIY`, `Description`, `Cost`, `Cooldown`, `Ability_Range`, `ABILITIES_TYPE_abilities_type_id`, `CHAMPIONS_champion_id`) VALUES (176, 'CH-2 Electron Storm Grenade', 'Heimerdinger lobs a grenade at a location, dealing damage to enemy units, as well as stunning anyone directly hit and slowing surrounding units.Hurls a grenade that deals 60/100/140/180/220 (+60% Ability Power) Magic Damage to enemy units and slows their Movement Speed by 35% for 2 seconds. Enemies in the center of the blast are also stunned for 1.25 seconds.', '85 Mana', '18 / 16 / 14 / 12 / 10', '970', 4, 34);
INSERT INTO `mydb`.`ABILITES` (`ability_id`, `ABILITIY`, `Description`, `Cost`, `Cooldown`, `Ability_Range`, `ABILITIES_TYPE_abilities_type_id`, `CHAMPIONS_champion_id`) VALUES (177, 'UPGRADE!!!', 'Heimerdinger invents an upgrade, causing his next spell to have increased effects.Makes next basic ability free and gives it bonus effects. Reactivate to cancel.H-28Q Apex Turret: Places a Turret that deals 80/100/120 (+30% Ability Power) Magic Damage with its cannon and 200/270/340 (+70% Ability Power) Magic Damage with its beam for 8 seconds. It has splash damage, immunity to disables, its attacks slow targets by 25% for 2 seconds, it receives 20% of a beam charge per attack, and it doesn\'t count toward the Turret limit.Hextech Rocket Swarm: Fires 4 waves of rockets that deal 135/180/225 0.45/0.45/0.45 Magic Damage each.Champions and Monsters hit by multiple rockets take reduced damage, max 500/690/865 1.83.CH-3X Lightning Grenade: Throws a bouncing grenade that discharges three times, dealing 150/200/250 0.6 Magic Damage. Both the stun and slow areas are larger and the slow is improved to 80%.', '100 Mana', '100 / 80 / 60', 'N/A', 5, 34);
INSERT INTO `mydb`.`ABILITES` (`ability_id`, `ABILITIY`, `Description`, `Cost`, `Cooldown`, `Ability_Range`, `ABILITIES_TYPE_abilities_type_id`, `CHAMPIONS_champion_id`) VALUES (178, 'Ionian Fervor', 'Reduces the duration of all disables for each nearby enemy champion.1 Champion: 10%,2 Champions: 25%,3 Champions: 40%.', 'N/A', 'N/A', '1200', 1, 35);
INSERT INTO `mydb`.`ABILITES` (`ability_id`, `ABILITIY`, `Description`, `Cost`, `Cooldown`, `Ability_Range`, `ABILITIES_TYPE_abilities_type_id`, `CHAMPIONS_champion_id`) VALUES (179, 'Bladesurge', 'Irelia dashes forward to strike her target. If it kills the target, Bladesurge\'s cooldown refreshes and refunds 35 Mana.Irelia dashes forward to strike her target, dealing 20/50/80/110/140 (+100% Attack Damage) physical damage and applying on-hit effects.If it kills the target, Bladesurge\'s cooldown refreshes and refunds 35 Mana.', '60/65/70/75/80 Mana ', '14 / 12 / 10 / 8 / 6', '650', 2, 35);
INSERT INTO `mydb`.`ABILITES` (`ability_id`, `ABILITIY`, `Description`, `Cost`, `Cooldown`, `Ability_Range`, `ABILITIES_TYPE_abilities_type_id`, `CHAMPIONS_champion_id`) VALUES (180, 'Hiten Style', 'Irelia is skilled in the art of Hiten, passively giving her physical attacks Health restoration. Activating Hiten Style doubles her Health restoration and gives her basic attacks true damage.Passive: Basic attacks restore 5/7/9/11/13 Health.Active: Irelia\'s basic attacks deal 15/30/45/60/75 true damage and doubles Health restored for 6 seconds.', '40 Mana', '15', 'N/A', 3, 35);
INSERT INTO `mydb`.`ABILITES` (`ability_id`, `ABILITIY`, `Description`, `Cost`, `Cooldown`, `Ability_Range`, `ABILITIES_TYPE_abilities_type_id`, `CHAMPIONS_champion_id`) VALUES (181, 'Equilibrium Strike', 'Irelia\'s attack balances the scales, dealing damage and slowing the target. However, if the target has a higher Health % than Irelia, then the blow stuns the target instead of slowing.Irelia pierces her target, dealing 80/120/160/200/240 (+50% Ability Power) magic damage and slowing the target by 60% for 1/1.25/1.5/1.75/2 second(s).If the target has a higher Health % than Irelia, she stuns the target for the duration instead.', '50/55/60/65/70 Mana ', '8', '325', 4, 35);
INSERT INTO `mydb`.`ABILITES` (`ability_id`, `ABILITIY`, `Description`, `Cost`, `Cooldown`, `Ability_Range`, `ABILITIES_TYPE_abilities_type_id`, `CHAMPIONS_champion_id`) VALUES (182, 'Transcendent Blades', 'Irelia summons 4 spirit blades that she can fling to deal physical damage and siphon life from enemies they pass through.Irelia summons 4 spirit blades that she can fling to deal 80/120/160 (+60% bonus Attack Damage) (+50% Ability Power) physical damage to enemies they pass through. She heals for 25% of the damage dealt against champions and 10% against minions and monsters.', '100 Mana', '70 / 60 / 50', '1000', 5, 35);
INSERT INTO `mydb`.`ABILITES` (`ability_id`, `ABILITIY`, `Description`, `Cost`, `Cooldown`, `Ability_Range`, `ABILITIES_TYPE_abilities_type_id`, `CHAMPIONS_champion_id`) VALUES (183, 'Tailwind', 'Increases the Movement Speed of all allied champions moving towards Janna by 8%.', 'N/A', 'N/A', '1250', 1, 36);
INSERT INTO `mydb`.`ABILITES` (`ability_id`, `ABILITIY`, `Description`, `Cost`, `Cooldown`, `Ability_Range`, `ABILITIES_TYPE_abilities_type_id`, `CHAMPIONS_champion_id`) VALUES (184, 'Howling Gale', 'By creating a localized change in pressure and temperature, Janna is able to create a small storm that grows in size with time. She can activate the spell again to release the storm. On release this storm will fly towards the direction it was cast in, dealing damage and knocking away any enemies in its path.Summons a whirlwind, which deals 60/85/110/135/160 (+35% Ability Power) magic damage to all enemies in its path and knocks them into the air for 0.5 seconds.The whirlwind can be charged for up to 3 seconds. For each second it charges, it deals 15/20/25/30/35 (+10% Ability Power) bonus damage, knocks up for an additional 0.25 seconds, and travels 20% further.Activate again to release the whirlwind early.', '90/105/120/135/150 Mana ', '14 / 13 / 12 / 11 / 10', '1700', 2, 36);
INSERT INTO `mydb`.`ABILITES` (`ability_id`, `ABILITIY`, `Description`, `Cost`, `Cooldown`, `Ability_Range`, `ABILITIES_TYPE_abilities_type_id`, `CHAMPIONS_champion_id`) VALUES (185, 'Zephyr', 'Janna summons an air elemental that passively increases her Movement Speed and enables her to pass through units. She may also activate this ability to deal damage and slow an enemy\'s Movement Speed. The passive is lost while this ability is on cooldown.Passive: Increases Movement Speed by 9/11/13/15/17% (+[2% Ability Power]%) and allows movement through units.Active: Deals 60/115/170/225/280 (+50% Ability Power) magic damage to an enemy and slows their Movement Speed by 24/28/32/36/40% (+[6% Ability Power]%) for 3 seconds. Passive benefit is lost while Zephyr is on cooldown.', '40/50/60/70/80 Mana', '12', '600', 3, 36);
INSERT INTO `mydb`.`ABILITES` (`ability_id`, `ABILITIY`, `Description`, `Cost`, `Cooldown`, `Ability_Range`, `ABILITIES_TYPE_abilities_type_id`, `CHAMPIONS_champion_id`) VALUES (186, 'Eye Of The Storm', 'Janna conjures a defensive gale that shields an ally champion or turret from incoming damage and increases their Attack Damage.Shields an allied Champion or turret for 5 seconds. The shield absorbs up to 80/120/160/200/240 (+70% Ability Power) damage and grants 14/23/32/41/50 (+10% Ability Power) Attack Damage until it breaks.', '70/80/90/100/110 Mana', '10', '800', 4, 36);
INSERT INTO `mydb`.`ABILITES` (`ability_id`, `ABILITIY`, `Description`, `Cost`, `Cooldown`, `Ability_Range`, `ABILITIES_TYPE_abilities_type_id`, `CHAMPIONS_champion_id`) VALUES (187, 'Moonsoon', 'Janna surrounds herself in a magical storm, throwing enemies back. After the storm has settled, soothing winds heal nearby allies while the ability is active.Summons forth the might of the wind to knock surrounding enemies back and restores 100/150/200 (+60% Ability Power) Health to nearby allies each second for 3 seconds.', '100 Mana', '150 / 135 / 120', '725', 5, 36);
INSERT INTO `mydb`.`ABILITES` (`ability_id`, `ABILITIY`, `Description`, `Cost`, `Cooldown`, `Ability_Range`, `ABILITIES_TYPE_abilities_type_id`, `CHAMPIONS_champion_id`) VALUES (188, 'Martial Cadence', 'Jarvan IV\'s initial basic attack on a target deals bonus physical damage. This effect cannot occur again on the same target for a short duration.', 'N/A', 'N/A', 'N/A', 1, 37);
INSERT INTO `mydb`.`ABILITES` (`ability_id`, `ABILITIY`, `Description`, `Cost`, `Cooldown`, `Ability_Range`, `ABILITIES_TYPE_abilities_type_id`, `CHAMPIONS_champion_id`) VALUES (189, 'Dragon Strike', 'Jarvan IV extends his lance, dealing physical damage and lowering the Armor of all enemies in its path. Additionally, this will pull Jarvan to his Demacian Standard, knocking up enemies in his path.Extends Jarvan IV\'s lance dealing 70/115/160/205/250 (+110% bonus Attack Damage) physical damage and lowering the Armor of all enemies hit by 10/14/18/22/26% for 3 seconds.If the lance contacts Demacian Standard it will pull Jarvan IV to its location, knocking up enemies in his path.', '45/50/55/60/65 Mana', '10 / 9 / 8 / 7 / 6', '770', 2, 37);
INSERT INTO `mydb`.`ABILITES` (`ability_id`, `ABILITIY`, `Description`, `Cost`, `Cooldown`, `Ability_Range`, `ABILITIES_TYPE_abilities_type_id`, `CHAMPIONS_champion_id`) VALUES (190, 'Golden Aegis', 'Jarvan IV calls upon the ancient kings of Demacia to shield him from harm and slow surrounding enemies.Temporarily gains a shield that absorbs up to 50/90/130/170/210 (+20/30/40/50/60 damage for each nearby enemy champion) damage for 5 seconds, and slows surrounding enemies by 15/20/25/30/35% for 2 seconds.', '30 Mana', '20 / 18 / 16 / 14 / 12', '525', 3, 37);
INSERT INTO `mydb`.`ABILITES` (`ability_id`, `ABILITIY`, `Description`, `Cost`, `Cooldown`, `Ability_Range`, `ABILITIES_TYPE_abilities_type_id`, `CHAMPIONS_champion_id`) VALUES (191, 'Demacian Standard', 'Jarvan IV carries the pride of Demacia, passively granting him bonus Attack Speed. Activating Demacian Standard allows Jarvan IV to place a Demacian flag that deals magic damage on impact and grants Attack Speed to nearby allied champions.Passive: Gains 10/13/16/19/22% Attack Speed.Active: Throws a Demacian Standard to a nearby area dealing 60/105/150/195/240 (+80% Ability Power) magic damage to enemies. The Standard lasts for 8 seconds and grants surrounding allied champions 10/13/16/19/22% Attack Speed.', '55 Mana', '13', '800', 4, 37);
INSERT INTO `mydb`.`ABILITES` (`ability_id`, `ABILITIY`, `Description`, `Cost`, `Cooldown`, `Ability_Range`, `ABILITIES_TYPE_abilities_type_id`, `CHAMPIONS_champion_id`) VALUES (192, 'Cataclysm', 'Jarvan IV heroically leaps into battle at a target with such force that he terraforms the surrounding area to create an arena around them.Heroically leaps to an enemy Champion dealing 200/325/450 (+150% bonus Attack Damage) physical damage and creating an arena of impassable terrain around them for 3.5 seconds.Activate again to collapse the terrain.', '100/125/150 Mana', '120 / 105 / 90', '650', 5, 37);
INSERT INTO `mydb`.`ABILITES` (`ability_id`, `ABILITIY`, `Description`, `Cost`, `Cooldown`, `Ability_Range`, `ABILITIES_TYPE_abilities_type_id`, `CHAMPIONS_champion_id`) VALUES (193, 'Relentless Assault', 'Jax\'s consecutive basic attacks continuously increase his Attack Speed.', 'N/A', 'N/A', 'N/A', 1, 38);
INSERT INTO `mydb`.`ABILITES` (`ability_id`, `ABILITIY`, `Description`, `Cost`, `Cooldown`, `Ability_Range`, `ABILITIES_TYPE_abilities_type_id`, `CHAMPIONS_champion_id`) VALUES (194, 'Leap Strike', 'Jax leaps toward a unit. If they are an enemy, he strikes them with his weapon.Jax leaps to a target unit, dealing 70/110/150/190/230 (+100% bonus Attack Damage) (+60% Ability Power) physical damage if it is an enemy.', '65 Mana', '10 / 9 / 8 / 7 / 6', '700', 2, 38);
INSERT INTO `mydb`.`ABILITES` (`ability_id`, `ABILITIY`, `Description`, `Cost`, `Cooldown`, `Ability_Range`, `ABILITIES_TYPE_abilities_type_id`, `CHAMPIONS_champion_id`) VALUES (195, 'Empower', 'Jax charges his weapon with energy, causing his next attack to deal additional damage.Jax charges his weapon with energy, causing his next basic attack or Leap Strike to deal an additional 40/75/110/145/180 (+60% Ability Power) Magic Damage.', '30 Mana', '7 / 6 / 5 / 4 / 3', 'N/A', 3, 38);
INSERT INTO `mydb`.`ABILITES` (`ability_id`, `ABILITIY`, `Description`, `Cost`, `Cooldown`, `Ability_Range`, `ABILITIES_TYPE_abilities_type_id`, `CHAMPIONS_champion_id`) VALUES (196, 'Counter Strike', 'Jax\'s combat prowess allows him to dodge all incoming attacks for a short duration and then quickly counterattack, stunning all surrounding enemies.Jax enters a defensive stance for up to 2 seconds, dodging all incoming basic attacks and taking 25% less damage from area of effect abilities.After 2 seconds or if activated again, Jax stuns surrounding enemies for 1 second and deals 50/75/100/125/150 (+50% bonus Attack Damage) physical damage to them.Counter Strike deals 20% more damage for each attack Jax dodged (max: 100% increased damage).', '70/75/80/85/90 Mana', '16 / 14 / 12 / 10 / 8', 'N/A', 4, 38);
INSERT INTO `mydb`.`ABILITES` (`ability_id`, `ABILITIY`, `Description`, `Cost`, `Cooldown`, `Ability_Range`, `ABILITIES_TYPE_abilities_type_id`, `CHAMPIONS_champion_id`) VALUES (197, 'Grandmaster\'s Might', 'Every third consecutive attack deals additional Magic Damage. Additionally, Jax can activate this ability to strengthen his resolve, increasing his Armor and Magic Resist for a short duration.Passive: Every third consecutive strike Jax deals 100/160/220 (+70% Ability Power) additional Magic Damage.Active: Jax strengthens his resolve, granting him Armor and Magic Resist for 8 seconds.Armor bonus is equal to 20/35/50 + 50% bonus Attack Damage.Magic Resist bonus is equal to 20/35/50 + 20% Ability Power.', '100 Mana', '80', 'N/A', 5, 38);
INSERT INTO `mydb`.`ABILITES` (`ability_id`, `ABILITIY`, `Description`, `Cost`, `Cooldown`, `Ability_Range`, `ABILITIES_TYPE_abilities_type_id`, `CHAMPIONS_champion_id`) VALUES (198, 'Hextech Capacitor', 'Gains 40 Movement Speed for 1.25 seconds and can move through units each time Transform is cast.', 'N/A', 'N/A', 'N/A', 1, 39);
INSERT INTO `mydb`.`ABILITES` (`ability_id`, `ABILITIY`, `Description`, `Cost`, `Cooldown`, `Ability_Range`, `ABILITIES_TYPE_abilities_type_id`, `CHAMPIONS_champion_id`) VALUES (199, 'To the Skies!', 'Leaps to an enemy dealing 20/65/110/155/200 (+100% bonus Attack Damage) physical damage to enemies and slowing them by 30/35/40/45/50% for 2 seconds.', '40/45/50/55/60 Mana', '16 / 14 / 12 / 10 / 8', '600', 2, 39);
INSERT INTO `mydb`.`ABILITES` (`ability_id`, `ABILITIY`, `Description`, `Cost`, `Cooldown`, `Ability_Range`, `ABILITIES_TYPE_abilities_type_id`, `CHAMPIONS_champion_id`) VALUES (200, 'Shock Blast', 'Fires an orb of electricity that detonates upon hitting an enemy (or reaching the end of its path) dealing physical damage to all enemies in the area of the explosion.Fires an orb of electricity that detonates upon hitting an enemy or reaching the end of its path dealing 60/115/170/225/280 (+120% bonus Attack Damage) physical damage to all enemies in the area of the explosion.', '55/60/65/70/75 Mana', '8', '1050', 2, 39);
INSERT INTO `mydb`.`ABILITES` (`ability_id`, `ABILITIY`, `Description`, `Cost`, `Cooldown`, `Ability_Range`, `ABILITIES_TYPE_abilities_type_id`, `CHAMPIONS_champion_id`) VALUES (201, 'Lightning Field', 'Passive: Restores Mana per strike.Gains 6/8/10/12/14 Mana per strike while in Hammer Stance.Active: Creates an electric aura dealing 100/170/240/310/380 (+100% Ability Power) magic damage over 4 seconds to nearby enemies.', '40 Mana', '10', '285', 3, 39);
INSERT INTO `mydb`.`ABILITES` (`ability_id`, `ABILITIY`, `Description`, `Cost`, `Cooldown`, `Ability_Range`, `ABILITIES_TYPE_abilities_type_id`, `CHAMPIONS_champion_id`) VALUES (202, 'Hyper Charge', 'Gains a burst of energy increasing Attack Speed to maximum for several attacks.Gains a burst of energy increasing Attack Speed to maximum for 3 attacks. These attacks deal 70/80/90/100/110% (0) damage.', '40 Mana', '13 / 11 / 9 / 7 / 5', 'N/A', 3, 39);
INSERT INTO `mydb`.`ABILITES` (`ability_id`, `ABILITIY`, `Description`, `Cost`, `Cooldown`, `Ability_Range`, `ABILITIES_TYPE_abilities_type_id`, `CHAMPIONS_champion_id`) VALUES (203, 'Thundering Blow', 'Deals 8/11/14/17/20% of the enemy\'s maximum health (+100% bonus Attack Damage) as magic damage and knocks them back a short distance. (200/300/400/500/600 Maximum Damage against monsters)', '40/50/60/70/80 Mana', '14 / 13 / 12 / 11 / 10', '240', 4, 39);
INSERT INTO `mydb`.`ABILITES` (`ability_id`, `ABILITIY`, `Description`, `Cost`, `Cooldown`, `Ability_Range`, `ABILITIES_TYPE_abilities_type_id`, `CHAMPIONS_champion_id`) VALUES (204, 'Acceleration Gate', 'Deploys an Acceleration Gate increasing the Movement Speed of all allied champions who pass through it.If Shock Blast is fired through the gate the missile speed, range, and damage will increase.Deploys an Acceleration Gate for 4 seconds increasing the Movement Speed of all allied champions who pass through it by 30/35/40/45/50% for 3 seconds (this bonus fades over the duration).If Shock Blast is fired through the gate the missile speed and range will be increased, and its damage will increase by 40%.', '50 Mana', '16', '650', 4, 39);
INSERT INTO `mydb`.`ABILITES` (`ability_id`, `ABILITIY`, `Description`, `Cost`, `Cooldown`, `Ability_Range`, `ABILITIES_TYPE_abilities_type_id`, `CHAMPIONS_champion_id`) VALUES (205, 'Mercury Cannon', 'Transforms the Mercury Hammer into the Mercury Cannon gaining new abilities and ranged attacks.The next attack in Cannon Stance reduces the enemy\'s Armor and Magic Resist by 10/15/20/25% for 5 seconds.', 'N/A', '6', 'N/A', 5, 39);
INSERT INTO `mydb`.`ABILITES` (`ability_id`, `ABILITIY`, `Description`, `Cost`, `Cooldown`, `Ability_Range`, `ABILITIES_TYPE_abilities_type_id`, `CHAMPIONS_champion_id`) VALUES (206, 'Mercury Hammer', 'Transforms the Mercury Cannon into the Mercury Hammer gaining new abilities and 0 Armor and Magic Resist. The next attack in Hammer Stance deals an additional 20/60/100/140 (+40% Ability Power) magic damage.', 'N/A', '6', 'N/A', 5, 39);
INSERT INTO `mydb`.`ABILITES` (`ability_id`, `ABILITIY`, `Description`, `Cost`, `Cooldown`, `Ability_Range`, `ABILITIES_TYPE_abilities_type_id`, `CHAMPIONS_champion_id`) VALUES (207, 'Get Excited!', 'Jinx receives massively increased Movement Speed whenever she damages an enemy champion, tower, or inhibitor that is then killed or destroyed within 3 seconds.', 'N/A', 'N/A', 'N/A', 1, 40);
INSERT INTO `mydb`.`ABILITES` (`ability_id`, `ABILITIY`, `Description`, `Cost`, `Cooldown`, `Ability_Range`, `ABILITIES_TYPE_abilities_type_id`, `CHAMPIONS_champion_id`) VALUES (208, 'Switcheroo!', 'Jinx modifies her basic attacks by swapping between Pow-Pow, her minigun and Fishbones, her rocket launcher. Attacks with Pow-Pow grant Attack Speed, while attacks with Fishbones deal area of effect damage, gain increased range, and drain Mana.Jinx swaps weapons.Fishbones, the Rocket Launcher: Basic attacks deal 110% Damage to Jinx\'s target and all nearby enemies, gain 75/100/125/150/175 range, and drain Mana.Pow-Pow, the Minigun: Basic attacks grant additional Attack Speed for 2.5 seconds. This effect stacks up to 3 times for a total bonus of 30/55/80/105/130%. Stacks fall off one at a time and only benefit Jinx\'s first attack after switching to Rocket Launcher.', '20 Mana per Rocket ', '0.9', 'N/A', 2, 40);
INSERT INTO `mydb`.`ABILITES` (`ability_id`, `ABILITIY`, `Description`, `Cost`, `Cooldown`, `Ability_Range`, `ABILITIES_TYPE_abilities_type_id`, `CHAMPIONS_champion_id`) VALUES (209, 'Zap!', 'Jinx uses Zapper, her shock pistol, to fire a blast that deals damage to the first enemy hit, slowing and revealing it if it is not stealthed.Jinx fires a shock blast that deals 10/60/110/160/210 (+140% Attack Damage) Physical Damage to the first enemy hit, revealing it if it is not stealthed and slowing it by 30/40/50/60/70% for 2 seconds.', '50/60/70/80/90 Mana ', '10 / 9 / 8 / 7 / 6', '1450', 3, 40);
INSERT INTO `mydb`.`ABILITES` (`ability_id`, `ABILITIY`, `Description`, `Cost`, `Cooldown`, `Ability_Range`, `ABILITIES_TYPE_abilities_type_id`, `CHAMPIONS_champion_id`) VALUES (210, 'Flame Chompers!', 'Jinx throws out a line of snare grenades that explode after 5 seconds, lighting enemies on fire. Flame Chompers will bite enemy champions who walk over them, rooting them in place.Jinx tosses out 3 chompers that, once armed, explode on contact with enemy champions, rooting the target for 1.5 seconds and dealing 80/135/190/245/300 (+100% Ability Power) Magic Damage over 1.5 seconds to nearby enemies. Chompers last for 5 seconds.', '50 Mana', '24 / 22 / 20 / 18 / 16', '900', 4, 40);
INSERT INTO `mydb`.`ABILITES` (`ability_id`, `ABILITIY`, `Description`, `Cost`, `Cooldown`, `Ability_Range`, `ABILITIES_TYPE_abilities_type_id`, `CHAMPIONS_champion_id`) VALUES (211, 'Super Mega Death Rocket!', 'Jinx throws out a line of snare grenades that explode after 5 seconds, lighting enemies on fire. Flame Chompers will bite enemy champions who walk over them, rooting them in place.Jinx tosses out 3 chompers that, once armed, explode on contact with enemy champions, rooting the target for 1.5 seconds and dealing 80/135/190/245/300 (+100% Ability Power) Magic Damage over 1.5 seconds to nearby enemies. Chompers last for 5 seconds.', '100 Mana', '90 / 75 / 60', '25000', 5, 40);
INSERT INTO `mydb`.`ABILITES` (`ability_id`, `ABILITIY`, `Description`, `Cost`, `Cooldown`, `Ability_Range`, `ABILITIES_TYPE_abilities_type_id`, `CHAMPIONS_champion_id`) VALUES (212, 'Martial Poise', 'If Kalista enters a movement command while winding up her basic attack or Pierce, she will drive through in that direction when she launches her attack, lunging toward that point.', 'N/A', 'N/A', '450', 1, 41);
INSERT INTO `mydb`.`ABILITES` (`ability_id`, `ABILITIY`, `Description`, `Cost`, `Cooldown`, `Ability_Range`, `ABILITIES_TYPE_abilities_type_id`, `CHAMPIONS_champion_id`) VALUES (213, 'Pierce', 'Throw a fast moving spear that passes through enemies it kills.A fast but narrow projectile that deals 10/70/130/190/250 (+100% Attack Damage) physical damage. Triggers Martial Poise (P), Sentinel (W), and Rend (E).If it kills a target, Pierce continues onward, passing all stacks of Rend to the next target.', '50/55/60/65/70 Mana', '8', '1150', 2, 41);
INSERT INTO `mydb`.`ABILITES` (`ability_id`, `ABILITIY`, `Description`, `Cost`, `Cooldown`, `Ability_Range`, `ABILITIES_TYPE_abilities_type_id`, `CHAMPIONS_champion_id`) VALUES (214, 'Sentinel', 'Passively deal bonus damage when striking the same target as the Oathsworn ally. Activate to send a soul to patrol a path, revealing the area in front of it.Passive: When Kalista and her Oathsworn both basic attack the same target within 1.5 seconds, she deals 12/14/16/18/20% of their max health as magic damage (minimum 75/100/125/150/175-125/150/175/200/225 damage to minions, based on missing health). 6 second cooldown per target.Active: Send a soul Sentinel to patrol an unseen area. Champions they see are revealed for 4 seconds. Sentinels last 7 laps.Kalista gains a charge of Sentinel every 90/80/70/60/50 seconds.', '20 Mana', '30', '5000', 3, 41);
INSERT INTO `mydb`.`ABILITES` (`ability_id`, `ABILITIY`, `Description`, `Cost`, `Cooldown`, `Ability_Range`, `ABILITIES_TYPE_abilities_type_id`, `CHAMPIONS_champion_id`) VALUES (215, 'Rend', 'Attacks impale their targets with spears. Activate to rip the spears out, slowing and dealing escalating damage.While off cooldown, Kalista\'s spears pierce their target and linger there for 4 seconds.Active: Kalista rips the spears from nearby targets, dealing 20/30/40/50/60 (+60% Attack Damage) physical damage and slowing their Movement Speed by 25/30/35/40/45% for 2 seconds. Each extra spear increases Rend\'s damage by 10/14/19/25/32 (+0).If it kills a target, Rend\'s cooldown is reset and Kalista regains 20 mana (up to twice per cast).', '40 Mana', '14 / 12.5 / 11 / 9.5 / 8', '1000', 4, 41);
INSERT INTO `mydb`.`ABILITES` (`ability_id`, `ABILITIY`, `Description`, `Cost`, `Cooldown`, `Ability_Range`, `ABILITIES_TYPE_abilities_type_id`, `CHAMPIONS_champion_id`) VALUES (216, 'Fate\'s Call', 'Kalista teleports the Oathsworn ally to herself. They gain the ability to dash toward a position, knocking enemy champions back.Draw Kalista\'s Oathsworn to her. For up to 4 seconds, the Oathsworn is untargetable but pacified.They may mouse click to fly toward target position, stopping at the first enemy champion hit, knocking all enemies in a small radius back and placing the Oathsworn at their maximum attack range from the enemy.Kalista\'s Oathsworn must be within 1400 units for her to cast this ability.', '100 Mana', '90 / 75 / 60', 'N/A', 5, 41);
INSERT INTO `mydb`.`ABILITES` (`ability_id`, `ABILITIY`, `Description`, `Cost`, `Cooldown`, `Ability_Range`, `ABILITIES_TYPE_abilities_type_id`, `CHAMPIONS_champion_id`) VALUES (217, 'Gathering Fire', 'Reduces Mantra\'s cooldown each time Karma damages an enemy champion with one of her abilities (Half-effect for Karma\'s basic attacks)', 'N/A', 'N/A', 'N/A', 1, 42);
INSERT INTO `mydb`.`ABILITES` (`ability_id`, `ABILITIY`, `Description`, `Cost`, `Cooldown`, `Ability_Range`, `ABILITIES_TYPE_abilities_type_id`, `CHAMPIONS_champion_id`) VALUES (218, 'Inner Flame', 'Karma sends forth a ball of spirit energy that explodes and deals damage upon hitting an enemy unit.Mantra Bonus: In addition to the explosion, Mantra increases the destructive power of her Inner Flame, creating a cataclysm which deals damage after a short delay.Fires a blast of energy that explodes upon enemy contact, dealing 80/125/170/215/260 (+60% Ability Power) magic damage to enemies in the area and slowing their Movement Speed by 25% for 1.5 seconds.Mantra Bonus - Soulflare: Deals 25/75/125/175 (+30% Ability Power) additional magic damage and leaves a circle of flame at the impact area or upon reaching maximum range, slowing enemies for 50%. After 1.5 seconds the circle erupts, dealing 50/150/250/350 (+60% Ability Power) magic damage to enemies in the area.', '50/55/60/65/70 Mana ', '7 / 6.5 / 6 / 5.5 / 5', '950', 2, 42);
INSERT INTO `mydb`.`ABILITES` (`ability_id`, `ABILITIY`, `Description`, `Cost`, `Cooldown`, `Ability_Range`, `ABILITIES_TYPE_abilities_type_id`, `CHAMPIONS_champion_id`) VALUES (219, 'Focused Resolve', 'Karma creates a tether between herself and a targeted enemy, dealing damage over time and revealing them. If the tether is not broken, the enemy will be rooted.Mantra Bonus: Karma strengthens the link, dealing bonus damage and healing.Links Karma to target enemy champion, revealing them, and dealing 60/110/160/210/260 (+60% Ability Power) magic damage over 2 seconds, rooting them in place for 1/1.25/1.5/1.75/2 seconds if the link is not broken.Mantra Bonus - Renewal: Focused Resolve deals 75/150/225/300 (+60% Ability Power) bonus magic damage over the duration and heals Karma instantly for 20% (+[1% Ability Power]%) of her missing Health. If the leash is not broken, she is healed for another 20% (+[1% Ability Power]%).', '70/75/80/85/90 Mana', '16 / 15 / 14 / 13 / 12', '675', 3, 42);
INSERT INTO `mydb`.`ABILITES` (`ability_id`, `ABILITIY`, `Description`, `Cost`, `Cooldown`, `Ability_Range`, `ABILITIES_TYPE_abilities_type_id`, `CHAMPIONS_champion_id`) VALUES (220, 'Inspire', 'Karma summons a protective shield that absorbs incoming damage and increases the Movement Speed of the protected ally.Mantra Bonus: In addition to casting the shield, energy radiates out from the shield, dealing damage to enemies and applying Inspire to allied champions.Target ally gains a shield, granting 40/45/50/55/60% Movement Speed for 1.5 seconds and absorbing 80/120/160/200/240 (+50% Ability Power) damage for 4 seconds.Mantra Bonus - Defiance: The shield overflows with energy, dealing 60/140/220/300 (+60% Ability Power) magic damage to enemy units around her target. Allied champions around her target gain half that amount as a shield, and are also hasted by 60%.', '60/70/80/90/100 Mana ', '10', '800', 4, 42);
INSERT INTO `mydb`.`ABILITES` (`ability_id`, `ABILITIY`, `Description`, `Cost`, `Cooldown`, `Ability_Range`, `ABILITIES_TYPE_abilities_type_id`, `CHAMPIONS_champion_id`) VALUES (221, 'Mantra', 'Karma empowers her next ability to do an additional effect. Mantra is available at level 1 and does not require a skill point.Karma empowers her next ability within 8 seconds for an additional effect.Soulflare: Deals bonus magic damage and leaves behind a circle of flame, heavily slowing enemies and dealing damage after a brief delay.Renewal: The link deals bonus magic damage to her target, instantly healing Karma for 20% of her missing Health. If the link is not broken, Karma is healed again for the same amount.Defiance: Allied champions around Karma\'s target become shielded and gain Movement Speed; Enemy units around her target are dealt magic damage.', 'N/A', '45 / 42 / 39 / 36', 'N/A', 5, 42);
INSERT INTO `mydb`.`ABILITES` (`ability_id`, `ABILITIY`, `Description`, `Cost`, `Cooldown`, `Ability_Range`, `ABILITIES_TYPE_abilities_type_id`, `CHAMPIONS_champion_id`) VALUES (222, 'Death Defied', 'Upon dying, Karthus enters a spirit form that allows him to continue casting spells while dead for 7 seconds.', 'N/A', 'N/A', 'N/A', 1, 43);
INSERT INTO `mydb`.`ABILITES` (`ability_id`, `ABILITIY`, `Description`, `Cost`, `Cooldown`, `Ability_Range`, `ABILITIES_TYPE_abilities_type_id`, `CHAMPIONS_champion_id`) VALUES (223, 'Lay Waste', 'Karthus unleashes a delayed blast at a location, dealing damage to nearby enemies.Creates a delayed blast at Karthus\' cursor position. After 0.5 seconds, deals 40/60/80/100/120 (+30% Ability Power) magic damage to each nearby enemy, this deals double damage if it hits only a single unit.', '20/26/32/38/44 Mana', '1', '875', 2, 43);
INSERT INTO `mydb`.`ABILITES` (`ability_id`, `ABILITIY`, `Description`, `Cost`, `Cooldown`, `Ability_Range`, `ABILITIES_TYPE_abilities_type_id`, `CHAMPIONS_champion_id`) VALUES (224, 'Wall of Pain', 'Karthus creates a passable screen of leeching energy. Any enemy units that walk through the screen have their Movement Speed and Magic Resist reduced for a period.Creates a wall at target location that lasts for 5 seconds. Enemies that pass through the wall have their Magic Resist reduced by 15% and Movement Speed reduced by 40/50/60/70/80% for 5 seconds (their Movement Speed gradually recovers over the duration).', '100 Mana', '18', '1000', 3, 43);
INSERT INTO `mydb`.`ABILITES` (`ability_id`, `ABILITIY`, `Description`, `Cost`, `Cooldown`, `Ability_Range`, `ABILITIES_TYPE_abilities_type_id`, `CHAMPIONS_champion_id`) VALUES (225, 'Defile', 'Karthus passively steals energy from his victims, gaining Mana on each kill. Alternatively, Karthus can surround himself in the souls of his prey, dealing damage to nearby enemies, but quickly draining his own Mana.Toggle Off: When Karthus kills a unit, he restores 20/27/34/41/48 Mana.Toggle On: Drains 30/42/54/66/78 Mana to deal 30/50/70/90/110 (+20% Ability Power) magic damage to nearby enemies each second.', '30/42/54/66/78 Mana Per Second', 'N/A', '550', 4, 43);
INSERT INTO `mydb`.`ABILITES` (`ability_id`, `ABILITIY`, `Description`, `Cost`, `Cooldown`, `Ability_Range`, `ABILITIES_TYPE_abilities_type_id`, `CHAMPIONS_champion_id`) VALUES (226, 'Requiem', 'After channeling for 3 seconds, Karthus deals damage to all enemy champions.After channeling for 3 seconds, Karthus deals 250/400/550 (+60% Ability Power) magic damage to all enemy champions (regardless of distance).', '150/175/200 Mana', '200 / 180 / 160', 'N/A', 5, 43);
INSERT INTO `mydb`.`ABILITES` (`ability_id`, `ABILITIY`, `Description`, `Cost`, `Cooldown`, `Ability_Range`, `ABILITIES_TYPE_abilities_type_id`, `CHAMPIONS_champion_id`) VALUES (227, 'Void Stone', 'Kassadin takes 15% reduced magic damage and ignores unit collision.', 'N/A', 'N/A', 'N/A', 1, 44);
INSERT INTO `mydb`.`ABILITES` (`ability_id`, `ABILITIY`, `Description`, `Cost`, `Cooldown`, `Ability_Range`, `ABILITIES_TYPE_abilities_type_id`, `CHAMPIONS_champion_id`) VALUES (228, 'Null Sphere', 'Kassadin fires an orb of void energy at a target, dealing damage and interrupting channels. The excess energy forms around himself, granting a temporary shield that absorbs magic damage.Kassadin fires an orb of void energy at a target enemy, dealing 70/95/120/145/170 (+70% Ability Power) magic damage and interrupting channels.The excess energy forms around himself, granting a shield that absorbs 40/70/100/130/160 (+30% Ability Power) magic damage for 1.5 seconds.', '70/75/80/85/90 Mana', '9', '650', 2, 44);
INSERT INTO `mydb`.`ABILITES` (`ability_id`, `ABILITIY`, `Description`, `Cost`, `Cooldown`, `Ability_Range`, `ABILITIES_TYPE_abilities_type_id`, `CHAMPIONS_champion_id`) VALUES (229, 'Nether Blade', 'Passive: Kassadin\'s basic attacks deal bonus magic damage.Active: Kassadin\'s next basic attack deals significant bonus magic damage and restores Mana.Passive: Kassadin\'s basic attacks draw energy from the void, dealing 20 (+10% Ability Power) bonus magic damage.Active: Kassadin charges his Nether Blade, causing his next basic attack to deal 40/65/90/115/140 (+60% Ability Power) bonus magic damage and restore 4/5/6/7/8% of his missing Mana (increases to 20/25/30/35/40% against champions).', 'N/A', '9', 'N/A', 3, 44);
INSERT INTO `mydb`.`ABILITES` (`ability_id`, `ABILITIY`, `Description`, `Cost`, `Cooldown`, `Ability_Range`, `ABILITIES_TYPE_abilities_type_id`, `CHAMPIONS_champion_id`) VALUES (230, 'Force Pulse', 'Kassadin draws energy from spells cast in his vicinity. Upon charging up, Kassadin can use Force Pulse to damage and slow enemies in a cone in front of him.Kassadin draws energy from spells cast in his vicinity, gaining a charge whenever a spell is cast near him.Upon reaching 6 charges, Kassadin can use Force Pulse to deal 80/105/130/155/180 (+70% Ability Power) magic damage and slow enemies by 50/60/70/80/90% for 1 second in a cone in front of him.', '80 Mana', '6', '400', 4, 44);
INSERT INTO `mydb`.`ABILITES` (`ability_id`, `ABILITIY`, `Description`, `Cost`, `Cooldown`, `Ability_Range`, `ABILITIES_TYPE_abilities_type_id`, `CHAMPIONS_champion_id`) VALUES (231, 'Riftwalk', 'Kassadin teleports to a nearby location dealing damage to nearby enemy units. Multiple Riftwalks in a short period of time cost additional Mana but also deal additional damage.Kassadin teleports to a nearby location dealing 80/100/120 (+0) magic damage to surrounding enemy units.Each subsequent Riftwalk within the next 20 seconds doubles the Mana cost and deals an additional 40/50/60 (+0) magic damage per stack, stacks up to 4 times.', '75 Mana', '6 / 4 / 2', '700', 5, 44);
INSERT INTO `mydb`.`ABILITES` (`ability_id`, `ABILITIY`, `Description`, `Cost`, `Cooldown`, `Ability_Range`, `ABILITIES_TYPE_abilities_type_id`, `CHAMPIONS_champion_id`) VALUES (232, 'Voracity', 'Katarina\'s spell cooldowns are reduced by 15 seconds whenever a champion that she has damaged in the last 3 seconds dies.', 'N/A', 'N/A', 'N/A', 1, 45);
INSERT INTO `mydb`.`ABILITES` (`ability_id`, `ABILITIY`, `Description`, `Cost`, `Cooldown`, `Ability_Range`, `ABILITIES_TYPE_abilities_type_id`, `CHAMPIONS_champion_id`) VALUES (233, 'Bouncing Blades', 'Katarina throws a dagger that bounces from enemy to enemy, dealing magic damage and marking them. Her next spell or basic attack against a marked target will consume the mark and deal additional magic damage.Throws a dagger dealing 60/85/110/135/160 (+45% Ability Power) magic damage. The dagger bounces to the 4 closest enemies dealing 10% less damage with each bounce.Enemies hit are marked for 4 seconds. Katarina\'s basic attacks or spells will consume the mark dealing 15/30/45/60/75 (+15% Ability Power) additional magic damage.', 'N/A', '10 / 9.5 / 9 / 8.5 / 8', '675', 2, 45);
INSERT INTO `mydb`.`ABILITES` (`ability_id`, `ABILITIY`, `Description`, `Cost`, `Cooldown`, `Ability_Range`, `ABILITIES_TYPE_abilities_type_id`, `CHAMPIONS_champion_id`) VALUES (234, 'Sinister Steel', 'Katarina whirls her daggers around her, dealing magic damage to all enemies in the area. If she hits an enemy Champion, Katarina gains a burst of speed for a short duration.Whirls daggers in a circle dealing 40/75/110/145/180 (+60% bonus Attack Damage) (+25% Ability Power) magic damage. If she hits an enemy Champion, Katarina gains 15/20/25/30/35% movement speed for 1 second.', 'N/A', '4', '400', 3, 45);
INSERT INTO `mydb`.`ABILITES` (`ability_id`, `ABILITIY`, `Description`, `Cost`, `Cooldown`, `Ability_Range`, `ABILITIES_TYPE_abilities_type_id`, `CHAMPIONS_champion_id`) VALUES (235, 'Shunpo', 'Katarina instantly teleports to her target\'s location and takes reduced damage from enemies for a few seconds. If the target is an enemy, she deals damage.Teleports to a target\'s location. Deals 60/85/110/135/160 (+40% Ability Power) magic damage if the target is an enemy.After using Shunpo, Katarina takes 15% reduced damage for 1.5 seconds.', 'N/A', '12 / 10.5 / 9 / 7.5 / 6', '700', 4, 45);
INSERT INTO `mydb`.`ABILITES` (`ability_id`, `ABILITIY`, `Description`, `Cost`, `Cooldown`, `Ability_Range`, `ABILITIES_TYPE_abilities_type_id`, `CHAMPIONS_champion_id`) VALUES (236, 'Death Lotus', 'Katarina becomes a flurry of blades, throwing daggers with unrivaled speed at up to three nearby Champions. Daggers deal magic damage and reduce incoming healing on targets hit.Becomes a flurry of blades, throwing daggers at the closest 3 enemy Champions dealing 350/550/750 (+375% bonus Attack Damage) (+250% Ability Power) magic damage over 2.5 seconds.Daggers apply Grievous Wounds, reducing incoming healing by 50% for 3 seconds.', 'N/A', '90 / 60 / 45', '550', 5, 45);
INSERT INTO `mydb`.`ABILITES` (`ability_id`, `ABILITIY`, `Description`, `Cost`, `Cooldown`, `Ability_Range`, `ABILITIES_TYPE_abilities_type_id`, `CHAMPIONS_champion_id`) VALUES (237, 'Holy Fervor', 'When Kayle attacks a champion, the target loses 3% Armor and Magic Resistance for 5 seconds. This effect stacks up to 5 times.', 'N/A', 'N/A', 'N/A', 1, 46);
INSERT INTO `mydb`.`ABILITES` (`ability_id`, `ABILITIY`, `Description`, `Cost`, `Cooldown`, `Ability_Range`, `ABILITIES_TYPE_abilities_type_id`, `CHAMPIONS_champion_id`) VALUES (238, 'Reckoning', 'Blasts an enemy unit with angelic force, dealing damage, slowing Movement Speed, and applying Holy Fervor.Blasts a target, dealing 60/110/160/210/260 (+100% bonus Attack Damage) (+60% Ability Power) magic damage, slowing their Movement Speed by 35/40/45/50/55% for 3 seconds, and applying a stack of Holy Fervor.', '70/75/80/85/90 Mana', '8', '650', 2, 46);
INSERT INTO `mydb`.`ABILITES` (`ability_id`, `ABILITIY`, `Description`, `Cost`, `Cooldown`, `Ability_Range`, `ABILITIES_TYPE_abilities_type_id`, `CHAMPIONS_champion_id`) VALUES (239, 'Divine Blessing', 'Blesses a target friendly champion, granting them increased Movement Speed and healing them.Blesses an allied champion, increasing their Movement Speed by 18/21/24/27/30% (+[7% Ability Power]%) for 3 seconds and healing them for 60/105/150/195/240 (+45% Ability Power) Health.', '60/70/80/90/100 Mana ', '15', '900', 3, 46);
INSERT INTO `mydb`.`ABILITES` (`ability_id`, `ABILITIY`, `Description`, `Cost`, `Cooldown`, `Ability_Range`, `ABILITIES_TYPE_abilities_type_id`, `CHAMPIONS_champion_id`) VALUES (240, 'Righteous Fury', 'Ignites Kayle\'s sword with a holy flame, granting Kayle a ranged splash attack and bonus magic damage.Kayle increases her Attack Range by 400 for 10 seconds and her basic attack deals an additional 20/30/40/50/60 (+25% Ability Power) magic damage on hit.In addition, enemies near her target take 20/30/40/50/60 (+20/25/30/35/40% Attack Damage) (+25% Ability Power) magic damage on attack.', '45 Mana', '16', 'N/A', 4, 46);
INSERT INTO `mydb`.`ABILITES` (`ability_id`, `ABILITIY`, `Description`, `Cost`, `Cooldown`, `Ability_Range`, `ABILITIES_TYPE_abilities_type_id`, `CHAMPIONS_champion_id`) VALUES (241, 'Intervention', 'Shields Kayle or an ally for a short time, causing them to be immune to damage.Bathes Kayle\'s target in a holy light, rendering them immune to all damage for 2/2.5/3 seconds.', 'N/A', '100 / 90 / 80', '900', 5, 46);
INSERT INTO `mydb`.`ABILITES` (`ability_id`, `ABILITIY`, `Description`, `Cost`, `Cooldown`, `Ability_Range`, `ABILITIES_TYPE_abilities_type_id`, `CHAMPIONS_champion_id`) VALUES (242, 'Mark of the Storm', 'Kennen\'s abilities add a Mark of the Storm to its target for 6.25 seconds. Upon receiving 3 Marks of the Storm, an opponent is stunned for 1 second and Kennen gains 25 Energy. The stun has a diminished effect if it occurs again within 7 seconds.', 'N/A', 'N/A', 'N/A', 1, 47);
INSERT INTO `mydb`.`ABILITES` (`ability_id`, `ABILITIY`, `Description`, `Cost`, `Cooldown`, `Ability_Range`, `ABILITIES_TYPE_abilities_type_id`, `CHAMPIONS_champion_id`) VALUES (243, 'Thundering Shuriken', 'Kennen throws a fast moving shuriken towards a location, causing damage and adding a Mark of the Storm to any opponent that it hits.Throws a shuriken that deals 75/115/155/195/235 (+75% Ability Power) magic damage to the first enemy it hits.', '65/60/55/50/45 Energy', '8 / 7 / 6 / 5 / 4', '950', 2, 47);
INSERT INTO `mydb`.`ABILITES` (`ability_id`, `ABILITIY`, `Description`, `Cost`, `Cooldown`, `Ability_Range`, `ABILITIES_TYPE_abilities_type_id`, `CHAMPIONS_champion_id`) VALUES (244, 'Electrical Surge', 'Kennen passively deals extra damage and adds a Mark of the Storm to his target every few attacks, and he can activate this ability to damage and add another Mark of the Storm to targets who are already marked.Passive: Every 5 attacks, Kennen deals bonus magic damage equal to 40/50/60/70/80% of his attack damage and adds a Mark of the Storm to his target.Active: Sends a surge of electricity through all nearby targets caught in Slicing Maelstrom or afflicted by Mark of the Storm, dealing 65/95/125/155/185 (+55% Ability Power) magic damage.', '45 Energy', '14 / 12 / 10 / 8 / 6', '900', 3, 47);
INSERT INTO `mydb`.`ABILITES` (`ability_id`, `ABILITIY`, `Description`, `Cost`, `Cooldown`, `Ability_Range`, `ABILITIES_TYPE_abilities_type_id`, `CHAMPIONS_champion_id`) VALUES (245, 'Lightning Rush', 'Kennen morphs into a lightning form, enabling him to pass through units. Any enemy unit he runs through takes damage and gets a Mark of the Storm.Kennen gains 335 movement speed and ignores unit collision for 2 seconds, dealing 85/125/165/205/245 (+60% Ability Power) magic damage to any enemy he passes through. Additionally, Kennen will gain 10/20/30/40/50 Armor and Magic Resist for 4 seconds. Kennen gains 40 Energy the first time he passes through an enemy.Lightning Rush deals half damage to minions.', '100/95/90/85/80 Energy', '10 / 9 / 8 / 7 / 6', 'N/A', 4, 47);
INSERT INTO `mydb`.`ABILITES` (`ability_id`, `ABILITIY`, `Description`, `Cost`, `Cooldown`, `Ability_Range`, `ABILITIES_TYPE_abilities_type_id`, `CHAMPIONS_champion_id`) VALUES (246, 'Slicing Maelstrom', 'Kennen summons a storm that strikes at random nearby enemy champions for magical damage.Summons a magical storm for 3/4/5 seconds that deals 80/145/210 (+40% Ability Power) magic damage to a random enemy champion near Kennen every .25 seconds. Slicing Maelstrom can only hit the same champion once every .5 seconds and no more than 3 times in total.', 'N/A', '120', '550', 5, 47);
INSERT INTO `mydb`.`ABILITES` (`ability_id`, `ABILITIY`, `Description`, `Cost`, `Cooldown`, `Ability_Range`, `ABILITIES_TYPE_abilities_type_id`, `CHAMPIONS_champion_id`) VALUES (247, 'Unseen Threat', 'When Kha\'Zix is not visible to the enemy team, he gains Unseen Threat, causing his next basic attack against an enemy Champion to deal bonus magic damage and slow.', 'N/A', 'N/A', 'N/A', 1, 48);
INSERT INTO `mydb`.`ABILITES` (`ability_id`, `ABILITIY`, `Description`, `Cost`, `Cooldown`, `Ability_Range`, `ABILITIES_TYPE_abilities_type_id`, `CHAMPIONS_champion_id`) VALUES (248, 'Taste Their Fear', 'Kha\'Zix passively marks enemies that are isolated from nearby allies. Taste Their Fear deals physical damage to a single target. Damage increased on isolated targets. If he chooses to Evolve Enlarged Claws, this deals extra bonus damage against isolated targets. Kha\'Zix also gains increased range on his basic attacks and Taste Their Fear.Passive: Marks enemies who are isolated from nearby allies.Active: Deals 70/95/120/145/170 (+120% bonus Attack Damage) physical damage. If the target is isolated, the damage is increased to 91/124/156/189/221 (+156% bonus Attack Damage).Evolved Enlarged Claws: If target is isolated, the damage is increased to 0 (+0). Increases the range of Taste Their Fear and Kha\'Zix\'s basic attacks by 50.', '25 Mana', '3.5', '325', 2, 48);
INSERT INTO `mydb`.`ABILITES` (`ability_id`, `ABILITIY`, `Description`, `Cost`, `Cooldown`, `Ability_Range`, `ABILITIES_TYPE_abilities_type_id`, `CHAMPIONS_champion_id`) VALUES (249, 'Void Spike', 'Kha\'Zix fires exploding spikes that slow and deal physical damage to all nearby enemies. Kha\'Zix is healed if he is also within the explosion radius. If he chooses to Evolve Spike Racks, Void Spike fires three spikes in a cone and Void Spike\'s slow effect is increased.Fires exploding spikes, dealing 80/110/140/170/200 (+100% bonus Attack Damage) physical damage to all nearby enemies (20% bonus damage to monsters) and slowing them for 20% for 2 seconds. Heals Kha\'Zix for 40/70/100/130/160 (+50% Ability Power) if he is within the explosion radius.Evolved Spike Racks: Void Spike fires three spikes in a cone, slowing enemies hit by 50% for 2 seconds. If the target is a champion, Kha\'Zix gains vision of them for 2 seconds (does not affect stealthed units).', '55/60/65/70/75 Mana ', '10', '1000', 3, 48);
INSERT INTO `mydb`.`ABILITES` (`ability_id`, `ABILITIY`, `Description`, `Cost`, `Cooldown`, `Ability_Range`, `ABILITIES_TYPE_abilities_type_id`, `CHAMPIONS_champion_id`) VALUES (250, 'Leap', 'Kha\'Zix leaps to an area, dealing physical damage upon landing. If he chooses to Evolve Wings, Leap\'s range increases dramatically. Also, on champion kill or assist, Leap\'s cooldown resets.Leaps to a target area, dealing 65/100/135/170/205 (+20% bonus Attack Damage) physical damage.Evolved Wings: Increases Leap\'s range. On champion kill or assist, Leap\'s cooldown resets.', '50 Mana', '20 / 18 / 16 / 14 / 12', '600', 4, 48);
INSERT INTO `mydb`.`ABILITES` (`ability_id`, `ABILITIY`, `Description`, `Cost`, `Cooldown`, `Ability_Range`, `ABILITIES_TYPE_abilities_type_id`, `CHAMPIONS_champion_id`) VALUES (251, 'Void Assault', 'Each rank allows Kha\'Zix to evolve one of his abilities, giving it a unique additional effect. When activated, Void Assault stealths Kha\'Zix, triggers Unseen Threat, and increases Movement Speed. If he chooses to Evolve Active Camouflage, Void Assault can be cast three times and stealth duration increased.Passive: Ranking up Void Assault allows Kha\'Zix to evolve one of his abilities.Active: Stealths for 1 second. Activates Unseen Threat and increases Kha\'Zix\'s Movement Speed by 40%. Additionally, Kha\'Zix ignores unit collision while stealthed. Void Assault can be cast a second time within 15 seconds.Evolved Active Camouflage: Void Assault can be cast three times and its duration increases to 2 seconds.', '100 Mana', '100 / 90 / 80', 'N/A', 5, 48);
INSERT INTO `mydb`.`ABILITES` (`ability_id`, `ABILITIY`, `Description`, `Cost`, `Cooldown`, `Ability_Range`, `ABILITIES_TYPE_abilities_type_id`, `CHAMPIONS_champion_id`) VALUES (252, 'Icathian Surprise', 'Upon dying, Kog\'Maw starts a chain reaction in his body which causes him to move faster and detonate after 4 seconds; dealing 100 + (25 x lvl) true damage to surrounding enemies.', 'N/A', 'N/A', 'N/A', 1, 49);
INSERT INTO `mydb`.`ABILITES` (`ability_id`, `ABILITIY`, `Description`, `Cost`, `Cooldown`, `Ability_Range`, `ABILITIES_TYPE_abilities_type_id`, `CHAMPIONS_champion_id`) VALUES (253, 'Caustic Spittle', 'Passive: Increases Kog\'Maw\'s Attack Speed.Active: Kog\'Maw launches a corrosive projectile which deals Magic Damage and corrodes the target\'s Armor and Magic Resist for 4 seconds.Passive: Increases Attack Speed by 10/15/20/25/30%.Active: Launches a corrosive projectile that deals 80/130/180/230/280 (+50% Ability Power) Magic Damage to the first enemy hit and reduces its Armor and Magic Resist by 12/16/20/24/28% for 4 seconds.', '60 Mana', '8', '975', 2, 49);
INSERT INTO `mydb`.`ABILITES` (`ability_id`, `ABILITIY`, `Description`, `Cost`, `Cooldown`, `Ability_Range`, `ABILITIES_TYPE_abilities_type_id`, `CHAMPIONS_champion_id`) VALUES (254, 'Bio-Arcane Barrage', 'Kog\'Maw\'s attacks gain range and deal a percent of the target\'s maximum Health as Magic Damage.Basic attacks gain 130/150/170/190/210 range and deal additional Magic Damage equal to 2/3/4/5/6% (+1% Ability Power)% of the enemy\'s maximum Health (Max: 100 Damage vs Monsters). Lasts 8 seconds.', 'N/A', '17', 'N/A', 3, 49);
INSERT INTO `mydb`.`ABILITES` (`ability_id`, `ABILITIY`, `Description`, `Cost`, `Cooldown`, `Ability_Range`, `ABILITIES_TYPE_abilities_type_id`, `CHAMPIONS_champion_id`) VALUES (255, 'Void Ooze', 'Kog\'Maw launches a peculiar ooze which damages all enemies it passes through and leaves a trail which slows enemies who stand on it.Deals 60/110/160/210/260 (+70% Ability Power) Magic Damage to enemies it passes through and leaves a trail which slows enemies by 20/28/36/44/52% for 4 seconds.', '80/90/100/110/120 Mana ', '12', '1200', 4, 49);
INSERT INTO `mydb`.`ABILITES` (`ability_id`, `ABILITIY`, `Description`, `Cost`, `Cooldown`, `Ability_Range`, `ABILITIES_TYPE_abilities_type_id`, `CHAMPIONS_champion_id`) VALUES (256, 'Living Artillery', 'Kog\'Maw fires a living artillery shell at a great distance dealing damage and revealing non-stealthed targets. Additionally, multiple Living Artilleries in a short period of time cause them to cost additional Mana.Fires a living artillery shot from a great distance that lands shortly after launch. Deals 80/120/160 (+50% bonus Attack Damage) (+30% Ability Power) Magic Damage and reveals non-stealthed enemies for 4 seconds (deals 100% bonus base damage to Champions).Subsequent artillery shots within 6 seconds cost 40 additional Mana up to a maximum of 400 Mana.', '40 Mana', '2 / 1.5 / 1', '1200/1500/1800', 5, 49);
INSERT INTO `mydb`.`ABILITES` (`ability_id`, `ABILITIY`, `Description`, `Cost`, `Cooldown`, `Ability_Range`, `ABILITIES_TYPE_abilities_type_id`, `CHAMPIONS_champion_id`) VALUES (257, 'Mirror Image', 'When LeBlanc drops below 40% Health, she becomes invisible for 1 second and creates a Mirror Image that deals no damage and lasts for up to 8 seconds.Mirror Image has a 1 minute cooldown.Mirror Image can be controlled by holding the Alt key and using the right mouse button.', 'N/A', '60', 'N/A', 1, 50);
INSERT INTO `mydb`.`ABILITES` (`ability_id`, `ABILITIY`, `Description`, `Cost`, `Cooldown`, `Ability_Range`, `ABILITIES_TYPE_abilities_type_id`, `CHAMPIONS_champion_id`) VALUES (258, 'Sigil of Malice', 'LeBlanc projects an orb towards her target, dealing magic damage and marking the target for 3.5 seconds. If the target takes damage from one of LeBlanc\'s abilities, the sigil will trigger, dealing damage.Deals 55/80/105/130/155 (+40% Ability Power) magic damage and marks the target for 3.5 seconds.If the target takes damage from one of LeBlanc\'s abilities, the mark will trigger, dealing 55/80/105/130/155 (+40% Ability Power) magic damage.', '50/60/70/80/90 Mana', '6', '700', 2, 50);
INSERT INTO `mydb`.`ABILITES` (`ability_id`, `ABILITIY`, `Description`, `Cost`, `Cooldown`, `Ability_Range`, `ABILITIES_TYPE_abilities_type_id`, `CHAMPIONS_champion_id`) VALUES (259, 'Distortion', 'LeBlanc rapidly dashes to a target location, dealing magic damage to nearby units. In the following 4 seconds, she can activate Distortion again to return to her starting location.Dashes to a target location, dealing 85/125/165/205/245 (+60% Ability Power) magic damage to nearby units.For 4 seconds, she can activate Distortion again to return to her starting location.', '80/85/90/95/100 Mana', '18 / 16 / 14 / 12 / 10', '600', 3, 50);
INSERT INTO `mydb`.`ABILITES` (`ability_id`, `ABILITIY`, `Description`, `Cost`, `Cooldown`, `Ability_Range`, `ABILITIES_TYPE_abilities_type_id`, `CHAMPIONS_champion_id`) VALUES (260, 'Ethereal Chains', 'LeBlanc flings illusionary chains towards a target location. If it hits an enemy unit, it will deal initial magic damage and slow their Movement Speed by 25%. If the target remains shackled for 2 seconds, the target takes additional magic damage and is unable to move.Launches a chain that shackles the first unit hit to LeBlanc, dealing 40/65/90/115/140 (+50% Ability Power) magic damage and slowing their Movement Speed by 25%.If the target remains shackled for 1.5 seconds they take an additional 40/65/90/115/140 (+50% Ability Power) magic damage and are unable to move for 1.5 seconds.', '80 Mana', '14 / 12.5 / 11 / 9.5 / 8', '925', 4, 50);
INSERT INTO `mydb`.`ABILITES` (`ability_id`, `ABILITIY`, `Description`, `Cost`, `Cooldown`, `Ability_Range`, `ABILITIES_TYPE_abilities_type_id`, `CHAMPIONS_champion_id`) VALUES (261, 'Mimic', 'LeBlanc can cast a mimicked version of the previous spell she cast.LeBlanc can cast a mimicked version of the previous spell she cast.Mimicked Sigil of Malice and Ethereal Chains deal 100/200/300 (+60% Ability Power) magic damage on both instances of their damage.Mimicked Distortion deals 150/300/450 (+90% Ability Power) magic damage.', 'N/A', '40 / 32 / 24', 'N/A', 5, 50);
INSERT INTO `mydb`.`ABILITES` (`ability_id`, `ABILITIY`, `Description`, `Cost`, `Cooldown`, `Ability_Range`, `ABILITIES_TYPE_abilities_type_id`, `CHAMPIONS_champion_id`) VALUES (262, 'Flurry', 'After Lee Sin uses an ability, his next 2 basic attacks gain 40% Attack Speed and return 15 Energy each.', 'N/A', 'N/A', 'N/A', 1, 51);
INSERT INTO `mydb`.`ABILITES` (`ability_id`, `ABILITIY`, `Description`, `Cost`, `Cooldown`, `Ability_Range`, `ABILITIES_TYPE_abilities_type_id`, `CHAMPIONS_champion_id`) VALUES (263, 'Sonic Wave', 'Lee Sin projects a discordant wave of sound to locate his enemies, dealing 50/80/110/140/170 (+90% bonus Attack Damage) physical damage to the first enemy it encounters. If Sonic Wave hits, Lee Sin can cast Resonating Strike for the next 3 seconds.', '50 Energy', '11 / 10 / 9 / 8 / 7', '1000', 2, 51);
INSERT INTO `mydb`.`ABILITES` (`ability_id`, `ABILITIY`, `Description`, `Cost`, `Cooldown`, `Ability_Range`, `ABILITIES_TYPE_abilities_type_id`, `CHAMPIONS_champion_id`) VALUES (264, 'Resonating Strike', 'Lee Sin dashes to the enemy hit by Sonic Wave, dealing 50/80/110/140/170 (+90% bonus Attack Damage) physical damage plus 8% of their missing Health (Max: 400 Damage vs. Monsters).', '30 Energy', 'After Sonic Wawe', '1000', 2, 51);
INSERT INTO `mydb`.`ABILITES` (`ability_id`, `ABILITIY`, `Description`, `Cost`, `Cooldown`, `Ability_Range`, `ABILITIES_TYPE_abilities_type_id`, `CHAMPIONS_champion_id`) VALUES (265, 'Safeguard', 'Lee Sin rushes towards a target ally. If the ally is a champion, Lee Sin shields the ally and himself for 40/80/120/160/200 (+80% Ability Power) damage for 2 seconds and Safeguard\'s cooldown is reduced by 50%. After using Safeguard, Lee Sin can cast Iron Will for the next 3 seconds.', '50 Energy', '14', '700', 3, 51);
INSERT INTO `mydb`.`ABILITES` (`ability_id`, `ABILITIY`, `Description`, `Cost`, `Cooldown`, `Ability_Range`, `ABILITIES_TYPE_abilities_type_id`, `CHAMPIONS_champion_id`) VALUES (266, 'Iron Will', 'Lee Sin\'s intense training allows him to thrive in battle. For 4 seconds, Lee Sin gains 5/10/15/20/25% Life Steal and Spell Vamp.', '30 Energy', 'After Safeguard', '700', 3, 51);
INSERT INTO `mydb`.`ABILITES` (`ability_id`, `ABILITIY`, `Description`, `Cost`, `Cooldown`, `Ability_Range`, `ABILITIES_TYPE_abilities_type_id`, `CHAMPIONS_champion_id`) VALUES (267, 'Tempest', 'Lee Sin smashes the ground, sending out a shockwave that deals 60/95/130/165/200 (+100% bonus Attack Damage) magic damage and reveals enemy units hit for 4 seconds. If Tempest hits an enemy, Lee Sin can cast Cripple for the next 3 seconds.', '50 Energy', '10', '425', 4, 51);
INSERT INTO `mydb`.`ABILITES` (`ability_id`, `ABILITIY`, `Description`, `Cost`, `Cooldown`, `Ability_Range`, `ABILITIES_TYPE_abilities_type_id`, `CHAMPIONS_champion_id`) VALUES (268, 'Cripple', 'Lee Sin cripples nearby enemies revealed by Tempest for 4 seconds, reducing their Movement Speed by 20/30/40/50/60%. Movement Speed recovers gradually over the duration.', '30 Energy', 'After Tempest', '425', 4, 51);
INSERT INTO `mydb`.`ABILITES` (`ability_id`, `ABILITIY`, `Description`, `Cost`, `Cooldown`, `Ability_Range`, `ABILITIES_TYPE_abilities_type_id`, `CHAMPIONS_champion_id`) VALUES (269, 'Dragon\'s Rage', 'Lee Sin performs a powerful roundhouse kick launching an enemy champion back, dealing 200/400/600 (+200% bonus Attack Damage) physical damage to the target and any enemies they collide with. Enemies the target collides with are knocked into the air for a short duration.', 'N/A', '90 / 75 / 60', '375', 5, 51);
INSERT INTO `mydb`.`ABILITES` (`ability_id`, `ABILITIY`, `Description`, `Cost`, `Cooldown`, `Ability_Range`, `ABILITIES_TYPE_abilities_type_id`, `CHAMPIONS_champion_id`) VALUES (270, 'Sunlight', 'Damaging spells afflict enemies with Sunlight for 3.5 seconds. When allied Champions deal damage to those targets, they consume the Sunlight debuff to deal additional magic damage.', 'N/A', 'N/A', 'N/A', 1, 52);
INSERT INTO `mydb`.`ABILITES` (`ability_id`, `ABILITIY`, `Description`, `Cost`, `Cooldown`, `Ability_Range`, `ABILITIES_TYPE_abilities_type_id`, `CHAMPIONS_champion_id`) VALUES (271, 'Shield of Daybreak', 'Leona uses her shield to perform her next basic attack, dealing bonus magic damage and stunning the target.The next basic attack deals an additional 40/70/100/130/160 (+30% Ability Power) magic damage and stuns an enemy for 1.25 seconds.', '45/50/55/60/65 Mana ', '11 / 10 / 9 / 8 / 7', 'N/A', 2, 52);
INSERT INTO `mydb`.`ABILITES` (`ability_id`, `ABILITIY`, `Description`, `Cost`, `Cooldown`, `Ability_Range`, `ABILITIES_TYPE_abilities_type_id`, `CHAMPIONS_champion_id`) VALUES (272, 'Eclipse', 'Leona raises her shield to gain Armor and Magic Resistance. When the duration first ends, if there are nearby enemies, she will deal magic damage to them and prolong the duration of the effect.Gains 20/30/40/50/60 (+20% of bonus Armor) bonus Armor and 20/30/40/50/60 (+20% of bonus Magic Resistance) Magic Resist for 3 seconds. When the effect ends, nearby enemies struck take 60/110/160/210/260 (+40% Ability Power) magic damage and Leona retains her bonus Armor and Magic Resist for 3 seconds.', '60 Mana', '14', '450', 3, 52);
INSERT INTO `mydb`.`ABILITES` (`ability_id`, `ABILITIY`, `Description`, `Cost`, `Cooldown`, `Ability_Range`, `ABILITIES_TYPE_abilities_type_id`, `CHAMPIONS_champion_id`) VALUES (273, 'Zenith Blade', 'Leona projects a solar image of her sword, dealing magic damage to all enemies in a line. When the image fades, the last enemy champion struck will be briefly immobilized and Leona will dash to them.Strikes all enemies in a line dealing 60/100/140/180/220 (+40% Ability Power) magic damage. The last enemy Champion struck will be briefly rooted and Leona will dash to them.', '60 Mana', '13 / 12 / 11 / 10 / 9', '875', 4, 52);
INSERT INTO `mydb`.`ABILITES` (`ability_id`, `ABILITIY`, `Description`, `Cost`, `Cooldown`, `Ability_Range`, `ABILITIES_TYPE_abilities_type_id`, `CHAMPIONS_champion_id`) VALUES (274, 'Solar Flare', 'Leona calls down a beam of solar energy, dealing damage to enemies in an area. Enemies in the center of the area are stunned, while enemies on the outside are slowed.Calls down a radiant beam of solar energy dealing 150/250/350 (+80% Ability Power) magic damage and slowing enemies by 80% for 1.5 seconds. Enemies in the center of the flare are stunned instead of slowed.', '100 Mana', '90 / 75 / 60', '1200', 5, 52);
INSERT INTO `mydb`.`ABILITES` (`ability_id`, `ABILITIY`, `Description`, `Cost`, `Cooldown`, `Ability_Range`, `ABILITIES_TYPE_abilities_type_id`, `CHAMPIONS_champion_id`) VALUES (275, 'Iceborn', 'Every 18 seconds Lissandra\'s next ability costs no Mana. This cooldown is reduced by 1 second whenever Lissandra impairs an enemy\'s movement with an ability (does not apply to movement-impairing effects from items).', 'N/A', '18', 'N/A', 1, 53);
INSERT INTO `mydb`.`ABILITES` (`ability_id`, `ABILITIY`, `Description`, `Cost`, `Cooldown`, `Ability_Range`, `ABILITIES_TYPE_abilities_type_id`, `CHAMPIONS_champion_id`) VALUES (276, 'Iceshard', 'Throws a spear of ice that shatters when it hits an enemy, dealing magic damage and slowing Movement Speed. Shards pass through the target, dealing the same damage to other enemies hit.Throws a spear of ice that shatters when it hits an enemy, dealing 70/100/130/160/190 (+65% Ability Power) magic damage and slowing Movement Speed by 16/19/22/25/28% for 1.5 seconds. Shards then pass through the target, dealing the same damage to other enemies hit.', '85 Mana', '6 / 5.25 / 4.5 / 3.75 / 3', '725', 2, 53);
INSERT INTO `mydb`.`ABILITES` (`ability_id`, `ABILITIY`, `Description`, `Cost`, `Cooldown`, `Ability_Range`, `ABILITIES_TYPE_abilities_type_id`, `CHAMPIONS_champion_id`) VALUES (277, 'Ring of Frost', 'Freezes nearby enemies in ice, dealing magic damage and rooting them.Deals 70/110/150/190/230 (+40% Ability Power) magic damage to nearby enemies and roots them for 1.1/1.2/1.3/1.4/1.5 seconds.', '50 Mana', '14 / 13 / 12 / 11 / 10', '450', 3, 53);
INSERT INTO `mydb`.`ABILITES` (`ability_id`, `ABILITIY`, `Description`, `Cost`, `Cooldown`, `Ability_Range`, `ABILITIES_TYPE_abilities_type_id`, `CHAMPIONS_champion_id`) VALUES (278, 'Glacial Path', 'Lissandra creates an ice claw that deals magic damage. Reactivating this ability transports Lissandra to the claw\'s current location.Casts an ice claw that deals 70/115/160/205/250 (+60% Ability Power) magic damage to all enemies hit. Reactivating this ability transports Lissandra to the claw\'s current location.', '80/85/90/95/100 Mana ', '24 / 21 / 18 / 15 / 12', '1050', 4, 53);
INSERT INTO `mydb`.`ABILITES` (`ability_id`, `ABILITIY`, `Description`, `Cost`, `Cooldown`, `Ability_Range`, `ABILITIES_TYPE_abilities_type_id`, `CHAMPIONS_champion_id`) VALUES (279, 'Frozen Tomb', 'If cast on an enemy champion, the target is frozen solid, stunning it. If cast on Lissandra, she encases herself in dark ice, becoming untargetable and invulnerable. Dark ice then emanates from the target dealing magic damage to enemies and slowing Movement Speed.On Enemy Cast: Freezes target champion solid, stunning it for 1.5 seconds.On Self Cast: Lissandra encases herself in dark ice for 2.5 seconds, becoming untargetable and invulnerable but unable to take any actions.Dark ice then emanates from the target dealing 150/250/350 (+70% Ability Power) magic damage to enemies. The ice lasts for 3 seconds and slows enemy Movement Speed by 30/45/75%.', '100 Mana', '130 / 105 / 80', '550', 5, 53);
INSERT INTO `mydb`.`ABILITES` (`ability_id`, `ABILITIY`, `Description`, `Cost`, `Cooldown`, `Ability_Range`, `ABILITIES_TYPE_abilities_type_id`, `CHAMPIONS_champion_id`) VALUES (280, 'Lightslinger', 'Whenever Lucian uses an ability, his next attack becomes a double-shot.', 'N/A', 'N/A', 'N/A', 1, 54);
INSERT INTO `mydb`.`ABILITES` (`ability_id`, `ABILITIY`, `Description`, `Cost`, `Cooldown`, `Ability_Range`, `ABILITIES_TYPE_abilities_type_id`, `CHAMPIONS_champion_id`) VALUES (281, 'Piercing Light', 'Lucian shoots a bolt of piercing light through a target.Shoots a bolt of piercing light through an enemy unit, damaging enemies in a line for 80/110/140/170/200 (+60/75/90/105/120% Attack Damage) (60/75/90/105/120% of bonus Attack Damage) physical damage.', '50/55/60/65/70 Mana ', '9 / 8 / 7 / 6 / 5', '500', 2, 54);
INSERT INTO `mydb`.`ABILITES` (`ability_id`, `ABILITIY`, `Description`, `Cost`, `Cooldown`, `Ability_Range`, `ABILITIES_TYPE_abilities_type_id`, `CHAMPIONS_champion_id`) VALUES (282, 'Ardent Blaze', 'Lucian shoots a missile that explodes in a star shape, marking enemies. Lucian gains Movement Speed for attacking marked enemies.Fires a shot that explodes upon enemy contact or reaching the end of its path. The explosion deals 60/100/140/180/220 (+90% Ability Power) magic damage and marks enemies for 6 seconds.Damaging marked targets grants Lucian 40/45/50/55/60 Movement Speed for 2 seconds.', '60 Mana', '14 / 13 / 12 / 11 / 10', '1000', 3, 54);
INSERT INTO `mydb`.`ABILITES` (`ability_id`, `ABILITIY`, `Description`, `Cost`, `Cooldown`, `Ability_Range`, `ABILITIES_TYPE_abilities_type_id`, `CHAMPIONS_champion_id`) VALUES (283, 'Relentless Pursuit', 'Lucian quickly dashes a short distance. Lightslinger attacks reduce Relentless Pursuit\'s cooldown.Quickly dashes a short distance.Whenever Lightslinger hits an enemy, Relentless Pursuit\'s cooldown is reduced by 1 second (doubles to 2 seconds against champions).', '40/30/20/10/0 Mana', '18 / 17 / 16 / 15 / 14', '445', 4, 54);
INSERT INTO `mydb`.`ABILITES` (`ability_id`, `ABILITIY`, `Description`, `Cost`, `Cooldown`, `Ability_Range`, `ABILITIES_TYPE_abilities_type_id`, `CHAMPIONS_champion_id`) VALUES (284, 'The Culling', 'Lucian unleashes a torrent of shots from his weapons.Lucian moves freely while firing rapidly in a single direction for 3 seconds. His shots collide with the first enemy they hit and each do 40/50/60 (+10% Ability Power) (+25% bonus Attack Damage) physical damage. The number of shots scales with his Attack Speed. The Culling does 400% damage to minions.Lucian may use Relentless Pursuit during The Culling.Reactivate The Culling to cancel early.', '100 Mana', '110 / 100 / 90', '1400', 5, 54);
INSERT INTO `mydb`.`ABILITES` (`ability_id`, `ABILITIY`, `Description`, `Cost`, `Cooldown`, `Ability_Range`, `ABILITIES_TYPE_abilities_type_id`, `CHAMPIONS_champion_id`) VALUES (285, 'Pix, Faerie Companion', 'Pix is a wild Faerie that accompanies Lulu. Pix will fire a barrage of magical energy at targets that Lulu attacks.', 'N/A', 'N/A', 'N/A', 1, 55);
INSERT INTO `mydb`.`ABILITES` (`ability_id`, `ABILITIY`, `Description`, `Cost`, `Cooldown`, `Ability_Range`, `ABILITIES_TYPE_abilities_type_id`, `CHAMPIONS_champion_id`) VALUES (286, 'Glitterlance', 'Pix and Lulu each fire a bolt of magical energy that heavily slows all enemies it hits. An enemy can only be damaged by one bolt.Lulu and Pix each fire a piercing bolt dealing 80/125/170/215/260 (+50% Ability Power) magic damage, slowing enemies hit by 80% for 1/1.25/1.5/1.75/2 second(s). This slow decays over time.An enemy can only be damaged by one bolt.', '60/65/70/75/80 Mana ', '7', '925', 2, 55);
INSERT INTO `mydb`.`ABILITES` (`ability_id`, `ABILITIY`, `Description`, `Cost`, `Cooldown`, `Ability_Range`, `ABILITIES_TYPE_abilities_type_id`, `CHAMPIONS_champion_id`) VALUES (287, 'Whimsy', 'If cast on an ally, grants them Movement Speed for a short time. If cast on an enemy, turns them into an adorable critter that can\'t attack or cast spells.On Ally Cast: Target ally gains 30 (+10% Ability Power)% Movement Speed for 3/3.5/4/4.5/5 seconds.On Enemy Cast: Polymorphs an enemy champion for 1.25/1.5/1.75/2/2.25 seconds, disabling their ability to attack or cast spells and reducing their base Movement Speed by 60.', '65 Mana', '18 / 16.5 / 15 / 13.5 / 12', '650', 3, 55);
INSERT INTO `mydb`.`ABILITES` (`ability_id`, `ABILITIY`, `Description`, `Cost`, `Cooldown`, `Ability_Range`, `ABILITIES_TYPE_abilities_type_id`, `CHAMPIONS_champion_id`) VALUES (288, 'Help, Pix!', 'If cast on an ally, commands Pix to jump to an ally and shield them. He then follows them and aids their attacks. If cast on an enemy, commands Pix to jump to an enemy and damage them. He then follows them and grants you vision of that enemy.On Ally Cast: Commands Pix to jump to an ally and then follow and aid their attacks instead of Lulu\'s for 6 seconds. If the ally is a champion, Pix shields them from 80/120/160/200/240 (+60% Ability Power) damage for 6 seconds.On Enemy Cast: Pix deals 80/110/140/170/200 (+40% Ability Power) magic damage to target enemy unit. Pix then follows and grants vision of them for 4 seconds.', '60/70/80/90/100 Mana ', '10', '650', 4, 55);
INSERT INTO `mydb`.`ABILITES` (`ability_id`, `ABILITIY`, `Description`, `Cost`, `Cooldown`, `Ability_Range`, `ABILITIES_TYPE_abilities_type_id`, `CHAMPIONS_champion_id`) VALUES (289, 'Wild Growth', 'Lulu enlarges an ally, knocking nearby enemies into the air and granting the ally a large amount of bonus health. For the next few seconds, that ally gains an aura that slows nearby enemies.Lulu enlarges her ally, knocking nearby enemies into the air. For 7 seconds, her ally gains 300/450/600 (+50% Ability Power) bonus health and slows nearby enemies by 30/45/60%.', '100 Mana', '110 / 95 / 80', '900', 5, 55);
INSERT INTO `mydb`.`ABILITES` (`ability_id`, `ABILITIY`, `Description`, `Cost`, `Cooldown`, `Ability_Range`, `ABILITIES_TYPE_abilities_type_id`, `CHAMPIONS_champion_id`) VALUES (290, 'Illumination', 'Lux\'s damaging spells charge the target with energy for 6 seconds. Lux\'s next attack ignites the energy, dealing bonus magic damage (depending on Lux\'s level) to the target.', 'N/A', 'N/A', 'N/A', 1, 56);
INSERT INTO `mydb`.`ABILITES` (`ability_id`, `ABILITIY`, `Description`, `Cost`, `Cooldown`, `Ability_Range`, `ABILITIES_TYPE_abilities_type_id`, `CHAMPIONS_champion_id`) VALUES (291, 'Light Binding', 'Lux releases a sphere of light that binds and deals damage to up to two enemy units.Fires a ball of light, rooting the first enemy hit for 2 seconds and dealing 60/110/160/210/260 (+70% Ability Power) magic damage. The second enemy receives 50% of the effect.', '50/60/70/80/90 Mana ', '15 / 14 / 13 / 12 / 11', '1175', 2, 56);
INSERT INTO `mydb`.`ABILITES` (`ability_id`, `ABILITIY`, `Description`, `Cost`, `Cooldown`, `Ability_Range`, `ABILITIES_TYPE_abilities_type_id`, `CHAMPIONS_champion_id`) VALUES (292, 'Prismatic Barrier', 'Lux throws her wand and bends the light around any friendly target it touches, protecting them from enemy damage.Throws Lux\'s wand to a target location and back, protecting herself and all allied Champions it touches from 80/105/130/155/180 (+35% Ability Power) damage for 3 seconds.', '60 Mana', '14 / 13 / 12 / 11 / 10', '1075', 3, 56);
INSERT INTO `mydb`.`ABILITES` (`ability_id`, `ABILITIY`, `Description`, `Cost`, `Cooldown`, `Ability_Range`, `ABILITIES_TYPE_abilities_type_id`, `CHAMPIONS_champion_id`) VALUES (293, 'Lucent Singularity', 'Fires an anomaly of twisted light to an area, which slows nearby enemies. Lux can detonate it to damage enemies in the area of effect.Creates a zone that slows enemies by 20/24/28/32/36%. After 5 seconds the zone detonates dealing 60/105/150/195/240 (+60% Ability Power) magic damage.Activate again to detonate early.', '70/85/100/115/130 Mana', '10', '1100', 4, 56);
INSERT INTO `mydb`.`ABILITES` (`ability_id`, `ABILITIY`, `Description`, `Cost`, `Cooldown`, `Ability_Range`, `ABILITIES_TYPE_abilities_type_id`, `CHAMPIONS_champion_id`) VALUES (294, 'Final Spark', 'After gathering energy, Lux fires a beam of light that deals damage to all targets in the area. In addition, triggers Lux\'s passive ability and refreshes the Illumination debuff duration.Channels a dazzling ray of light dealing 300/400/500 (+75% Ability Power) magic damage to all enemies in a line. Final Spark ignites and refreshes the Illumination debuff.', '100 Mana', '80 / 65 / 50', '3340', 5, 56);
INSERT INTO `mydb`.`ABILITES` (`ability_id`, `ABILITIY`, `Description`, `Cost`, `Cooldown`, `Ability_Range`, `ABILITIES_TYPE_abilities_type_id`, `CHAMPIONS_champion_id`) VALUES (295, 'Granite Shield', 'Malphite is shielded by a layer of rock which absorbs damage up to 10% of his maximum Health. If Malphite has not been hit for 10 seconds, this effect recharges.', 'N/A', 'N/A', 'N/A', 1, 57);
INSERT INTO `mydb`.`ABILITES` (`ability_id`, `ABILITIY`, `Description`, `Cost`, `Cooldown`, `Ability_Range`, `ABILITIES_TYPE_abilities_type_id`, `CHAMPIONS_champion_id`) VALUES (296, 'Seismic Shard', 'Using his primal elemental magic, Malphite sends a shard of the earth through the ground at his foe, dealing damage upon impact and stealing Movement Speed for 4 seconds.Deals 70/120/170/220/270 (+60% Ability Power) magic damage and steals 14/17/20/23/26% Movement Speed from the target for 4 seconds.', '70/75/80/85/90 Mana ', '8', '625', 2, 57);
INSERT INTO `mydb`.`ABILITES` (`ability_id`, `ABILITIY`, `Description`, `Cost`, `Cooldown`, `Ability_Range`, `ABILITIES_TYPE_abilities_type_id`, `CHAMPIONS_champion_id`) VALUES (297, 'Brutal Strikes', 'Malphite starts to hit with such force that his attacks deal damage to all units in front of him. Activating Brutal Strikes greatly increases his Armor and Attack Damage for a short amount of time.Passive: Malphite\'s basic attacks hit units near his target for 30/38/46/54/62% of his Attack Damage.Active: Malphite\'s Armor and Attack Damage increase by 20/25/30/35/40% for 6 seconds.', '25 Mana', '14', 'N/A', 3, 57);
INSERT INTO `mydb`.`ABILITES` (`ability_id`, `ABILITIY`, `Description`, `Cost`, `Cooldown`, `Ability_Range`, `ABILITIES_TYPE_abilities_type_id`, `CHAMPIONS_champion_id`) VALUES (298, 'Ground Slam', 'Malphite slams the ground, sending out a shockwave that deals magic damage based on his Armor as damage and reduces the Attack Speed of enemies for a short duration.Malphite slams the ground dealing 60/100/140/180/220 (+30% Armor) (+20% Ability Power) magic damage to surrounding enemies, reducing their Attack Speed by 30/35/40/45/50% for 3 seconds.This ability gains damage equal to 30% of Malphite\'s Armor.', '50/55/60/65/70 Mana', '7', '400', 4, 57);
INSERT INTO `mydb`.`ABILITES` (`ability_id`, `ABILITIY`, `Description`, `Cost`, `Cooldown`, `Ability_Range`, `ABILITIES_TYPE_abilities_type_id`, `CHAMPIONS_champion_id`) VALUES (299, 'Unstoppable Force', 'Malphite ferociously charges to a location, damaging enemies and knocking them into the air.Malphite charges toward the target area, dealing 200/300/400 (+100% Ability Power) magic damage and knocking enemies into the air for 1.5 seconds.', '100 Mana', '130 / 115 / 100', '1000', 5, 57);
INSERT INTO `mydb`.`ABILITES` (`ability_id`, `ABILITIY`, `Description`, `Cost`, `Cooldown`, `Ability_Range`, `ABILITIES_TYPE_abilities_type_id`, `CHAMPIONS_champion_id`) VALUES (300, 'Summon Voidling', 'After casting 4 spells, Malzahar summons an uncontrollable Voidling to engage enemy units for 21 seconds. Voidlings have 200 + 50 x lvl Health and 20 + 5 x lvl Attack Damage.Voidlings Grow after 7 seconds (+50% Attack Damage/Armor), and Frenzy after 14 seconds (+100% Attack Speed).', 'N/A', 'N/A', 'N/A', 1, 58);
INSERT INTO `mydb`.`ABILITES` (`ability_id`, `ABILITIY`, `Description`, `Cost`, `Cooldown`, `Ability_Range`, `ABILITIES_TYPE_abilities_type_id`, `CHAMPIONS_champion_id`) VALUES (301, 'Call of the Void', 'Malzahar opens up two portals to the Void. After a short delay, they fire projectiles that deal Magic Damage and silence enemy champions.Malzahar opens two portals to the Void. After a short delay, they fire projectiles that deal 80/135/190/245/300 (+80% Ability Power) Magic Damage and silence champions for 1.4/1.8/2.2/2.6/3 seconds.', '80/85/90/95/100 Mana', '9', '900', 2, 58);
INSERT INTO `mydb`.`ABILITES` (`ability_id`, `ABILITIY`, `Description`, `Cost`, `Cooldown`, `Ability_Range`, `ABILITIES_TYPE_abilities_type_id`, `CHAMPIONS_champion_id`) VALUES (302, 'Null Zone', 'Malzahar creates a zone of negative energy which damages enemies that stand in it.Malzahar creates a zone of negative energy for 5 seconds. The zone damages nearby enemies for 4/5/6/7/8% (+[1% Ability Power]%) of their max Health each second (damage to monsters is capped at 120 damage per second).', '90/95/100/105/110 Mana ', '14', '800', 3, 58);
INSERT INTO `mydb`.`ABILITES` (`ability_id`, `ABILITIY`, `Description`, `Cost`, `Cooldown`, `Ability_Range`, `ABILITIES_TYPE_abilities_type_id`, `CHAMPIONS_champion_id`) VALUES (303, 'Malefic Visions', 'Malzahar infects his target\'s mind with cruel visions of their demise, dealing damage each second. If the target dies while afflicted by the visions, they pass on to a nearby enemy unit and Malzahar gains Mana. Malzahar\'s Voidlings are attracted to affected units.Malzahar infects his target\'s mind, dealing 80/140/200/260/320 (+80% Ability Power) Magic Damage over 4 seconds.If the target dies during this time, the visions pass to a nearby enemy and Malzahar gains 10/14/18/22/26 Mana.Malzahar\'s Voidlings are attracted to affected units.', '60/75/90/105/120 Mana ', '15 / 13 / 11 / 9 / 7', '650', 4, 58);
INSERT INTO `mydb`.`ABILITES` (`ability_id`, `ABILITIY`, `Description`, `Cost`, `Cooldown`, `Ability_Range`, `ABILITIES_TYPE_abilities_type_id`, `CHAMPIONS_champion_id`) VALUES (304, 'Nether Grasp', 'Malzahar channels the essence of the Void to suppress an enemy champion and deal damage each second.Malzahar channels the essence of the Void to suppress target champion, dealing 250/400/550 (+130% Ability Power) Magic Damage over 2.5 seconds.', '100 Mana', '120 / 100 / 80', '700', 5, 58);
INSERT INTO `mydb`.`ABILITES` (`ability_id`, `ABILITIY`, `Description`, `Cost`, `Cooldown`, `Ability_Range`, `ABILITIES_TYPE_abilities_type_id`, `CHAMPIONS_champion_id`) VALUES (305, 'Sap Magic', 'Each time a spell is cast near Maokai he draws energy from it, gaining a charge of Magical Sap. When Maokai has 5 charges his next basic attack heals him for 7% of his max Health.', 'N/A', 'N/A', 'N/A', 1, 59);
INSERT INTO `mydb`.`ABILITES` (`ability_id`, `ABILITIY`, `Description`, `Cost`, `Cooldown`, `Ability_Range`, `ABILITIES_TYPE_abilities_type_id`, `CHAMPIONS_champion_id`) VALUES (306, 'Arcane Smash', 'Maokai knocks back nearby enemies with a shockwave, dealing magic damage and slowing them.Maokai releases an arcane shockwave. Nearby enemies are knocked back and all affected enemies take 70/115/160/205/250 (+40% Ability Power) magic damage and are slowed by 20/27/34/41/48% for 1.5 seconds.', '45 Mana', '6', '600', 2, 59);
INSERT INTO `mydb`.`ABILITES` (`ability_id`, `ABILITIY`, `Description`, `Cost`, `Cooldown`, `Ability_Range`, `ABILITIES_TYPE_abilities_type_id`, `CHAMPIONS_champion_id`) VALUES (307, 'Twisted Advance', 'Maokai dissolves into a cloud of arcane energies. He regrows near a target enemy, dealing damage and rooting it in place.Maokai transforms into a cloud of arcane energy that quickly travels to a target enemy, roots it for 1/1.25/1.5/1.75/2 second(s) and deals 9/10/11/12/13 (+3% Ability Power)% of the target\'s maximum health as magic damage (Max: 300 to minions and monsters).', '75 Mana', '13 / 12 / 11 / 10 / 9', '525', 3, 59);
INSERT INTO `mydb`.`ABILITES` (`ability_id`, `ABILITIY`, `Description`, `Cost`, `Cooldown`, `Ability_Range`, `ABILITIES_TYPE_abilities_type_id`, `CHAMPIONS_champion_id`) VALUES (308, 'Sapling Toss', 'Maokai flings a sapling that deals area damage on impact. The sapling then wards the nearby area. When enemies approach, the sapling attacks enemies with an arcane blast.Maokai flings a sapling that deals 40/60/80/100/120 (+40% Ability Power) magic damage on impact.The sapling wards the nearby area, and will chase enemies that approach, exploding to deal 80/120/160/200/240 (+60% Ability Power) magic damage and slow enemies hit by 50% for 1 second(s). Saplings last for 35 seconds.', '60/70/80/90/100 Mana', '12', '1100', 4, 59);
INSERT INTO `mydb`.`ABILITES` (`ability_id`, `ABILITIY`, `Description`, `Cost`, `Cooldown`, `Ability_Range`, `ABILITIES_TYPE_abilities_type_id`, `CHAMPIONS_champion_id`) VALUES (309, 'Vengeful Maelstrom', 'Maokai shields his allies by drawing power from hostile spells and attacks, reducing non-tower damage done to allied champions in the area. When Maokai ends the effect, he unleashes the absorbed energy to deal damage to enemies within the vortex.Toggle: Maokai surrounds himself with a magical vortex that protects him and allied champions by reducing damage from non-turret sources by 20% for up to 10 seconds.Maokai can end the effect to release the stored energy, dealing 100/150/200 (+50% Ability Power) (+2 per damage absorbed) magic damage to enemies within the vortex. Maokai can store up to 100/150/200 bonus damage.', '40 Mana and after 30 Mana Per Second', '40 / 30 / 20', '500', 5, 59);
INSERT INTO `mydb`.`ABILITES` (`ability_id`, `ABILITIY`, `Description`, `Cost`, `Cooldown`, `Ability_Range`, `ABILITIES_TYPE_abilities_type_id`, `CHAMPIONS_champion_id`) VALUES (310, 'Double Strike', 'Every few strikes, Master Yi strikes twice.', 'N/A', 'N/A', 'N/A', 1, 60);
INSERT INTO `mydb`.`ABILITES` (`ability_id`, `ABILITIY`, `Description`, `Cost`, `Cooldown`, `Ability_Range`, `ABILITIES_TYPE_abilities_type_id`, `CHAMPIONS_champion_id`) VALUES (311, 'Alpha Strike', 'Master Yi teleports across the battlefield with blinding speed, dealing physical damage to multiple units in his path, while simultaneously becoming untargetable. Alpha Strike can critically strike and deals bonus physical damage to minions and monsters. Basic attacks reduce Alpha Strike\'s cooldown.Master Yi teleports to strike up to 4 enemies, dealing 25/60/95/130/165 (+100% Attack Damage) physical damage to each and an additional 75/100/125/150/175 damage to minions and monsters, while simultaneously becoming untargetable.Alpha Strike can critically strike, dealing an additional 60% Attack Damage physical damage. Basic attacks lower the cooldown of Alpha Strike by 1 second.', '70/80/90/100/110 Mana', '18 / 17 / 16 / 15 / 14', '600', 2, 60);
INSERT INTO `mydb`.`ABILITES` (`ability_id`, `ABILITIY`, `Description`, `Cost`, `Cooldown`, `Ability_Range`, `ABILITIES_TYPE_abilities_type_id`, `CHAMPIONS_champion_id`) VALUES (312, 'Meditate', 'Master Yi rejuvenates his body by focus of mind, restoring Health and taking reduced damage for a short time.Master Yi channels, restoring 30/50/70/90/110 (+30% Ability Power) Health per second for 4 seconds. This healing is increased by 1% for every 1% of Master Yi\'s missing Health.While channeling, Master Yi reduces incoming damage by 50/55/60/65/70%. This damage reduction is halved against turrets.', '50 Mana', '35', 'N/A', 3, 60);
INSERT INTO `mydb`.`ABILITES` (`ability_id`, `ABILITIY`, `Description`, `Cost`, `Cooldown`, `Ability_Range`, `ABILITIES_TYPE_abilities_type_id`, `CHAMPIONS_champion_id`) VALUES (313, 'Wuju Style', 'Master Yi becomes skilled in the art of Wuju, passively increasing his Attack Damage. Activating Wuju Style grants bonus true damage on basic attacks, but the passive bonus is then lost while on cooldown.Passive: Grants 10% Attack Damage.Active: Basic attacks deal bonus 10/15/20/25/30 (+10/12.5/15/17.5/20% Attack Damage) true damage for 5 seconds. Afterwards the passive bonus is lost while Wuju Style is on cooldown.', 'N/A', '18 / 17 / 16 / 15 / 14', 'N/A', 4, 60);
INSERT INTO `mydb`.`ABILITES` (`ability_id`, `ABILITIY`, `Description`, `Cost`, `Cooldown`, `Ability_Range`, `ABILITIES_TYPE_abilities_type_id`, `CHAMPIONS_champion_id`) VALUES (314, 'Highlander', 'Master Yi moves with unparalleled agility, temporarily increasing his Movement and Attack Speeds as well as making him immune to all slowing effects. While active, Champion kills or assists extends Highlander\'s duration. Passively reduces cooldown for his other abilities on a kill or assist.Passive: Champion kills and assists reduce the remaining cooldown of Master Yi\'s basic abilities by 70%.Active: Increases Movement Speed by 25/35/45%, Attack Speed by 30/55/80%, and grants immunity to all slowing effects for 10 seconds. While active, champion kills and assists extend the duration of Highlander by 4 seconds.', '100 Mana', '75', 'N/A', 5, 60);
INSERT INTO `mydb`.`ABILITES` (`ability_id`, `ABILITIY`, `Description`, `Cost`, `Cooldown`, `Ability_Range`, `ABILITIES_TYPE_abilities_type_id`, `CHAMPIONS_champion_id`) VALUES (315, 'Strut', 'After 5 seconds of not being attacked, Miss Fortune gains an additional 25 Movement Speed. This bonus increases by 8 each second up to a maximum bonus of 70.', 'N/A', 'N/A', 'N/A', 1, 61);
INSERT INTO `mydb`.`ABILITES` (`ability_id`, `ABILITIY`, `Description`, `Cost`, `Cooldown`, `Ability_Range`, `ABILITIES_TYPE_abilities_type_id`, `CHAMPIONS_champion_id`) VALUES (316, 'Double Up', 'Miss Fortune fires a bullet at an enemy, damaging them and a target behind them.Miss Fortune fires a shot through an enemy to hit another enemy behind them, dealing 20/35/50/65/80 (+0) (+35% Ability Power) physical damage to the first target and 40/70/100/130/160 (+0) (+50% Ability Power) physical damage to the second.', '43/46/49/52/55 Mana ', '7 / 6 / 5 / 4 / 3', '650', 2, 61);
INSERT INTO `mydb`.`ABILITES` (`ability_id`, `ABILITIY`, `Description`, `Cost`, `Cooldown`, `Ability_Range`, `ABILITIES_TYPE_abilities_type_id`, `CHAMPIONS_champion_id`) VALUES (317, 'Impure Shots', 'Miss Fortune passively increases damage dealt to a target with each strike. This ability can be activated to increase Miss Fortune\'s Attack Speed and cause her attacks to lower healing received by the target.Passive: Basic attacks deal 0 bonus magic damage, stacking cumulatively up to 0 times for a maximum of 0 bonus magic damage.Active: Gains 20/30/40/50/60% Attack Speed for 6 seconds and causes basic attacks to apply Grievous Wounds to enemies, reducing their incoming healing and Health Regeneration by 50% for 2 seconds.', '30/35/40/45/50 Mana', '16', 'N/A', 3, 61);
INSERT INTO `mydb`.`ABILITES` (`ability_id`, `ABILITIY`, `Description`, `Cost`, `Cooldown`, `Ability_Range`, `ABILITIES_TYPE_abilities_type_id`, `CHAMPIONS_champion_id`) VALUES (318, 'Make It Rain', 'Miss Fortune unleashes a flurry of bullets at a location, dealing waves of damage to opponents and slowing them.Miss Fortune fires hundreds of bullets into the air that rain down at a location after 0.5 seconds, dealing 90/145/200/255/310 (+80% Ability Power) magic damage over 3 seconds and slowing enemies hit by 25/35/45/55/65%.', '80 Mana', '14 / 13 / 12 / 11 / 10', '800', 4, 61);
INSERT INTO `mydb`.`ABILITES` (`ability_id`, `ABILITIY`, `Description`, `Cost`, `Cooldown`, `Ability_Range`, `ABILITIES_TYPE_abilities_type_id`, `CHAMPIONS_champion_id`) VALUES (319, 'Bullet Time', 'Miss Fortune channels a flurry of bullets into a cone in front of her, dealing large amounts of damage to enemies.Miss Fortune channels a barrage of bullets into a cone in front of her for 2 seconds, dealing 50/75/125 (+20% Ability Power) physical damage and applying a stack of Impure Shots with each bullet.Passive: The stack limit for Impure Shots is increased by 1/2/3.', '100 Mana', '120 / 110 / 100', '400', 5, 61);
INSERT INTO `mydb`.`ABILITES` (`ability_id`, `ABILITIY`, `Description`, `Cost`, `Cooldown`, `Ability_Range`, `ABILITIES_TYPE_abilities_type_id`, `CHAMPIONS_champion_id`) VALUES (320, 'Iron Man', 'A percent of the damage dealt from abilities is converted into a temporary shield, absorbing incoming damage.', 'N/A', 'N/A', 'N/A', 1, 62);
INSERT INTO `mydb`.`ABILITES` (`ability_id`, `ABILITIY`, `Description`, `Cost`, `Cooldown`, `Ability_Range`, `ABILITIES_TYPE_abilities_type_id`, `CHAMPIONS_champion_id`) VALUES (321, 'Mace of Spades', 'On next hit, Mordekaiser swings his mace with such force that it echoes out, striking up to 3 additional nearby targets, dealing damage plus bonus damage. If the target is alone, the attack deals extra damage.On next hit, Mordekaiser gains 75 range and swings his mace with such force that it echoes out, striking up to 3 additional nearby targets, dealing 80/110/140/170/200 (+100% bonus Attack Damage) (+40% Ability Power) magic damage. If the target is alone, 132/181.5/231/280.5/330 (+165% bonus Attack Damage) (+66% Ability Power) magic damage is dealt instead.', '25/32/39/46/53 Health', '8 / 7 / 6 / 5 / 4', 'N/A', 2, 62);
INSERT INTO `mydb`.`ABILITES` (`ability_id`, `ABILITIY`, `Description`, `Cost`, `Cooldown`, `Ability_Range`, `ABILITIES_TYPE_abilities_type_id`, `CHAMPIONS_champion_id`) VALUES (322, 'Creeping Death', 'Unleashes a protective cloud of metal shards to surround an ally, increasing their Armor and Magic Resistance and dealing damage per second to enemies in the cloud.Unleashes a protective cloud of metal shards to surround an ally for 6 seconds, increasing their armor and magic resistance by 10/15/20/25/30 and dealing 20/32/44/56/68 (+15% Ability Power) magic damage per second to nearby enemies.If cast on an ally, Mordekaiser also gains the effect of Creeping Death, and both gain 60 bonus movement speed when moving towards each other.', '26/32/38/44/50 Health', '20 / 18 / 16 / 14 / 12', '750', 3, 62);
INSERT INTO `mydb`.`ABILITES` (`ability_id`, `ABILITIY`, `Description`, `Cost`, `Cooldown`, `Ability_Range`, `ABILITIES_TYPE_abilities_type_id`, `CHAMPIONS_champion_id`) VALUES (323, 'Siphon of Destruction', 'Mordekaiser deals damage to enemies in a cone in front of him. For each unit hit, Mordekaiser\'s shield absorbs energy.Mordekaiser damages enemies in a cone in front of him, dealing 70/115/160/205/250 (+60% Ability Power) magic damage.', '24/36/48/60/72 Health', '6', '700', 4, 62);
INSERT INTO `mydb`.`ABILITES` (`ability_id`, `ABILITIY`, `Description`, `Cost`, `Cooldown`, `Ability_Range`, `ABILITIES_TYPE_abilities_type_id`, `CHAMPIONS_champion_id`) VALUES (324, 'Children of the Grave', 'Mordekaiser curses an enemy, stealing a percent of their life initially and each second. If the target dies while the spell is active, their soul is enslaved and will follow Mordekaiser as a ghost for 30 seconds.Steals 24/29/34 (+4% Ability Power)% of target champion\'s maximum health (half stolen initially and half over 10 seconds; deals magic damage).If the target dies while cursed, their soul is enslaved and will follow Mordekaiser as a ghost for 30 seconds. Mordekaiser gains 30% of their ability power and 25% of their bonus health, the ghost gains 25/50/100 bonus attack damage and 15% of Mordekaiser\'s maximum health.The ghost can be controlled by holding the alt key and using the right mouse button or by reactivating this ability.', 'N/A', '120 / 105 / 90', '850', 5, 62);
INSERT INTO `mydb`.`ABILITES` (`ability_id`, `ABILITIY`, `Description`, `Cost`, `Cooldown`, `Ability_Range`, `ABILITIES_TYPE_abilities_type_id`, `CHAMPIONS_champion_id`) VALUES (325, 'Soul Siphon', 'Morgana has Spell Vamp, healing herself whenever she deals damage with her spells.', 'N/A', 'N/A', 'N/A', 1, 63);
INSERT INTO `mydb`.`ABILITES` (`ability_id`, `ABILITIY`, `Description`, `Cost`, `Cooldown`, `Ability_Range`, `ABILITIES_TYPE_abilities_type_id`, `CHAMPIONS_champion_id`) VALUES (326, 'Dark Binding', 'Morgana releases a sphere of dark magic. Upon contact with an enemy unit, the sphere will deal magic damage and force the unit to the ground for a period of time.Fires a bolt of dark energy, rooting the first enemy hit for 2/2.25/2.5/2.75/3 seconds and dealing 80/135/190/245/300 (+90% Ability Power) magic damage.', '50/60/70/80/90 Mana', '11', '1175', 2, 63);
INSERT INTO `mydb`.`ABILITES` (`ability_id`, `ABILITIY`, `Description`, `Cost`, `Cooldown`, `Ability_Range`, `ABILITIES_TYPE_abilities_type_id`, `CHAMPIONS_champion_id`) VALUES (327, 'Tormented Soil', 'Infects an area with desecrated soil, causing enemy units who stand on the location to take continual damage.Curses an area for 5 seconds. Enemies on the cursed ground are dealtfrom 24/38/52/66/80 (+22% Ability Power) to 36/57/78/99/120 (+33% Ability Power) magic damage every second based on the enemy\'s missing Health.', '70/85/100/115/130 Mana', '10', '900', 3, 63);
INSERT INTO `mydb`.`ABILITES` (`ability_id`, `ABILITIY`, `Description`, `Cost`, `Cooldown`, `Ability_Range`, `ABILITIES_TYPE_abilities_type_id`, `CHAMPIONS_champion_id`) VALUES (328, 'Black Shield', 'Places a protective barrier around an allied champion, absorbing magical damage and disables until penetrated or the shield dissipates.Shields an allied Champion for 5 seconds. The shield absorbs 70/140/210/280/350 (+70% Ability Power) magic damage and prevents disables until it breaks.', '50 Mana', '23 / 21 / 19 / 17 / 15', '750', 4, 63);
INSERT INTO `mydb`.`ABILITES` (`ability_id`, `ABILITIY`, `Description`, `Cost`, `Cooldown`, `Ability_Range`, `ABILITIES_TYPE_abilities_type_id`, `CHAMPIONS_champion_id`) VALUES (329, 'Soul Shackles', 'Latches chains of energy onto nearby enemy champions, dealing initial damage to them and slowing their Movement Speed, and then echoing the pain a few seconds later and stunning them if they remain close to Morgana.Dark chains latch onto nearby enemy Champions dealing 150/225/300 (+70% Ability Power) magic damage and slowing them by 20% for 3 seconds. After 3 seconds, they are dealt an additional 150/225/300 (+70% Ability Power) magic damage and are stunned for 1.5 seconds.Enemy Champions can break the chains by moving away from Morgana.', '100 Mana', '120 / 110 / 100', '626', 5, 63);
INSERT INTO `mydb`.`ABILITES` (`ability_id`, `ABILITIY`, `Description`, `Cost`, `Cooldown`, `Ability_Range`, `ABILITIES_TYPE_abilities_type_id`, `CHAMPIONS_champion_id`) VALUES (330, 'Surging Tides', 'When Nami\'s abilities hit allied champions they gain Movement Speed for a short duration.', 'N/A', 'N/A', 'N/A', 1, 64);
INSERT INTO `mydb`.`ABILITES` (`ability_id`, `ABILITIY`, `Description`, `Cost`, `Cooldown`, `Ability_Range`, `ABILITIES_TYPE_abilities_type_id`, `CHAMPIONS_champion_id`) VALUES (331, 'Aqua Prison', 'Sends a bubble towards a targeted area, dealing damage and stunning all enemies on impact.Sends a bubble towards a targeted area, dealing 75/130/185/240/295 (+50% Ability Power) magic damage to enemies, and stunning them for 1.5 seconds.', '60 Mana', '14 / 13 / 12 / 11 / 10', '875', 2, 64);
INSERT INTO `mydb`.`ABILITES` (`ability_id`, `ABILITIY`, `Description`, `Cost`, `Cooldown`, `Ability_Range`, `ABILITIES_TYPE_abilities_type_id`, `CHAMPIONS_champion_id`) VALUES (332, 'Ebb and Flow', 'Unleashes a stream of water that bounces back and forth between allies and enemies, healing allies and damaging enemies.Unleashes a stream of water that bounces back and forth between allies and enemies.On Ally Hit: Heals 65/95/125/155/185 (+30% Ability Power) Health and will bounce to a nearby enemy champion.On Enemy Hit: Deals 70/110/150/190/230 (+50% Ability Power) magic damage and bounces to a nearby allied champion.Bounces to each target only once, and hits up to 3 targets. The damage and healing value is modified by -15% + (7.5% per 100 Ability Power) each bounce.', '70/85/100/115/130 Mana ', '10', '725', 3, 64);
INSERT INTO `mydb`.`ABILITES` (`ability_id`, `ABILITIY`, `Description`, `Cost`, `Cooldown`, `Ability_Range`, `ABILITIES_TYPE_abilities_type_id`, `CHAMPIONS_champion_id`) VALUES (333, 'Tidecaller\'s Blessing', 'Empowers an allied champion for a short duration. The ally\'s basic attacks deal bonus magic damage and slow the target.Empowers an allied champion for 6 seconds or 3 basic attacks. The ally\'s basic attacks deal 25/40/55/70/85 (+20% Ability Power) bonus magic damage and slow the target by 15/20/25/30/35% (+[5% Ability Power]%) for 1 second.', '55/60/65/70/75 Mana', '11', '800', 4, 64);
INSERT INTO `mydb`.`ABILITES` (`ability_id`, `ABILITIY`, `Description`, `Cost`, `Cooldown`, `Ability_Range`, `ABILITIES_TYPE_abilities_type_id`, `CHAMPIONS_champion_id`) VALUES (334, 'Tidal Wave', 'Summons a massive Tidal Wave that knocks up, slows, and damages enemies.Summons a Tidal Wave from Nami\'s position.The Tidal Wave knocks up enemies and slows them by 50/60/70%, dealing 150/250/350 (+60% Ability Power) magic damage. The duration of the slow increases based on how far the Tidal Wave has traveled, with a minimum duration of 2 seconds and a maximum of 4 seconds.', '100 Mana', '120 / 110 / 100', '2750', 5, 64);
INSERT INTO `mydb`.`ABILITES` (`ability_id`, `ABILITIY`, `Description`, `Cost`, `Cooldown`, `Ability_Range`, `ABILITIES_TYPE_abilities_type_id`, `CHAMPIONS_champion_id`) VALUES (335, 'Soul Eater', 'Nasus drains his foe\'s spiritual energy, giving him bonus Life Steal.', 'N/A', 'N/A', 'N/A', 1, 65);
INSERT INTO `mydb`.`ABILITES` (`ability_id`, `ABILITIY`, `Description`, `Cost`, `Cooldown`, `Ability_Range`, `ABILITIES_TYPE_abilities_type_id`, `CHAMPIONS_champion_id`) VALUES (336, 'Siphoning Strike', 'Nasus strikes his foe, dealing damage and increasing the power of his future Siphoning Strikes if he slays his target.Active: Nasus\'s next basic attack will deal 30/50/70/90/110 (+100% Attack Damage) (+3) physical damage.Passive: Siphoning Strike permanently gains 3 damage if it kills an enemy unit. This bonus is doubled against Champions, large minions and large monsters.', '20 Mana', '8 / 7 / 6 / 5 / 4', 'N/A', 2, 65);
INSERT INTO `mydb`.`ABILITES` (`ability_id`, `ABILITIY`, `Description`, `Cost`, `Cooldown`, `Ability_Range`, `ABILITIES_TYPE_abilities_type_id`, `CHAMPIONS_champion_id`) VALUES (337, 'Wither', 'Nasus ages an enemy champion, decelerating their Movement and Attack Speeds over time.Nasus ages target champion over 5 seconds, initially slowing their Movement Speed by 35% and increasing to 47/59/71/83/95% over the duration. The target\'s Attack Speed is reduced by half the amount.', '80 Mana', '15 / 14 / 13 / 12 / 11', '600', 3, 65);
INSERT INTO `mydb`.`ABILITES` (`ability_id`, `ABILITIY`, `Description`, `Cost`, `Cooldown`, `Ability_Range`, `ABILITIES_TYPE_abilities_type_id`, `CHAMPIONS_champion_id`) VALUES (338, 'Spirit Fire', 'Nasus unleashes a spirit flame at a location, dealing damage and reducing the Armor of enemies who stand on it.Nasus unleashes a spirit flame at a target location, dealing an initial 55/95/135/175/215 (+60% Ability Power) magic damage.For the next 5 seconds, enemies in the area have their Armor reduced by 20/25/30/35/40 and are dealt an additional 11/19/27/35/43 (+12% Ability Power) magic damage each second.', '70/85/100/115/130 Mana ', '12', '650', 4, 65);
INSERT INTO `mydb`.`ABILITES` (`ability_id`, `ABILITIY`, `Description`, `Cost`, `Cooldown`, `Ability_Range`, `ABILITIES_TYPE_abilities_type_id`, `CHAMPIONS_champion_id`) VALUES (339, 'Fury of the Sands', 'Nasus unleashes a mighty sandstorm that batters nearby enemies. While the storm rages, he gains increased Health, Attack Range, and drains nearby enemies\' max Health converting into bonus damage for the duration.Nasus becomes empowered in the sandstorm for 15 seconds, increasing his maximum Health by 300/450/600 and Attack Range by 50.While the storm rages, he deals 3/4/5 (+1% Ability Power)% of nearby enemies\' maximum Health each second (240 damage max per second) as magic damage and converts it into bonus Attack Damage.', '100 Mana', '120', 'N/A', 5, 65);
INSERT INTO `mydb`.`ABILITES` (`ability_id`, `ABILITIY`, `Description`, `Cost`, `Cooldown`, `Ability_Range`, `ABILITIES_TYPE_abilities_type_id`, `CHAMPIONS_champion_id`) VALUES (340, 'Staggering Blow', 'Nautilus\' basic attacks deal bonus physical damage and immobilize his targets. This effect cannot happen more than once every few seconds on the same target.', 'N/A', 'N/A', 'N/A', 1, 66);
INSERT INTO `mydb`.`ABILITES` (`ability_id`, `ABILITIY`, `Description`, `Cost`, `Cooldown`, `Ability_Range`, `ABILITIES_TYPE_abilities_type_id`, `CHAMPIONS_champion_id`) VALUES (341, 'Dredge Line', 'Nautilus hurls his anchor forward. If it hits a champion, he drags both himself and the opponent close together. If it hits terrain, Nautilus instead pulls himself to the anchor and the cooldown of Dredge Line is reduced by half.Nautilus hurls his anchor forward. If it hits an enemy unit, Nautilus drags himself and the target together dealing 60/105/150/195/240 (+75% Ability Power) magic damage and stunning them briefly.If the anchor hits terrain, Nautilus will drag himself forward and the cooldown is reduced by 50% (0.5).', '60/70/80/90/100 Mana', '18 / 16 / 14 / 12 / 10', '950', 2, 66);
INSERT INTO `mydb`.`ABILITES` (`ability_id`, `ABILITIY`, `Description`, `Cost`, `Cooldown`, `Ability_Range`, `ABILITIES_TYPE_abilities_type_id`, `CHAMPIONS_champion_id`) VALUES (342, 'Titan\'s Wrath', 'Nautilus surrounds himself with dark energies, gaining a shield that blocks incoming damage. While the shield persists, his attacks apply a damage over time effect to enemies around his target.Nautilus surrounds himself with dark energies for 10 seconds, shielding him from the next 65/70/75/80/85 (+10% of bonus Health) (9/11/13/15/17% of his max Health) damage.While the shield persists, Nautilus\' basic attacks deal 30/40/50/60/70 (+40% Ability Power) bonus magic damage over 2 seconds to all units around his target.', '80 Mana', '18', 'N/A', 3, 66);
INSERT INTO `mydb`.`ABILITES` (`ability_id`, `ABILITIY`, `Description`, `Cost`, `Cooldown`, `Ability_Range`, `ABILITIES_TYPE_abilities_type_id`, `CHAMPIONS_champion_id`) VALUES (343, 'Riptide', 'Nautilus slams the ground, causing the earth to explode around him in a set of three explosions. Each explosion damages and slows enemies.Nautilus slams the ground, causing the earth to explode around him. Each explosion deals 60/100/140/180/220 (+30% Ability Power) magic damage to units in the area and slows them by 30/35/40/45/50% for 1.25 seconds. This slow diminishes over time.A unit can be hit by more than one explosion, but they take 50% less damage from additional explosions.', '60/70/80/90/100 Mana ', '7 / 6.5 / 6 / 5.5 / 5', '600', 4, 66);
INSERT INTO `mydb`.`ABILITES` (`ability_id`, `ABILITIY`, `Description`, `Cost`, `Cooldown`, `Ability_Range`, `ABILITIES_TYPE_abilities_type_id`, `CHAMPIONS_champion_id`) VALUES (344, 'Depth Charge', 'Nautilus fires a shockwave into the earth that chases an opponent. This shockwave rips up the earth above it, knocking enemies into the air. When it reaches the opponent, the shockwave erupts, knocking his target into the air and stunning them.Nautilus fires a shockwave that chases an enemy champion. This deals 125/175/225 (+40% Ability Power) magic damage to enemies it passes through and knocks them into the air.The shockwave explodes upon hitting its target dealing 200/325/450 (+80% Ability Power) magic damage, launching them into the air and stunning them for 1/1.5/2 seconds.', '100 Mana', '140 / 110 / 80', '825', 5, 66);
INSERT INTO `mydb`.`ABILITES` (`ability_id`, `ABILITIY`, `Description`, `Cost`, `Cooldown`, `Ability_Range`, `ABILITIES_TYPE_abilities_type_id`, `CHAMPIONS_champion_id`) VALUES (345, 'Prowl', 'Moving through brush increases Nidalee\'s Movement Speed by 10% for 2 seconds, increased to 30% toward visible enemy champions within 5500 range.Hitting champions or monsters with Javelin Toss and Bushwhack triggers a Hunt, revealing them for 4 seconds. During this time, Nidalee gains 10% Movement Speed (increased to 30% toward the Hunted target) and her first Takedown and Pounce are enhanced against them.', 'N/A', 'N/A', 'N/A', 1, 67);
INSERT INTO `mydb`.`ABILITES` (`ability_id`, `ABILITIY`, `Description`, `Cost`, `Cooldown`, `Ability_Range`, `ABILITIES_TYPE_abilities_type_id`, `CHAMPIONS_champion_id`) VALUES (346, 'Javelin Toss', 'Nidalee tosses her javelin, dealing 50/75/100/125/150 (+40% Ability Power) magic damage. If it exceeds her basic attack range, it gains damage based on distance flown, up to a potential 150/225/300/375/450 (+120% Ability Power) total damage.', '50/60/70/80/90 Mana', '6', '1500', 2, 67);
INSERT INTO `mydb`.`ABILITES` (`ability_id`, `ABILITIY`, `Description`, `Cost`, `Cooldown`, `Ability_Range`, `ABILITIES_TYPE_abilities_type_id`, `CHAMPIONS_champion_id`) VALUES (347, 'Takedown', 'Nidalee\'s next attack deals 0 (+0) (+36% Ability Power) magic damage. Takedown deals 2.5% additional damage for each 1% Health the target is missing, up to 0 (+0) (+90% Ability Power) (250% total damage).Hunted targets take 33% additional damage from Takedown.', 'N/A', '5', 'N/A', 2, 67);
INSERT INTO `mydb`.`ABILITES` (`ability_id`, `ABILITIY`, `Description`, `Cost`, `Cooldown`, `Ability_Range`, `ABILITIES_TYPE_abilities_type_id`, `CHAMPIONS_champion_id`) VALUES (348, 'Bushwhack', 'Nidalee lays a Bushwhack trap lasting up to 2 minutes. When sprung by an enemy, it is revealed and takes 40/80/120/160/200 (+20% Ability Power) magic damage over 4 seconds.', '40/45/50/55/60 Mana', '13 / 12 / 11 / 10 / 9', '900', 3, 67);
INSERT INTO `mydb`.`ABILITES` (`ability_id`, `ABILITIY`, `Description`, `Cost`, `Cooldown`, `Ability_Range`, `ABILITIES_TYPE_abilities_type_id`, `CHAMPIONS_champion_id`) VALUES (349, 'Pounce', 'Nidalee lunges forward a short distance dealing 0 (+30% Ability Power) magic damage to enemies in the area. Killing a unit in Cougar form reduces Pounce\'s cooldown to 0 second(s).Hunted targets can be Pounced to at up to double the normal range, and the first Pounce to a Hunted target causes it to only incur a 0 second cooldown.', 'N/A', '5', '375', 3, 67);
INSERT INTO `mydb`.`ABILITES` (`ability_id`, `ABILITIY`, `Description`, `Cost`, `Cooldown`, `Ability_Range`, `ABILITIES_TYPE_abilities_type_id`, `CHAMPIONS_champion_id`) VALUES (350, 'Primal Surge', 'Nidalee heals a target ally champion for 45/85/125/165/205 (+50% Ability Power) and grants them 20/30/40/50/60% Attack Speed for 7 seconds.', '40/45/50/55/60 Mana', '12', '600', 4, 67);
INSERT INTO `mydb`.`ABILITES` (`ability_id`, `ABILITIY`, `Description`, `Cost`, `Cooldown`, `Ability_Range`, `ABILITIES_TYPE_abilities_type_id`, `CHAMPIONS_champion_id`) VALUES (351, 'Swipe', 'Nidalee claws at enemies in front of her, dealing 0 (+45% Ability Power) magic damage.', 'N/A', '5', '300', 4, 67);
INSERT INTO `mydb`.`ABILITES` (`ability_id`, `ABILITIY`, `Description`, `Cost`, `Cooldown`, `Ability_Range`, `ABILITIES_TYPE_abilities_type_id`, `CHAMPIONS_champion_id`) VALUES (352, 'Aspect Of The Cougar', 'Nidalee transforms into a cougar, gaining new abilities.Human: Nidalee transforms into a vicious cougar with the basic abilities Takedown, Pounce, and Swipe.Cougar: Nidalee transforms back into human form. While in human form, triggering a Hunt resets the cooldown of Aspect of the Cougar.', 'N/A', '3', 'N/A', 5, 67);
INSERT INTO `mydb`.`ABILITES` (`ability_id`, `ABILITIY`, `Description`, `Cost`, `Cooldown`, `Ability_Range`, `ABILITIES_TYPE_abilities_type_id`, `CHAMPIONS_champion_id`) VALUES (353, 'Umbra Blades', 'Every 10 seconds, Nocturne\'s next attack strikes surrounding enemies for 120% physical damage and heals himself. Nocturne\'s basic attacks reduce this cooldown by 1 second.', 'N/A', '10', 'N/A', 1, 68);
INSERT INTO `mydb`.`ABILITES` (`ability_id`, `ABILITIY`, `Description`, `Cost`, `Cooldown`, `Ability_Range`, `ABILITIES_TYPE_abilities_type_id`, `CHAMPIONS_champion_id`) VALUES (354, 'Duskbringer', 'Nocturne throws a shadow blade that deals damage, leaves a Dusk Trail, and causes champions to leave a Dusk Trail. While on the trail, Nocturne can move through units and has increased Movement Speed and Attack Damage.Nocturne throws a shadow blade that deals 60/105/150/195/240 (+75% bonus Attack Damage) physical damage and leaves a Dusk Trail for 5 seconds. Enemy champions hit also leave a Dusk Trail.While on the trail, Nocturne can move through units and gains 15/20/25/30/35% Movement Speed and 15/25/35/45/55 Attack Damage.', '60/65/70/75/80 Mana', '10', '1125', 2, 68);
INSERT INTO `mydb`.`ABILITES` (`ability_id`, `ABILITIY`, `Description`, `Cost`, `Cooldown`, `Ability_Range`, `ABILITIES_TYPE_abilities_type_id`, `CHAMPIONS_champion_id`) VALUES (355, 'Shroud of Darkness', 'Nocturne empowers his blades, passively gaining Attack Speed. Activating Shroud of Darkness allows Nocturne to fade into the shadows, creating a magical barrier which blocks a single enemy ability and doubles his passive Attack Speed if successful.Passive: Nocturne has 20/25/30/35/40% bonus Attack Speed.Active: Nocturne creates a magical barrier for 1.5 seconds, which blocks the next enemy ability.If an ability is blocked by the shield, Nocturne\'s passive Attack Speed bonus doubles for 5 seconds.', '50 Mana', '20 / 18 / 16 / 14 / 12', 'N/A', 3, 68);
INSERT INTO `mydb`.`ABILITES` (`ability_id`, `ABILITIY`, `Description`, `Cost`, `Cooldown`, `Ability_Range`, `ABILITIES_TYPE_abilities_type_id`, `CHAMPIONS_champion_id`) VALUES (356, 'Unspeakable Horror', 'Nocturne plants a nightmare into his target\'s mind, dealing damage each second and fearing the target if they do not get out of range by the end of the duration.Passive: Nocturne gains massively increased Movement Speed toward feared enemies.Active: Nocturne plants a nightmare into his target\'s mind, dealing 50/100/150/200/250 (+100% Ability Power) magic damage over 2 seconds. If Nocturne stays within range of the target for the full duration, the target becomes feared for 1/1.25/1.5/1.75/2 second(s).', '60/65/70/75/80 Mana', '15 / 14 / 13 / 12 / 11', '425', 4, 68);
INSERT INTO `mydb`.`ABILITES` (`ability_id`, `ABILITIY`, `Description`, `Cost`, `Cooldown`, `Ability_Range`, `ABILITIES_TYPE_abilities_type_id`, `CHAMPIONS_champion_id`) VALUES (357, 'Paranoia', 'Nocturne reduces the sight radius of all enemy champions and removes their ally vision in the process. He can then launch himself at a nearby enemy champion.Nocturne reduces the sight radius of all enemy champions and removes their ally vision for 4 seconds.While Paranoia is active, Nocturne can launch himself at an enemy champion, dealing 150/250/350 (+120% bonus Attack Damage) physical damage.', '100 Mana', '150 / 125 / 100', '2000/2750/3500', 5, 68);
INSERT INTO `mydb`.`ABILITES` (`ability_id`, `ABILITIY`, `Description`, `Cost`, `Cooldown`, `Ability_Range`, `ABILITIES_TYPE_abilities_type_id`, `CHAMPIONS_champion_id`) VALUES (358, 'Visionary', 'Nunu can cast a spell for free after 5 attacks.', 'N/A', 'N/A', 'N/A', 1, 69);
INSERT INTO `mydb`.`ABILITES` (`ability_id`, `ABILITIY`, `Description`, `Cost`, `Cooldown`, `Ability_Range`, `ABILITIES_TYPE_abilities_type_id`, `CHAMPIONS_champion_id`) VALUES (359, 'Consume', 'Nunu commands the yeti to take a bite out of a target minion or monster, dealing heavy damage to it and healing himself.Commands the yeti to bite out of a minion or monster, dealing 400/550/700/850/1000 true damage to the target and healing himself for 70/115/160/205/250 (+75% Ability Power).Nunu gains bonuses for 120/150/180/210/240 seconds based on what he consumed.Elementals: Increased Size and [0]% Maximum HealthAnimals or Undead:Killing a unit grants [0]% Movement Speed for 3 secondsOther Monsters: Nunu\'s attacks and spells deal an additional [0]% of his Maximum Health as magic damage.', '60 Mana', '13 / 12 / 11 / 10 / 9', '125', 2, 69);
INSERT INTO `mydb`.`ABILITES` (`ability_id`, `ABILITIY`, `Description`, `Cost`, `Cooldown`, `Ability_Range`, `ABILITIES_TYPE_abilities_type_id`, `CHAMPIONS_champion_id`) VALUES (360, 'Blood Boil', 'Nunu invigorates himself and an allied unit by heating their blood, increasing their Movement and Attack Speeds.The heat of Nunu and a target ally\'s blood rises, increasing Movement Speed by 8/9/10/11/12% and Attack Speed by 25/30/35/40/45% for 12 seconds.', '50 Mana', '15', '700', 3, 69);
INSERT INTO `mydb`.`ABILITES` (`ability_id`, `ABILITIY`, `Description`, `Cost`, `Cooldown`, `Ability_Range`, `ABILITIES_TYPE_abilities_type_id`, `CHAMPIONS_champion_id`) VALUES (361, 'Ice Blast', 'Nunu launches a ball of ice at an enemy unit, dealing damage and temporarily slowing their Movement and Attack Speeds.Nunu launches a ball of ice at an enemy unit, dealing 85/130/175/225/275 (+100% Ability Power) magic damage and slowing their Movement Speed by 20/30/40/50/60% and Attack Speed by 25% for 3 seconds.', '75/85/95/105/115 Mana ', '6', '550', 4, 69);
INSERT INTO `mydb`.`ABILITES` (`ability_id`, `ABILITIY`, `Description`, `Cost`, `Cooldown`, `Ability_Range`, `ABILITIES_TYPE_abilities_type_id`, `CHAMPIONS_champion_id`) VALUES (362, 'Absolute Zero', 'Nunu begins to sap the area of heat, slowing all nearby enemies. When the spell ends, he deals massive damage to all enemies caught in the area.Nunu saps the area of heat, channeling up to 3 seconds, slowing surrounding enemy units\' Movement Speed by 50% and Attack Speed by 25%.Enemies caught in the area when the channel ends receive up to 625/875/1125 (+250% Ability Power) magic damage, depending on how long the spell was channeled.(Minimum Damage: 0)', '100 Mana', '110 / 100 / 90', '650', 5, 69);
INSERT INTO `mydb`.`ABILITES` (`ability_id`, `ABILITIY`, `Description`, `Cost`, `Cooldown`, `Ability_Range`, `ABILITIES_TYPE_abilities_type_id`, `CHAMPIONS_champion_id`) VALUES (363, 'Berserker Rage', 'For each 1% of Health missing, Olaf\'s Attack Speed is increased by 1%.', 'N/A', 'N/A', 'N/A', 1, 70);
INSERT INTO `mydb`.`ABILITES` (`ability_id`, `ABILITIY`, `Description`, `Cost`, `Cooldown`, `Ability_Range`, `ABILITIES_TYPE_abilities_type_id`, `CHAMPIONS_champion_id`) VALUES (364, 'Undertow', 'Olaf throws an axe into the ground at a target location, dealing damage to units it passes through and slowing their Movement Speed. If Olaf picks up the axe, the ability\'s cooldown is reduced by 4.5 seconds.Olaf throws an axe to a target location, dealing 70/115/160/205/250 (+100% bonus Attack Damage) physical damage to units it passes through and slowing them by 29/33/37/41/45% for up to 2.5 seconds. The further the Axe flies, the longer the slow lasts, but it is never less than 1.5 second.If Olaf picks up the axe, the ability\'s cooldown is reduced by 4.5 seconds.', '60 Mana', '7', '1000', 2, 70);
INSERT INTO `mydb`.`ABILITES` (`ability_id`, `ABILITIY`, `Description`, `Cost`, `Cooldown`, `Ability_Range`, `ABILITIES_TYPE_abilities_type_id`, `CHAMPIONS_champion_id`) VALUES (365, 'Vicious Strikes', 'Olaf\'s Attack Speed is increased, he gains Life Steal and has increased healing from all sources based on how much Health he is missing.For 6 seconds, Olaf gains 9/12/15/18/21% Life Steal and Attack Speed is increased by 40/50/60/70/80%.During this time, Olaf also receives 1% increased healing from all sources for every 2% of Health he is missing.', '30 Mana', '16', 'N/A', 3, 70);
INSERT INTO `mydb`.`ABILITES` (`ability_id`, `ABILITIY`, `Description`, `Cost`, `Cooldown`, `Ability_Range`, `ABILITIES_TYPE_abilities_type_id`, `CHAMPIONS_champion_id`) VALUES (366, 'Reckless Swing', 'Olaf attacks with such force that it deals true damage to his target and himself, refunding the Health cost if he destroys the target.Olaf ferociously swings his axes, dealing 70/115/160/205/250 (+40% Attack Damage) true damage to his target. This ability\'s cost is equal to 30% of the total damage dealt, but the cost is refunded if it kills the target.Basic attacks lower the cooldown of Reckless Swing by 1 second.', '21/34.5/48/61.5/75 Health', '12 / 11 / 10 / 9 / 8', '325', 4, 70);
INSERT INTO `mydb`.`ABILITES` (`ability_id`, `ABILITIY`, `Description`, `Cost`, `Cooldown`, `Ability_Range`, `ABILITIES_TYPE_abilities_type_id`, `CHAMPIONS_champion_id`) VALUES (367, 'Ragnarok', 'Olaf temporarily becomes immune to disables.Passive: Olaf gains 10/20/30 Armor and 10/20/30 Magic Resist.Active: Olaf removes all disables from himself and becomes immune to them for the next 6 seconds. During this time, Olaf loses the passive portion of Ragnarok and gains 40/60/80 Attack Damage.', 'N/A', '100 / 90 / 80', 'N/A', 5, 70);
INSERT INTO `mydb`.`ABILITES` (`ability_id`, `ABILITIY`, `Description`, `Cost`, `Cooldown`, `Ability_Range`, `ABILITIES_TYPE_abilities_type_id`, `CHAMPIONS_champion_id`) VALUES (368, 'Clockwork Windup', 'Orianna\'s autoattack deals additional magic damage. This damage increases the more Orianna attacks the same target.', 'N/A', 'N/A', 'N/A', 1, 71);
INSERT INTO `mydb`.`ABILITES` (`ability_id`, `ABILITIY`, `Description`, `Cost`, `Cooldown`, `Ability_Range`, `ABILITIES_TYPE_abilities_type_id`, `CHAMPIONS_champion_id`) VALUES (369, 'Command: Attack', 'Orianna commands her ball to fire toward a target location, dealing magic damage to targets along the way (deals less damage to subsequent targets). Her ball remains at the target location after.Orianna commands her ball to shoot toward a target location, dealing 60/90/120/150/180 (+50% Ability Power) magic damage to targets along the way. However, it deals 10% less damage for each unit it hits (Minimum 40%).Her ball remains behind at the target location afterwards.', '50 Mana', '6 / 5.25 / 4.5 / 3.75 / 3', '815', 2, 71);
INSERT INTO `mydb`.`ABILITES` (`ability_id`, `ABILITIY`, `Description`, `Cost`, `Cooldown`, `Ability_Range`, `ABILITIES_TYPE_abilities_type_id`, `CHAMPIONS_champion_id`) VALUES (370, 'Command: Dissonance', 'Orianna commands the ball to release a pulse of energy, dealing magic damage around it. This leaves a field behind that speeds up allies and slows enemies.Orianna commands her ball to release an electric pulse, dealing 70/115/160/205/250 (+70% Ability Power) magic damage to nearby enemies.The pulse leaves behind an energy field for 3 seconds, lowering enemy Movement Speed by 20/25/30/35/40% and increasing ally Movement Speed by 20/25/30/35/40% for 2 seconds. This effect diminishes over time.', '70/80/90/100/110 Mana', '9', '815', 3, 71);
INSERT INTO `mydb`.`ABILITES` (`ability_id`, `ABILITIY`, `Description`, `Cost`, `Cooldown`, `Ability_Range`, `ABILITIES_TYPE_abilities_type_id`, `CHAMPIONS_champion_id`) VALUES (371, 'Command: Protect', 'Orianna commands her ball to attach to an allied champion, shielding them and dealing magic damage to any enemies it passes through on the way. Additionally, the ball grants additional Armor and Magic Resist to the champion it is attached to.Passive: The ball adds 10/15/20/25/30 Armor and Magic Resist to the allied champion it is attached to.Active: Orianna commands her ball to travel to and attach onto an allied champion, shielding them for 4 seconds from the next 80/120/160/200/240 (+40% Ability Power) damage.Enemies the ball passes through along the way are damaged for 75% of the shield value: 60/90/120/150/180 (+30% Ability Power).', '60 Mana', '9', '1095', 4, 71);
INSERT INTO `mydb`.`ABILITES` (`ability_id`, `ABILITIY`, `Description`, `Cost`, `Cooldown`, `Ability_Range`, `ABILITIES_TYPE_abilities_type_id`, `CHAMPIONS_champion_id`) VALUES (372, 'Command: Shockwave', 'Orianna commands her ball to unleash a shockwave, dealing magic damage and launching nearby enemies towards the ball after a short delay.Orianna commands her ball to unleash a shockwave after a brief delay, dealing 150/225/300 (+70% Ability Power) magic damage to nearby enemies and flinging them into the air a set distance in the direction of the ball.', '100/125/150 Mana', '120 / 105 / 90', '815', 5, 71);
INSERT INTO `mydb`.`ABILITES` (`ability_id`, `ABILITIY`, `Description`, `Cost`, `Cooldown`, `Ability_Range`, `ABILITIES_TYPE_abilities_type_id`, `CHAMPIONS_champion_id`) VALUES (373, 'Aegis Protection', 'After attacking or casting spells 4 times, Pantheon will block the next incoming basic attack or turret attack.', 'N/A', 'N/A', 'N/A', 1, 72);
INSERT INTO `mydb`.`ABILITES` (`ability_id`, `ABILITIY`, `Description`, `Cost`, `Cooldown`, `Ability_Range`, `ABILITIES_TYPE_abilities_type_id`, `CHAMPIONS_champion_id`) VALUES (374, 'Spear Shot', 'Pantheon hurls his spear at an opponent, dealing damage.Pantheon hurls his spear at an opponent, dealing 65/105/145/185/225 (+140% bonus Attack Damage) physical damage.', '45 Mana', '4', '600', 2, 72);
INSERT INTO `mydb`.`ABILITES` (`ability_id`, `ABILITIY`, `Description`, `Cost`, `Cooldown`, `Ability_Range`, `ABILITIES_TYPE_abilities_type_id`, `CHAMPIONS_champion_id`) VALUES (375, 'Aegis of Zeonia', 'Pantheon leaps at an enemy and bashes the enemy with his shield, stunning them. After finishing the attack, Pantheon readies himself to block the next attack.Pantheon leaps at the target enemy champion, minion or neutral monster and deals 50/75/100/125/150 (+100% Ability Power) magic damage and stuns them for 1 second(s). Pantheon also instantly refreshes his Aegis Protection.', '55 Mana', '13 / 12 / 11 / 10 / 9', '600', 3, 72);
INSERT INTO `mydb`.`ABILITES` (`ability_id`, `ABILITIY`, `Description`, `Cost`, `Cooldown`, `Ability_Range`, `ABILITIES_TYPE_abilities_type_id`, `CHAMPIONS_champion_id`) VALUES (376, 'Heartseeker Strike', 'Pantheon focuses and unleashes 3 swift strikes to the area in front of him, dealing double damage to champions. Pantheon also becomes more aware of his enemy\'s vital spots, allowing him to always crit enemies below 15% Health.Passive: Pantheon\'s basic attacks and Spear Shot gain 100% critical strike chance against targets below 15% Health.Active: Pantheon focuses and deals 3 swift strikes in front of him for 13/23/33/43/53 (+60% bonus Attack Damage) physical damage per strike. Deals double damage to champions.', '45/50/55/60/65 Mana ', '10 / 9 / 8 / 7 / 6', '400', 4, 72);
INSERT INTO `mydb`.`ABILITES` (`ability_id`, `ABILITIY`, `Description`, `Cost`, `Cooldown`, `Ability_Range`, `ABILITIES_TYPE_abilities_type_id`, `CHAMPIONS_champion_id`) VALUES (377, 'Grand Skyfall', 'Pantheon composes himself then leaps into the air to a target, striking all enemy units in an area. Enemies closer to the impact point take more damage.Pantheon gathers his strength and then leaps high into the air, crashing down at the target area a few seconds later. Deals up to 400/700/1000 (+100% Ability Power) magic damage to units at the center (down to 50% at the edge) and slows their Movement Speed by 35% for 1 second.', '125 Mana', '150 / 135 / 120', '5500', 5, 72);
INSERT INTO `mydb`.`ABILITES` (`ability_id`, `ABILITIY`, `Description`, `Cost`, `Cooldown`, `Ability_Range`, `ABILITIES_TYPE_abilities_type_id`, `CHAMPIONS_champion_id`) VALUES (378, 'Valiant Fighter', 'All physical and Magic Damage dealt to Poppy that exceeds 10% of her current Health is reduced by 50%.This does not reduce damage from structures.', 'N/A', 'N/A', 'N/A', 1, 73);
INSERT INTO `mydb`.`ABILITES` (`ability_id`, `ABILITIY`, `Description`, `Cost`, `Cooldown`, `Ability_Range`, `ABILITIES_TYPE_abilities_type_id`, `CHAMPIONS_champion_id`) VALUES (379, 'Devastating Blow', 'Poppy crushes her opponent, dealing attack damage plus a flat amount and 8% of her target\'s max Health as bonus damage. The bonus damage cannot exceed a threshold based on rank.Poppy crushes her opponent, dealing 20/40/60/80/100 (+100% Attack Damage) (+60% Ability Power) plus 8% of her target\'s maximum Health as Magic Damage. The base plus percent Health bonus damage cannot exceed 75/150/225/300/375.', '55 Mana', '8 / 7 / 6 / 5 / 4', 'N/A', 2, 73);
INSERT INTO `mydb`.`ABILITES` (`ability_id`, `ABILITIY`, `Description`, `Cost`, `Cooldown`, `Ability_Range`, `ABILITIES_TYPE_abilities_type_id`, `CHAMPIONS_champion_id`) VALUES (380, 'Paragon of Demacia', 'Passive: Upon receiving damage from or dealing damage with a basic attack, Poppy\'s Armor and damage are increased for 5 seconds. This effect can stack 10 times.Active: Poppy gains max stacks of Paragon of Demacia and her Movement Speed is increased for 5 seconds.Passive: Upon receiving damage from or dealing damage with a basic attack, Poppy\'s Armor and damage are increased by 1.5/2/2.5/3/3.5 for 5 seconds. This effect can stack 10 times.Active: Poppy gains max stacks of Paragon of Demacia and her Movement Speed is increased by 17/19/21/23/25% for 5 seconds.', '70/75/80/85/90 Mana', '12', 'N/A', 3, 73);
INSERT INTO `mydb`.`ABILITES` (`ability_id`, `ABILITIY`, `Description`, `Cost`, `Cooldown`, `Ability_Range`, `ABILITIES_TYPE_abilities_type_id`, `CHAMPIONS_champion_id`) VALUES (381, 'Heroic Charge', 'Poppy charges at an enemy and carries them further. The initial impact deals a small amount of damage, and if they collide with terrain, her target will take a high amount of damage and be stunned.Poppy charges at an enemy and carries them for a short distance. The initial impact deals 50/75/100/125/150 (+40% Ability Power) Magic Damage. If they collide with terrain, her target takes 75/125/175/225/275 (+40% Ability Power) Magic Damage and will be stunned for 1.5 seconds.', '60/65/70/75/80 Mana ', '12 / 11 / 10 / 9 / 8', '525', 4, 73);
INSERT INTO `mydb`.`ABILITES` (`ability_id`, `ABILITIY`, `Description`, `Cost`, `Cooldown`, `Ability_Range`, `ABILITIES_TYPE_abilities_type_id`, `CHAMPIONS_champion_id`) VALUES (382, 'Diplomatic Immunity', 'Poppy focuses intently on a single enemy champion, dealing increased damage to them. Poppy is immune to any damage and abilities from enemies other than her target.For 6/7/8 seconds, Poppy is immune to any damage and abilities from enemies other than her target enemy champion.Poppy deals 20/30/40% increased damage to the marked target.', '100 Mana', '140 / 120 / 100', '900', 5, 73);
INSERT INTO `mydb`.`ABILITES` (`ability_id`, `ABILITIY`, `Description`, `Cost`, `Cooldown`, `Ability_Range`, `ABILITIES_TYPE_abilities_type_id`, `CHAMPIONS_champion_id`) VALUES (383, 'Harrier', 'Valor periodically marks enemies as Vulnerable. Quinn\'s first basic attack against Vulnerable targets will deal bonus physical damage.', 'N/A', '10', 'N/A', 1, 74);
INSERT INTO `mydb`.`ABILITES` (`ability_id`, `ABILITIY`, `Description`, `Cost`, `Cooldown`, `Ability_Range`, `ABILITIES_TYPE_abilities_type_id`, `CHAMPIONS_champion_id`) VALUES (384, 'Blinding Assault', 'Quinn calls Valor to blind and damage targets in an area.Valor flies in a line and strikes the first enemy in his path. He then attacks all nearby enemies, dealing 70/110/150/190/230 (+65% bonus Attack Damage) (+50% Ability Power) physical damage and blinding them for 1.5 seconds.As Valor: Performs the same attack at the current location.', '50/55/60/65/70 Mana ', '11 / 10 / 9 / 8 / 7', '1025', 2, 74);
INSERT INTO `mydb`.`ABILITES` (`ability_id`, `ABILITIY`, `Description`, `Cost`, `Cooldown`, `Ability_Range`, `ABILITIES_TYPE_abilities_type_id`, `CHAMPIONS_champion_id`) VALUES (385, 'Heightened Senses', 'Passively grants Quinn Attack Speed and Movement Speed after she attacks a Vulnerable target. Valor\'s Attack Speed is permanently increased. Activate to have Valor reveal a large area nearby (does not reveal stealthed units).Passive: Attacking a Vulnerable target will increase Quinn\'s Attack Speed by 20/25/30/35/40% and Movement Speed by 20/30/40/50/60 for 3 seconds.Passive as Valor: Gains 40/50/60/70/80% Attack Speed.Active: Valor reveals a large area nearby for 2 seconds (does not reveal stealthed units).', 'N/A', '50 / 45 / 40 / 35 / 30', '2100', 3, 74);
INSERT INTO `mydb`.`ABILITES` (`ability_id`, `ABILITIY`, `Description`, `Cost`, `Cooldown`, `Ability_Range`, `ABILITIES_TYPE_abilities_type_id`, `CHAMPIONS_champion_id`) VALUES (386, 'Vault', 'Quinn dashes to an enemy, dealing physical damage and slowing the target\'s Movement Speed. Upon reaching the target, she leaps off the target, briefly interrupting it, and lands near her maximum Attack Range away from the target. Valor will immediately mark this enemy as Vulnerable.Quinn dashes to an enemy, dealing 40/70/100/130/160 (+20% bonus Attack Damage) physical damage and slowing the target\'s Movement Speed by 50% (this effect diminishes over 2 seconds).Upon reaching the target, she leaps off the target, briefly interrupting it, and lands near her maximum Attack Range from the target. Valor will immediately mark this enemy as Vulnerable.As Valor: Performs the same attack but does not mark or leap off the target.', '50 Mana', '12 / 11 / 10 / 9 / 8', '700', 4, 74);
INSERT INTO `mydb`.`ABILITES` (`ability_id`, `ABILITIY`, `Description`, `Cost`, `Cooldown`, `Ability_Range`, `ABILITIES_TYPE_abilities_type_id`, `CHAMPIONS_champion_id`) VALUES (387, 'Tag Team', 'Valor replaces Quinn on the battlefield as a mobile melee attacker. When ready, Quinn returns in a hail of arrows, dealing physical damage to all nearby enemies.First Cast: Valor replaces Quinn on the battlefield as a mobile melee attacker for 20 seconds. Valor can move through units and gains +80/90/100% Movement Speed, decreased gradually to +20/30/40% when in combat.Second Cast: Quinn returns to perform Skystrike, dealing from 100/150/200 (+50% bonus Attack Damage) to 200/300/400 (+100% bonus Attack Damage) physical damage to all enemies in a large area, increasing based on how much health they are missing.If Skystrike has not been cast before this ability ends, it will be cast automatically.', '100 Mana', '140 / 110 / 80', 'N/A', 5, 74);
INSERT INTO `mydb`.`ABILITES` (`ability_id`, `ABILITIY`, `Description`, `Cost`, `Cooldown`, `Ability_Range`, `ABILITIES_TYPE_abilities_type_id`, `CHAMPIONS_champion_id`) VALUES (388, 'Spiked Shell', 'Rammus gains additional damage as his shell becomes reinforced, converting 25% of his Armor into Attack Damage.', 'N/A', 'N/A', 'N/A', 1, 75);
INSERT INTO `mydb`.`ABILITES` (`ability_id`, `ABILITIY`, `Description`, `Cost`, `Cooldown`, `Ability_Range`, `ABILITIES_TYPE_abilities_type_id`, `CHAMPIONS_champion_id`) VALUES (389, 'Powerball', 'Rammus accelerates in a ball towards his enemies, dealing damage and slowing targets affected by the impact.Rammus accelerates in a ball over 7 seconds towards his enemies, dealing 100/150/200/250/300 (+100% Ability Power) magic damage to nearby enemies on impact, knocking them back, and slowing them by 20/25/30/35/40% for 3 seconds.Activating Defensive Ball Curl will remove this effect after 1 second.', '70/80/90/100/110 Mana ', '16 / 14.5 / 13 / 11.5 / 10', 'N/A', 2, 75);
INSERT INTO `mydb`.`ABILITES` (`ability_id`, `ABILITIY`, `Description`, `Cost`, `Cooldown`, `Ability_Range`, `ABILITIES_TYPE_abilities_type_id`, `CHAMPIONS_champion_id`) VALUES (390, 'Defensive Ball Curl', 'Rammus goes into a defensive formation, vastly increasing his Armor and Magic Resist, while returning damage to attacks.Rammus goes into a defensive formation for 6 seconds, increasing his Armor and Magic Resist by 40/60/80/100/120 and returning 15/25/35/45/55 (+10% Armor) magic damage to attackers.This ability gains damage equal to 10% of Armor.Activating Powerball will', '40 Mana', '14', 'N/A', 3, 75);
INSERT INTO `mydb`.`ABILITES` (`ability_id`, `ABILITIY`, `Description`, `Cost`, `Cooldown`, `Ability_Range`, `ABILITIES_TYPE_abilities_type_id`, `CHAMPIONS_champion_id`) VALUES (391, 'Puncturing Taunt', 'Rammus taunts an enemy champion or monster into a reckless assault against Rammus\' hard shell, reducing Armor temporarily.Rammus taunts the enemy champion or monster into a reckless assault, reducing their Armor by 5/10/15/20/25 and forcing them to attack Rammus for 1.25/1.5/1.75/2/2.25 second(s).', '50 Mana', '12', '325', 4, 75);
INSERT INTO `mydb`.`ABILITES` (`ability_id`, `ABILITIY`, `Description`, `Cost`, `Cooldown`, `Ability_Range`, `ABILITIES_TYPE_abilities_type_id`, `CHAMPIONS_champion_id`) VALUES (392, 'Tremors', 'Rammus creates waves of destruction pulsing through the ground, causing damage to units and structures near him.Rammus creates tremors beneath him, dealing 65/130/195 (+30% Ability Power) magic damage every second to nearby units and structures for 8 seconds.', '100 Mana', '60', 'N/A', 5, 75);
INSERT INTO `mydb`.`ABILITES` (`ability_id`, `ABILITIY`, `Description`, `Cost`, `Cooldown`, `Ability_Range`, `ABILITIES_TYPE_abilities_type_id`, `CHAMPIONS_champion_id`) VALUES (393, 'Fury of the Xer\'Sai', 'While unburrowed Rek\'Sai generates Fury with her basic attacks and spells. When burrowed Rek\'Sai consumes Fury to heal herself.', 'N/A', 'N/A', 'N/A', 1, 76);
INSERT INTO `mydb`.`ABILITES` (`ability_id`, `ABILITIY`, `Description`, `Cost`, `Cooldown`, `Ability_Range`, `ABILITIES_TYPE_abilities_type_id`, `CHAMPIONS_champion_id`) VALUES (394, 'Queen\'s Wrath', 'Rek\'Sai\'s next three basic attacks within 5 seconds deal bonus physical damage to her target and all surrounding enemies.', 'N/A', '4', '325', 2, 76);
INSERT INTO `mydb`.`ABILITES` (`ability_id`, `ABILITIY`, `Description`, `Cost`, `Cooldown`, `Ability_Range`, `ABILITIES_TYPE_abilities_type_id`, `CHAMPIONS_champion_id`) VALUES (395, 'Prey Seeker', 'Rek\'Sai fires a pulse of void-charged earth in a straight line skill shot which detonates on the first enemy struck, dealing magic damage and Sight icon sight of enemies within range of the detonation for 2.5 seconds', 'N/A', '11 / 10 / 9 / 8 / 7', '1650', 2, 76);
INSERT INTO `mydb`.`ABILITES` (`ability_id`, `ABILITIY`, `Description`, `Cost`, `Cooldown`, `Ability_Range`, `ABILITIES_TYPE_abilities_type_id`, `CHAMPIONS_champion_id`) VALUES (396, 'Burrow', 'Rek\'Sai burrows into the ground, reducing her sight radius to 250 and disabling her basic attacks while gaining Tremor Sense, 15 / 20 / 25 / 30 flat movement speed, the ability to ignore unit collision and access to an alternate set of basic abilities.Tremor Sense: Enemy and neutral units within 1300-units that move within the Fog of War have their position revealed for Rek\'Sai and her allies. This does not grant sight.', 'N/A', '4', '1650', 3, 76);
INSERT INTO `mydb`.`ABILITES` (`ability_id`, `ABILITIY`, `Description`, `Cost`, `Cooldown`, `Ability_Range`, `ABILITIES_TYPE_abilities_type_id`, `CHAMPIONS_champion_id`) VALUES (397, 'Un-burrow', 'Rek\'Sai will burst out of the ground: dealing physical damage and Airborne icon knocking up surrounding enemies for up to 1 second, based on their proximity to Rek\'Sai. Enemies cannot be affected again by Unburrow for a few seconds.', 'N/A', '1', '1650', 3, 76);
INSERT INTO `mydb`.`ABILITES` (`ability_id`, `ABILITIY`, `Description`, `Cost`, `Cooldown`, `Ability_Range`, `ABILITIES_TYPE_abilities_type_id`, `CHAMPIONS_champion_id`) VALUES (398, 'Furious Bite', 'Rek\'Sai bites her target, dealing physical damage that is increased by 1% for every 1% of her current Fury. If Rek\'Sai has full Fury, Furious Bite will deal true damage instead.', 'N/A', '12', '250', 4, 76);
INSERT INTO `mydb`.`ABILITES` (`ability_id`, `ABILITIY`, `Description`, `Cost`, `Cooldown`, `Ability_Range`, `ABILITIES_TYPE_abilities_type_id`, `CHAMPIONS_champion_id`) VALUES (399, 'Tunnel', 'Rek\'Sai digs in the direction of the cursor, leaving behind two connected Tunnel.png tunnel entrances. Rek\'Sai can interact with either entrances of a tunnel to traverse it. Rek\'Sai cannot traverse the same tunnel again for a few seconds.Rek\'Sai\'s tunnels last for up to 10 minutes and can have up to 8 pairs of Tunnel.png tunnel entrances active on the map at the same time. Enemy champions can destroy a tunnel by standing on either entrance for 1.5 seconds.', 'N/A', '20 / 19.5 / 19 / 18.5 / 18', '250', 4, 76);
INSERT INTO `mydb`.`ABILITES` (`ability_id`, `ABILITIY`, `Description`, `Cost`, `Cooldown`, `Ability_Range`, `ABILITIES_TYPE_abilities_type_id`, `CHAMPIONS_champion_id`) VALUES (400, 'Void Rush', 'Passive: Rek\'Sai gains bonus attack speed.ACTIVE: Rek\'Sai targets one of her Tunnel.png tunnel entrances and begins channeling. In addition to disabling effects, Void Rush\'s channel will be interrupted if Rek\'Sai takes damage from champions or turrets. Interrupting Void Rush will put the ability on an 8 second cooldown.If Rek\'Sai successfully channels for 1.5 seconds, she will Burrow.png burrow into the ground and rapidly dash to the target tunnel, becoming untargetable until she reaches one of her Tunnel.png tunnel entrances. This will not put the target entrance on cooldown.', 'N/A', '150 / 110 / 70', '25000', 5, 76);
INSERT INTO `mydb`.`ABILITES` (`ability_id`, `ABILITIY`, `Description`, `Cost`, `Cooldown`, `Ability_Range`, `ABILITIES_TYPE_abilities_type_id`, `CHAMPIONS_champion_id`) VALUES (401, 'Reign of Anger', 'Renekton gains Fury for every autoattack he makes. This Fury can empower his abilities with bonus effects. Additionally, Renekton gains bonus Fury when he is low on life.', 'N/A', 'N/A', 'N/A', 1, 77);
INSERT INTO `mydb`.`ABILITES` (`ability_id`, `ABILITIY`, `Description`, `Cost`, `Cooldown`, `Ability_Range`, `ABILITIES_TYPE_abilities_type_id`, `CHAMPIONS_champion_id`) VALUES (402, 'Cull the Meek', 'Renekton swings his blade, dealing moderate physical damage to all targets around him, and heals for a small portion of the damage dealt. If he has more than 50 Fury, his damage and heal are increased.Renekton swings his blade, dealing 60/90/120/150/180 (+80% bonus Attack Damage) physical damage to nearby enemies and healing himself for 3/4.5/6/7.5/9 (+80% bonus Attack Damage) Health for each non-champion hit and 120% bonus Attack Damage (+0) Health for each champion hit, up to 50/75/100/125/150 Health.In addition, he generates 2.5 Fury for each non-champion hit and 10 Fury for each champion hit, up to a maximum of 30 Fury.50 Fury Bonus: Damage increased to 90/135/180/225/270 (+120% bonus Attack Damage). Heal increased to 9/13.5/18/22.5/27 (+0) per non-champion and 0 (+0) per champion, up to 150/225/300/375/450. No longer generates Fury.', '50 Fury', '8', '325', 2, 77);
INSERT INTO `mydb`.`ABILITES` (`ability_id`, `ABILITIY`, `Description`, `Cost`, `Cooldown`, `Ability_Range`, `ABILITIES_TYPE_abilities_type_id`, `CHAMPIONS_champion_id`) VALUES (403, 'Ruthless Predator', 'Renekton slashes his target twice, dealing moderate physical damage and stuns them for 0.75 seconds. If Renekton has more than 50 Fury, he slashes his target three times, dealing high physical damage and stuns them for 1.5 seconds.Renekton\'s next attack strikes twice, stunning his target for 0.75 second and dealing 5/15/25/35/45 (+150% Attack Damage) physical damage per hit (10/30/50/70/90 (+225% Attack Damage) total damage).Each hit applies on-hit effects and generates Fury. Renekton generates an additional 10 Fury for hitting a champion.50 Fury Bonus: Renekton attacks three times, stunning his target for 1.5 seconds and dealing a total of 15/45/75/105/135 (+0) damage. No longer generates Fury.', '50 Fury', '13 / 12 / 11 / 10 / 9', 'N/A', 3, 77);
INSERT INTO `mydb`.`ABILITES` (`ability_id`, `ABILITIY`, `Description`, `Cost`, `Cooldown`, `Ability_Range`, `ABILITIES_TYPE_abilities_type_id`, `CHAMPIONS_champion_id`) VALUES (404, 'Slice and Dice', 'Renekton dashes, dealing damage to units along the way. Empowered, Renekton deals bonus damage and reduces the Armor of units hit.Slice: Renekton dashes, dealing 30/60/90/120/150 (+90% bonus Attack Damage) physical damage. Hitting an enemy grants the ability to use Dice for 4 seconds.Dice: Renekton dashes, dealing 30/60/90/120/150 (+90% bonus Attack Damage) physical damage. In addition, he generates 2.5 Fury for each non-champion hit and 10 Fury for each champion hit, up to a maximum of 30 Fury.Dice - 50 Fury Bonus: Damage increased to 45/90/135/180/225 (+135% bonus Attack Damage). Enemies hit have 15/20/25/30/35% reduced Armor for 4 seconds. No longer generates Fury.', '50 Fury', '18 / 17 / 16 / 15 / 14', '450', 4, 77);
INSERT INTO `mydb`.`ABILITES` (`ability_id`, `ABILITIY`, `Description`, `Cost`, `Cooldown`, `Ability_Range`, `ABILITIES_TYPE_abilities_type_id`, `CHAMPIONS_champion_id`) VALUES (405, 'Dominus', 'Renekton transforms into the Tyrant form, gaining bonus Health and dealing damage to enemies around him. While in this form, Renekton gains Fury periodically.Renekton surrounds himself with dark energies for 15 seconds, gaining 200/400/800 Health. While active, he deals 30/60/120 (+10% Ability Power) magic damage to nearby enemies and gains 5 Fury per second.', 'N/A', '120', 'N/A', 5, 77);
INSERT INTO `mydb`.`ABILITES` (`ability_id`, `ABILITIY`, `Description`, `Cost`, `Cooldown`, `Ability_Range`, `ABILITIES_TYPE_abilities_type_id`, `CHAMPIONS_champion_id`) VALUES (406, 'Unseen Predator', 'While in brush or stealth Rengar will leap at the target when using his basic attack.Rengar builds 1 point of Ferocity with each ability he uses on enemies. When reaching 5 points of Ferocity, Rengar\'s next ability becomes empowered, granting it a bonus effect.', 'N/A', 'N/A', '600', 1, 78);
INSERT INTO `mydb`.`ABILITES` (`ability_id`, `ABILITIY`, `Description`, `Cost`, `Cooldown`, `Ability_Range`, `ABILITIES_TYPE_abilities_type_id`, `CHAMPIONS_champion_id`) VALUES (407, 'Savagery', 'Rengar\'s next basic attack deals bonus damage.Ferocity effect: Rengar deals enhanced damage and grants him Attack Speed and Attack Damage.The next basic attack within 3 seconds deals 100/105/110/115/120% (0) of Rengar\'s Attack Damage plus 30/60/90/120/150 physical damage.Ferocity effect: The next basic attack within 3 seconds deals 150% 1 of Rengar\'s Attack Damage plus 0 physical damage and grants [0]% Attack Speed and 10% Attack Damage for 5 seconds (Damage and Attack Speed scale with Rengar\'s level).', 'Builds 1 Ferocity ', '6 / 5.5 / 5 / 4.5 / 4', 'N/A', 2, 78);
INSERT INTO `mydb`.`ABILITES` (`ability_id`, `ABILITIY`, `Description`, `Cost`, `Cooldown`, `Ability_Range`, `ABILITIES_TYPE_abilities_type_id`, `CHAMPIONS_champion_id`) VALUES (408, 'Battle Roar', 'Rengar lets out a battle roar, damaging enemies and gaining bonus Armor and Magic Resist for a short duration.Ferocity effect: Rengar heals for a large amount.Deals 50/80/110/140/170 (+80% Ability Power) magic damage to enemies in the area. Rengar\'s Armor and Magic Resist are increased by 10/15/20/25/30 for 4 seconds. The bonus Armor and Magic Resist is increased by 50% for each enemy Champion or large Monster hit.', 'Builds 1 Ferocity', '12', '500', 3, 78);
INSERT INTO `mydb`.`ABILITES` (`ability_id`, `ABILITIY`, `Description`, `Cost`, `Cooldown`, `Ability_Range`, `ABILITIES_TYPE_abilities_type_id`, `CHAMPIONS_champion_id`) VALUES (409, 'Bola Strike', 'Rengar throws a bola, slowing the first target hit for a short duration.Ferocity effect: Roots the target.Throws a bola dealing 50/100/150/200/250 (+70% bonus Attack Damage) physical damage and slowing an enemy by 60/65/70/75/80% for 2.5 seconds. This slow diminishes over time.Ferocity effect: Deals 0 (+70% bonus Attack Damage) physical damage and roots the target for 1.75 seconds on top of the normal slow (damage scales with Rengar\'s level).', 'Builds 1 Ferocity', '10', '1000', 4, 78);
INSERT INTO `mydb`.`ABILITES` (`ability_id`, `ABILITIY`, `Description`, `Cost`, `Cooldown`, `Ability_Range`, `ABILITIES_TYPE_abilities_type_id`, `CHAMPIONS_champion_id`) VALUES (410, 'Thrill of the Hunt', 'Rengar activates his predatory instincts, stealthing himself and revealing all enemy Champions in a large radius around him. While stealthed, he gains Movement Speed when he moves towards enemies and his next attack will cause him to leap. He gains Movement Speed and rapidly generates Ferocity after he breaks stealth.Rengar stealths himself for 7 seconds after a 1 second (delayed to 3 seconds if taking damage) delay and reveals enemy Champions within 2000/3000/4000 range. While stealthed, Rengar gains 15% Movement Speed when moving toward enemy champions and his next attack will cause him to leap.After breaking stealth, Rengar gains 25/35/45% Movement Speed and generates 5 Ferocity over 5 seconds.', 'Builds 5 Ferocity', '150 / 110 / 70', '2000/3000/4000', 5, 78);
INSERT INTO `mydb`.`ABILITES` (`ability_id`, `ABILITIY`, `Description`, `Cost`, `Cooldown`, `Ability_Range`, `ABILITIES_TYPE_abilities_type_id`, `CHAMPIONS_champion_id`) VALUES (411, 'Runic Blade', 'Riven\'s abilities charge her blade, causing her basic attacks to deal bonus physical damage. Riven\'s blade may be charged up to three times and expends one charge per attack.', 'N/A', 'N/A', 'N/A', 1, 79);
INSERT INTO `mydb`.`ABILITES` (`ability_id`, `ABILITIY`, `Description`, `Cost`, `Cooldown`, `Ability_Range`, `ABILITIES_TYPE_abilities_type_id`, `CHAMPIONS_champion_id`) VALUES (412, 'Broken Wings', 'Riven lashes out in a series of strikes. This ability can be reactivated three times in a short time frame with the third hit knocking back nearby enemies.Riven strikes out in front of her in a short line. This ability may be reactivated 2 additional times.1st and 2nd Use: Slashes forward, dealing 10/30/50/70/90 (+40/45/50/55/60% Attack Damage) physical damage to all units she comes in contact with.3rd Use: Leaps forward and slams the ground dealing 10/30/50/70/90 (+40/45/50/55/60% Attack Damage) physical damage and knocking nearby enemies up. This leap can cross unpathable terrain.Riven will target the unit your cursor is hovering over, or if no targets are present, Riven will simply strike the direction she is currently facing.', 'N/A', '13', '275', 2, 79);
INSERT INTO `mydb`.`ABILITES` (`ability_id`, `ABILITIY`, `Description`, `Cost`, `Cooldown`, `Ability_Range`, `ABILITIES_TYPE_abilities_type_id`, `CHAMPIONS_champion_id`) VALUES (413, 'Ki Burst', 'Riven emits a Ki Burst, damaging and stunning nearby enemies.Riven\'s sword emits a burst of runic energy that shocks nearby enemies, dealing 50/80/110/140/170 (+100% bonus Attack Damage) physical damage and stunning them for 0.75 seconds.', 'N/A', '11 / 10 / 9 / 8 / 7', '260', 3, 79);
INSERT INTO `mydb`.`ABILITES` (`ability_id`, `ABILITIY`, `Description`, `Cost`, `Cooldown`, `Ability_Range`, `ABILITIES_TYPE_abilities_type_id`, `CHAMPIONS_champion_id`) VALUES (414, 'Valor', 'Riven steps forward a short distance and blocks incoming damage.Riven does a quick dash in the direction of your cursor and becomes shielded, blocking up to 90/120/150/180/210 (+100% bonus Attack Damage) incoming damage for 1.5 seconds.', 'N/A', '10 / 9 / 8 / 7 / 6', '250', 4, 79);
INSERT INTO `mydb`.`ABILITES` (`ability_id`, `ABILITIY`, `Description`, `Cost`, `Cooldown`, `Ability_Range`, `ABILITIES_TYPE_abilities_type_id`, `CHAMPIONS_champion_id`) VALUES (415, 'Blade of the Exile', 'Riven empowers her keepsake weapon with energy, and gains Attack Damage and Range. During this time, she also gains the ability to use Wind Slash, a powerful ranged attack, once.Riven\'s weapon surges with spiritual energy for 15 seconds, granting her 20% extra Attack Damage (+20% bonus Attack Damage), increased Range on her damaging spells and attacks, and the ability to use Wind Slash once.Wind Slash: Riven fires a shockwave that deals from 80/120/160 (+60% bonus Attack Damage) to 240/360/480 (+180% bonus Attack Damage) physical damage to all enemies hit, increasing based on how much Health they are missing', 'N/A', '110 / 80 / 50', '900', 5, 79);
INSERT INTO `mydb`.`ABILITES` (`ability_id`, `ABILITIY`, `Description`, `Cost`, `Cooldown`, `Ability_Range`, `ABILITIES_TYPE_abilities_type_id`, `CHAMPIONS_champion_id`) VALUES (416, 'Junkyard Titan', 'Every spell Rumble casts gives him Heat. When he reaches 50% Heat he reaches Danger Zone, granting all his basic abilities bonus effects. When he reaches 100% Heat, he starts Overheating, granting his basic attacks bonus damage, but making him unable to cast spells for a few seconds.', 'N/A', 'N/A', 'N/A', 1, 80);
INSERT INTO `mydb`.`ABILITES` (`ability_id`, `ABILITIY`, `Description`, `Cost`, `Cooldown`, `Ability_Range`, `ABILITIES_TYPE_abilities_type_id`, `CHAMPIONS_champion_id`) VALUES (417, 'Flamespitter', 'Rumble torches opponents in front of him, dealing magic damage in a cone for 3 seconds. While in Danger Zone this damage is increased.Rumble torches his opponents, dealing 75/135/195/255/315 (+100% Ability Power) magic damage in a cone over 3 seconds. This spell deals half damage to minions and neutral monsters.Danger Zone Bonus: Deals 50% bonus damage.', '20 Heat', '6', '600', 2, 80);
INSERT INTO `mydb`.`ABILITES` (`ability_id`, `ABILITIY`, `Description`, `Cost`, `Cooldown`, `Ability_Range`, `ABILITIES_TYPE_abilities_type_id`, `CHAMPIONS_champion_id`) VALUES (418, 'Scrap Shield', 'Rumble pulls up a shield, protecting him from damage and granting him a quick burst of speed. While in Danger Zone, the shield strength and speed bonus is increased.Rumble tosses up a shield for 2 seconds that absorbs 50/80/110/140/170 (+40% Ability Power) damage. Rumble also gains an additional 10/15/20/25/30% Movement Speed for 1 second.Danger Zone Bonus: 50% increase in shield health and Movement Speed.', '20 Heat', '6', 'N/A', 3, 80);
INSERT INTO `mydb`.`ABILITES` (`ability_id`, `ABILITIY`, `Description`, `Cost`, `Cooldown`, `Ability_Range`, `ABILITIES_TYPE_abilities_type_id`, `CHAMPIONS_champion_id`) VALUES (419, 'Electro Harpoon', 'Rumble launches a taser, electrocuting his target with magic damage and slowing their Movement Speed. A second shot can be fired within 3 seconds. While in Danger Zone the damage and slow percentage is increased.Rumble shoots his opponent with up to 2 tasers, dealing 45/70/95/120/145 (+40% Ability Power) magic damage and applying a stacking slow of 15/20/25/30/35% for 3 seconds.Danger Zone Bonus: Damage and slow percentage increased by 50%.After using this ability you may cast it a second time at no cost within 3 seconds.', '20 Heat', '10', '850', 4, 80);
INSERT INTO `mydb`.`ABILITES` (`ability_id`, `ABILITIY`, `Description`, `Cost`, `Cooldown`, `Ability_Range`, `ABILITIES_TYPE_abilities_type_id`, `CHAMPIONS_champion_id`) VALUES (420, 'The Equalizer', 'Rumble fires off a group of rockets, creating a wall of flames that damages and slows enemies.Rumble launches a line of rockets that creates a burning trail for 5 seconds. Enemies in the area have their Movement Speed slowed by 35% and take 130/185/240 (+30% Ability Power) magic damage each second.You can control the placement of this attack by clicking and dragging your mouse in a line.', 'N/A', '105 / 90 / 75', '1750', 5, 80);
INSERT INTO `mydb`.`ABILITES` (`ability_id`, `ABILITIY`, `Description`, `Cost`, `Cooldown`, `Ability_Range`, `ABILITIES_TYPE_abilities_type_id`, `CHAMPIONS_champion_id`) VALUES (421, 'Arcane Mastery', 'When Ryze casts a spell, all other spells have their cooldown reduced by 1 second.', 'N/A', 'N/A', 'N/A', 1, 81);
INSERT INTO `mydb`.`ABILITES` (`ability_id`, `ABILITIY`, `Description`, `Cost`, `Cooldown`, `Ability_Range`, `ABILITIES_TYPE_abilities_type_id`, `CHAMPIONS_champion_id`) VALUES (422, 'Overload', 'Ryze throws a charge of pure energy at an enemy for heavy damage and additional damage based upon Ryze\'s maximum Mana. Ryze also gains passive cooldown reduction.Active: Deals 55/75/95/115/135 (+40% Ability Power) plus 6.5% of Ryze\'s maximum Mana (+6.5% % of maximum Mana) in magic damage.Passive: Gains 2/4/6/8/10% Cooldown Reduction.', '60 Mana', '3.30', '625', 2, 81);
INSERT INTO `mydb`.`ABILITES` (`ability_id`, `ABILITIY`, `Description`, `Cost`, `Cooldown`, `Ability_Range`, `ABILITIES_TYPE_abilities_type_id`, `CHAMPIONS_champion_id`) VALUES (423, 'Rune Prison', 'Ryze traps target enemy unit in a cage of runes, damaging them and preventing them from moving. Also gains bonus damage based on Ryze\'s maximum Mana.Roots the enemy for 0.75/1/1.25/1.5/1.75 second(s), dealing 60/95/130/165/200 (+60% Ability Power) plus 4.5% of Ryze\'s maximum Mana (+4.5% % of maximum Mana) in magic damage.', '60/70/80/90/100 Mana ', '14', '600', 3, 81);
INSERT INTO `mydb`.`ABILITES` (`ability_id`, `ABILITIY`, `Description`, `Cost`, `Cooldown`, `Ability_Range`, `ABILITIES_TYPE_abilities_type_id`, `CHAMPIONS_champion_id`) VALUES (424, 'Spell Flux', 'Ryze releases an orb of pure magical power that deals damage and bounces from the initial target up to 5 times. Also gains bonus damage based on Ryze\'s maximum Mana. Targets hit have their Magic Resistance reduced.Unleashes an orb that bounces to enemies or Ryze up to 5 times.Each bounce deals 50/70/90/110/130 (+35% Ability Power) plus 1% of Ryze\'s maximum Mana (+1% % of maximum Mana) magic damage and reduces Magic Resist by 12/15/18/21/24 for 5 seconds.', '60/70/80/90/100 Mana ', '14', '600', 4, 81);
INSERT INTO `mydb`.`ABILITES` (`ability_id`, `ABILITIY`, `Description`, `Cost`, `Cooldown`, `Ability_Range`, `ABILITIES_TYPE_abilities_type_id`, `CHAMPIONS_champion_id`) VALUES (425, 'Desperate Power', 'Ryze channels immense arcane power, he gains Spell Vamp and all of his spells deal area of effect damage.Channels immense arcane power gaining 15/20/25% Spell Vamp, and 80 Movement Speed. Spells deal 50% area of effect damage for 5/6/7 seconds.', 'N/A', '70 / 60 / 50', 'N/A', 5, 81);
INSERT INTO `mydb`.`ABILITES` (`ability_id`, `ABILITIY`, `Description`, `Cost`, `Cooldown`, `Ability_Range`, `ABILITIES_TYPE_abilities_type_id`, `CHAMPIONS_champion_id`) VALUES (426, 'Frost', 'Damaging an enemy with an ability or basic attack grants Sejuani bonus Armor and reduces movement-slowing effects on her.', 'N/A', 'N/A', 'N/A', 1, 82);
INSERT INTO `mydb`.`ABILITES` (`ability_id`, `ABILITIY`, `Description`, `Cost`, `Cooldown`, `Ability_Range`, `ABILITIES_TYPE_abilities_type_id`, `CHAMPIONS_champion_id`) VALUES (427, 'Arctic Assault', 'Charges forward, dealing magic damage and knocking enemies into the air. The charge stops after knocking an enemy champion into the air.Charges forward, knocking enemies into the air and dealing 80/125/170/215/260 (+40% Ability Power) magic damage. The charge stops after knocking an enemy champion into the air.', '80/85/90/95/100 Mana ', '15 / 14 / 13 / 12 / 11', '650', 2, 82);
INSERT INTO `mydb`.`ABILITES` (`ability_id`, `ABILITIY`, `Description`, `Cost`, `Cooldown`, `Ability_Range`, `ABILITIES_TYPE_abilities_type_id`, `CHAMPIONS_champion_id`) VALUES (428, 'Flail of the Northern Winds', 'Sejuani\'s next basic attack deals bonus magic damage to the target and enemies near it. She then spins her flail, dealing magic damage to nearby enemies.Sejuani\'s next basic attack also affects enemies near her target. All affected units are dealt magic damage equal to 4/5.5/7/8.5/10% (+[3% Ability Power]%) of their own maximum Health. Sejuani then swings her flail, dealing 40/70/100/130/160 (+10% of bonus Health) (+60% Ability Power) magic damage to nearby enemies over 4 seconds.If this ability is reactivated, Sejuani immediately starts swinging her flail.', '40/35/30/25/20 Mana ', '11 / 10 / 9 / 8 / 7', '350', 3, 82);
INSERT INTO `mydb`.`ABILITES` (`ability_id`, `ABILITIY`, `Description`, `Cost`, `Cooldown`, `Ability_Range`, `ABILITIES_TYPE_abilities_type_id`, `CHAMPIONS_champion_id`) VALUES (429, 'Permafrost', 'Abilities and basic attacks apply Frost to enemies. Activating Permafrost damages and slows all nearby enemies with Frost.Passive: Abilities and basic attacks apply Frost to enemies for 4 seconds.Active: All nearby enemies with Frost take 60/90/120/150/180 (+50% Ability Power) magic damage and are slowed by 50/55/60/65/70% for 1.5 seconds.', '55 Mana', '10 / 9 / 8 / 7 / 6', '1000', 4, 82);
INSERT INTO `mydb`.`ABILITES` (`ability_id`, `ABILITIY`, `Description`, `Cost`, `Cooldown`, `Ability_Range`, `ABILITIES_TYPE_abilities_type_id`, `CHAMPIONS_champion_id`) VALUES (430, 'Glacial Prison', 'Sejuani throws her True Ice bola in a line. If the bola hits an enemy champion, it shatters, stunning the target and nearby enemies. If the bola reaches its maximum range, it shatters and slows nearby enemies.Sejuani throws her True Ice bola in a line. If the bola hits an enemy champion, it shatters, stunning the target and nearby enemies for 1.25/1.5/1.75 seconds. If the bola reaches its maximum range, it shatters and slows enemies by 30% for 1.25/1.5/1.75 seconds instead.All enemies in the shatter area take 150/250/350 (+80% Ability Power) magic damage.', '100 Mana', '130 / 115 / 100', '1175', 5, 82);
INSERT INTO `mydb`.`ABILITES` (`ability_id`, `ABILITIY`, `Description`, `Cost`, `Cooldown`, `Ability_Range`, `ABILITIES_TYPE_abilities_type_id`, `CHAMPIONS_champion_id`) VALUES (431, 'Backstab', 'Shaco deals 20% bonus damage when striking a unit from behind.', 'N/A', 'N/A', 'N/A', 1, 83);
INSERT INTO `mydb`.`ABILITES` (`ability_id`, `ABILITIY`, `Description`, `Cost`, `Cooldown`, `Ability_Range`, `ABILITIES_TYPE_abilities_type_id`, `CHAMPIONS_champion_id`) VALUES (432, 'Deceive', 'Shaco becomes invisible and teleports to target location. His next attack is guaranteed to critically strike.Shaco teleports nearby and becomes invisible for 3.5 seconds.His next basic attack within the next 6 seconds will critically strike, dealing 140/160/180/200/220% damage (normal critical strikes deal 200% damage).', '90/80/70/60/50 Mana', '11 seconds after exiting stealth', '400', 2, 83);
INSERT INTO `mydb`.`ABILITES` (`ability_id`, `ABILITIY`, `Description`, `Cost`, `Cooldown`, `Ability_Range`, `ABILITIES_TYPE_abilities_type_id`, `CHAMPIONS_champion_id`) VALUES (433, 'Jack In The Box', 'Shaco creates an invisible, animated Jack-in-the-Box, which will fear, and then attack, nearby enemies.Shaco creates a Jack in the Box at the target location. It will become invisible after 2 seconds, and pop out when an enemy comes near, fearing nearby enemies for 0.5/0.75/1/1.25/1.5 seconds and attacking them.Its attacks deal 35/50/65/80/95 (+20% Ability Power) magic damage and it lasts for 60 seconds while invisible or 5 seconds while firing.', '50/55/60/65/70 Mana ', '16', '425', 3, 83);
INSERT INTO `mydb`.`ABILITES` (`ability_id`, `ABILITIY`, `Description`, `Cost`, `Cooldown`, `Ability_Range`, `ABILITIES_TYPE_abilities_type_id`, `CHAMPIONS_champion_id`) VALUES (434, 'Two-Shiv Poison', 'Shaco\'s Shivs passively poison targets on hit, slowing them and applying a miss chance to minions and monsters. He can throw his Shivs to deal damage and poison the target.Passive: While Two-Shiv Poison is ready to cast, Shaco\'s basic attacks reduce the target\'s Movement Speed by 10/15/20/25/30% for 2 seconds. Also reduces minions\' and monsters\' chance to hit by 20/22.5/25/27.5/30% for 2 seconds.Active: Deals 50/90/130/170/210 (+100% bonus Attack Damage) (+100% Ability Power) magic damage to target enemy and reduces their Movement Speed by 10/15/20/25/30% for 3 seconds.', '50/55/60/65/70 Mana', '8', '625', 4, 83);
INSERT INTO `mydb`.`ABILITES` (`ability_id`, `ABILITIY`, `Description`, `Cost`, `Cooldown`, `Ability_Range`, `ABILITIES_TYPE_abilities_type_id`, `CHAMPIONS_champion_id`) VALUES (435, 'Hallucinate', 'Shaco creates an illusion of himself near him, which can attack nearby enemies. (Deals half damage to turrets.) Upon death, it explodes, dealing damage to nearby enemies.Shaco vanishes briefly and reappears with a clone that lasts up to 18 seconds. The clone deals 75% of Shaco\'s damage and receives 50% increased damage.On death, the clone detonates, dealing 300/450/600 (+100% Ability Power) magic damage to nearby enemies.The clone can be controlled by holding the alt key and using the right mouse button or by reactivating this ability.', '100 Mana', '100 / 90 / 80', 'N/A', 5, 83);
INSERT INTO `mydb`.`ABILITES` (`ability_id`, `ABILITIY`, `Description`, `Cost`, `Cooldown`, `Ability_Range`, `ABILITIES_TYPE_abilities_type_id`, `CHAMPIONS_champion_id`) VALUES (436, 'Ki Strike', 'Every 8 seconds, Shen\'s next attack deals bonus damage.', 'N/A', '9', 'N/A', 1, 84);
INSERT INTO `mydb`.`ABILITES` (`ability_id`, `ABILITIY`, `Description`, `Cost`, `Cooldown`, `Ability_Range`, `ABILITIES_TYPE_abilities_type_id`, `CHAMPIONS_champion_id`) VALUES (437, 'Vorpal Blade', 'Damages and life taps a target unit, healing allies that attack the target.Deals 60/100/140/180/220 (+60% Ability Power) magic damage to target unit and marks them for 5 seconds.Allied spells and attacks against this target heal the attackers 6/10/14/18/22 (+ 1.5% of maximum Health) over 3 seconds.Killing an enemy with Vorpal Blade restores 2/3/5/6/7 (+0.5% of maximum Health) Health instantly instead.', '60 Energy', '6 / 5.5 / 5 / 4.5 / 4', '475', 2, 84);
INSERT INTO `mydb`.`ABILITES` (`ability_id`, `ABILITIY`, `Description`, `Cost`, `Cooldown`, `Ability_Range`, `ABILITIES_TYPE_abilities_type_id`, `CHAMPIONS_champion_id`) VALUES (438, 'Feint', 'Shen shields himself, absorbing incoming damage for a few seconds.Shen shields himself, absorbing the next 60/100/140/180/220 (+60% Ability Power) damage. Lasts up to 3 seconds.While Feint holds, his attacks reduce Ki Strike\'s cooldown by an additional 1 second.', '50 Energy', '9 / 8 / 7 / 6 / 5', 'N/A', 3, 84);
INSERT INTO `mydb`.`ABILITES` (`ability_id`, `ABILITIY`, `Description`, `Cost`, `Cooldown`, `Ability_Range`, `ABILITIES_TYPE_abilities_type_id`, `CHAMPIONS_champion_id`) VALUES (439, 'Shadow Dash', 'Shen dashes rapidly toward a target location, taunting enemy champions he encounters and dealing minor damage.Shen dashes in a direction, dealing 50/85/120/155/190 (+50% Ability Power) magic damage to champions and taunting champions he collides with for 1.5 second(s).Taunted enemies are forced to attack Shen and their basic attacks deal 50% reduced damage.Restores 40 Energy per champion affected.', '100 Energy', '16 / 14 / 12 / 10 / 8', '600', 4, 84);
INSERT INTO `mydb`.`ABILITES` (`ability_id`, `ABILITIY`, `Description`, `Cost`, `Cooldown`, `Ability_Range`, `ABILITIES_TYPE_abilities_type_id`, `CHAMPIONS_champion_id`) VALUES (440, 'Stand United', 'Shen shields target allied champion from incoming damage, and soon after teleports to their location.Places a shield on target allied champion, absorbing 250/550/850 (+135% Ability Power) damage for 5 seconds. After channeling for 3 seconds, Shen teleports to the target\'s location.', 'N/A', '180 / 160 / 120', '25000', 5, 84);
INSERT INTO `mydb`.`ABILITES` (`ability_id`, `ABILITIY`, `Description`, `Cost`, `Cooldown`, `Ability_Range`, `ABILITIES_TYPE_abilities_type_id`, `CHAMPIONS_champion_id`) VALUES (441, 'Dragonborn', 'Shyvana gains bonus Armor and Magic Resistance. These bonuses are doubled while Shyvana is in Dragon Form.', 'N/A', 'N/A', 'N/A', 1, 85);
INSERT INTO `mydb`.`ABILITES` (`ability_id`, `ABILITIY`, `Description`, `Cost`, `Cooldown`, `Ability_Range`, `ABILITIES_TYPE_abilities_type_id`, `CHAMPIONS_champion_id`) VALUES (442, 'Twin Bite', 'Shyvana strikes twice on her next attack. Basic attacks reduce the cooldown of Twin Bite by 0.5 seconds.Dragon Form: Twin Bite cleaves all units in front Shyvana.Shyvana strikes twice on her next attack, dealing (+80/85/90/95/100% Attack Damage) physical damage on the second attack. The bonus damage is equal to 80/85/90/95/100% of Shyvana\'s Attack Damage. Basic attacks reduce the cooldown of Twin Bite by 0.5 seconds.', 'N/A', '9 / 8 / 7 / 6 / 5', 'N/A', 2, 85);
INSERT INTO `mydb`.`ABILITES` (`ability_id`, `ABILITIY`, `Description`, `Cost`, `Cooldown`, `Ability_Range`, `ABILITIES_TYPE_abilities_type_id`, `CHAMPIONS_champion_id`) VALUES (443, 'Burnout', 'Shyvana surrounds herself in fire, dealing magic damage per second to nearby enemies and moving faster for 3 seconds. The Movement Speed reduces over the duration of the spell. Basic attacks extend the duration of Burnout.Dragon Form: Burnout scorches the ground beneath it, enemies on the scorched earth continue to take damage.Shyvana deals 20/35/50/65/80 (+20% bonus Attack Damage) magic damage per second to nearby enemies (20% bonus damage to monsters) and moves 30/35/40/45/50% faster for 3 seconds. Shyvana\'s Movement Speed bonus is reduced over time. Basic attacks extend the duration of Burnout by 1 second to a maximum of 4 seconds.Dragon Form: Burnout scorches the earth, continuing to damage enemies that stand on it.', 'N/A', '12', '325', 3, 85);
INSERT INTO `mydb`.`ABILITES` (`ability_id`, `ABILITIY`, `Description`, `Cost`, `Cooldown`, `Ability_Range`, `ABILITIES_TYPE_abilities_type_id`, `CHAMPIONS_champion_id`) VALUES (444, 'Flame Breath', 'Shyvana unleashes a fireball that deals damage to all enemies it encounters and leaves cinders on the target, marking them for 4 seconds. Shyvana\'s basic attacks on marked targets deal a percentage of their maximum Health as damage on-hit.Dragon Form: Flame Breath engulfs all units in a cone in front of her.Shyvana unleashes a fireball that deals 60/100/140/180/220 (+60% Ability Power) magic damage to all enemies it passes through, debuffing them for 5 seconds. Shyvana\'s basic attacks to debuffed targets deal 2.5% of their maximum Health as magic damage on-hit.(Max: 100 vs monsters)Dragon Form: Flame Breath engulfs all units in a cone in front of her.', 'N/A', '12 / 11 / 10 / 9 / 8', '925', 4, 85);
INSERT INTO `mydb`.`ABILITES` (`ability_id`, `ABILITIY`, `Description`, `Cost`, `Cooldown`, `Ability_Range`, `ABILITIES_TYPE_abilities_type_id`, `CHAMPIONS_champion_id`) VALUES (445, 'Dragon\'s Descent', 'Shyvana transforms into a dragon and takes flight to a target location. Enemies along her path take damage and are knocked toward her target location.Shyvana passively gains Fury per second and gains 2 Fury on basic attack.Active: Shyvana transforms into a dragon and takes flight to a target location. Enemies along her path take 175/300/425 (+70% Ability Power) magic damage and are knocked toward her target location.Passive: Shyvana generates 1/2/3 Fury every 1.5 seconds. Basic Attacks generate 2 Fury.', '5 Fury a Second', '100 Fury', '1000', 5, 85);
INSERT INTO `mydb`.`ABILITES` (`ability_id`, `ABILITIY`, `Description`, `Cost`, `Cooldown`, `Ability_Range`, `ABILITIES_TYPE_abilities_type_id`, `CHAMPIONS_champion_id`) VALUES (446, 'Empowered Bulwark', 'Increases Singed\'s Health by 25 for every 100 Mana he has.', 'N/A', 'N/A', 'N/A', 1, 86);
INSERT INTO `mydb`.`ABILITES` (`ability_id`, `ABILITIY`, `Description`, `Cost`, `Cooldown`, `Ability_Range`, `ABILITIES_TYPE_abilities_type_id`, `CHAMPIONS_champion_id`) VALUES (447, 'Poison Trail', 'Leaves a trail of poison behind Singed, dealing damage to enemies caught in the path.Toggle: Singed lays a poisonous trail that deals 22/34/46/58/70 (+30% Ability Power) magic damage per second.', '13 Mana per Second', 'N/A', 'N/A', 2, 86);
INSERT INTO `mydb`.`ABILITES` (`ability_id`, `ABILITIY`, `Description`, `Cost`, `Cooldown`, `Ability_Range`, `ABILITIES_TYPE_abilities_type_id`, `CHAMPIONS_champion_id`) VALUES (448, 'Mega Adhesive', 'Throws a vial of mega adhesive on the ground, slowing enemies who walk on it.Singed leaves a sticky area on the ground for 5 seconds, slowing enemies in the area by 35/45/55/65/75% (lasts 1 second after leaving).If Singed flings a target into the zone, it will root them for 1 second.', ' 70/80/90/100/110 Mana ', '14', '1000', 3, 86);
INSERT INTO `mydb`.`ABILITES` (`ability_id`, `ABILITIY`, `Description`, `Cost`, `Cooldown`, `Ability_Range`, `ABILITIES_TYPE_abilities_type_id`, `CHAMPIONS_champion_id`) VALUES (449, 'Fling', 'Damages target enemy unit and flings them into the air behind Singed. If the target Singed flings lands in his Mega Adhesive, they are also rooted.Singed flings an enemy over his shoulder, dealing 50/65/80/95/110 (+75% Ability Power) plus 6/6.5/7/7.5/8% of the target\'s maximum Health as magic damage. Max 300 bonus damage against minions and monsters.If the target Singed flings lands in his Mega Adhesive, they are also rooted for 1 second.', '100/110/120/130/140 Mana', '10', '125', 4, 86);
INSERT INTO `mydb`.`ABILITES` (`ability_id`, `ABILITIY`, `Description`, `Cost`, `Cooldown`, `Ability_Range`, `ABILITIES_TYPE_abilities_type_id`, `CHAMPIONS_champion_id`) VALUES (450, 'Insanity Potion', 'Singed drinks a potent brew of chemicals, granting him increased combat stats.Singed drinks a potent brew of chemicals, granting him 35/50/80 Ability Power, Armor, Magic Resist, Movement Speed, Health Regen, and Mana Regen for 25 seconds.', '150 Mana', '100', 'N/A', 5, 86);
INSERT INTO `mydb`.`ABILITES` (`ability_id`, `ABILITIY`, `Description`, `Cost`, `Cooldown`, `Ability_Range`, `ABILITIES_TYPE_abilities_type_id`, `CHAMPIONS_champion_id`) VALUES (451, 'Glory in Death', 'After being killed, Sion will reanimate himself with rapidly decaying Health.He can move and attack during this time. He gains 100% Lifesteal, attacks extremely fast and will deal an additional 10% of his target\'s maximum Health as physical damage on hit. Max 75 bonus damage against monsters.All of his abilities are replaced with Death Surge, which grants him a burst of Movement Speed.', 'N/A', 'N/A', 'N/A', 1, 87);
INSERT INTO `mydb`.`ABILITES` (`ability_id`, `ABILITIY`, `Description`, `Cost`, `Cooldown`, `Ability_Range`, `ABILITIES_TYPE_abilities_type_id`, `CHAMPIONS_champion_id`) VALUES (452, 'Decimating Smash', 'Sion charges a powerful swing in an area in front of himself that will deal damage to enemies when released. If he charges for enough time, enemies hit by the swing will also be knocked up and stunned.Sion charges up a heavy blow for up to 2 seconds. When released, he deals 20/40/60/80/100 (+60% Attack Damage) to 60/120/180/240/300 (+180% Attack Damage) physical damage to enemies in the area (60% damage to minions). Enemies hit are briefly slowed.If Sion charges for at least 1 second, enemies are knocked up and stunned for 1.25 to 2.25 seconds.', '45/50/55/60/65 Mana ', '10 / 9 / 8 / 7 / 6', '1000', 2, 87);
INSERT INTO `mydb`.`ABILITES` (`ability_id`, `ABILITIY`, `Description`, `Cost`, `Cooldown`, `Ability_Range`, `ABILITIES_TYPE_abilities_type_id`, `CHAMPIONS_champion_id`) VALUES (453, 'Soul Furnace', 'Sion shields himself and can reactivate after 2 seconds to deal Magic Damage to enemies nearby. When Sion kills enemies, he passively gains maximum Health.Passive: Sion gains 2 maximum Health whenever he kills a unit (10 for large monster and champion kill or assist).Current Bonus: 10% of maximum Health Active: Sion shields himself for 30/55/80/105/130 (+40% Ability Power) (+0) (10% of maximum Health) for 6 seconds. After 2 seconds, while the shield holds, Sion can reactivate to deal 40/65/90/115/140 (+40% Ability Power) plus 10/11/12/13/14% of the target\'s maximum Health as magic damage to enemies around himself. Max 400 bonus damage against minions and monsters.', ' 65/70/75/80/85 Mana ', '13 seconds after shield expires', 'N/A', 3, 87);
INSERT INTO `mydb`.`ABILITES` (`ability_id`, `ABILITIY`, `Description`, `Cost`, `Cooldown`, `Ability_Range`, `ABILITIES_TYPE_abilities_type_id`, `CHAMPIONS_champion_id`) VALUES (454, 'Roar of the Slayer', 'Sion fires a short range shockwave that damages and slows and reduces the Armor of the first enemy hit. If the shockwave hits a minion or monster, it will be knocked back, damaging and slowing all enemies that it passes through.Sion fires a short range shockwave, dealing 70/105/140/175/210 (+40% Ability Power) magic damage to the first target hit, slowing it by 40/45/50/55/60%, and reducing its Armor by 20% for 2.5 seconds.If the target is not a champion, they will be knocked back. All enemies that the knocked back unit passes through will take 30% bonus damage and be slowed by 40/45/50/55/60%.', '35 Mana', '12 / 11 / 10 / 9 / 8', '800', 4, 87);
INSERT INTO `mydb`.`ABILITES` (`ability_id`, `ABILITIY`, `Description`, `Cost`, `Cooldown`, `Ability_Range`, `ABILITIES_TYPE_abilities_type_id`, `CHAMPIONS_champion_id`) VALUES (455, 'Unstoppable Onslaught', 'Sion charges in a direction, ramping up speed over time. He can steer his charge slightly with the mouse cursor location. When he collides with an enemy he deals damage and knocks them up based on the distance he has charged.Sion charges in a direction for 8 seconds and can steer slowly towards the mouse cursor. While charging, Sion is immune to all Crowd Control. Reactivating will cancel Sion\'s charge early.When Sion collides with an enemy champion or wall, he deals 150/300/450 (+40% bonus Attack Damage) physical damage and knocks up and stuns enemies in a small area for 0.75 seconds. Enemies in a larger area take the same damage and have their Movement Speed slowed by 40/45/50% for 3 seconds.The damage increases to 300/600/900 (+80% bonus Attack Damage) and the stun duration increases to 1.75 seconds as Sion charges farther.', '100 Mana', '140 / 100 / 60', '7500', 5, 87);
INSERT INTO `mydb`.`ABILITES` (`ability_id`, `ABILITIY`, `Description`, `Cost`, `Cooldown`, `Ability_Range`, `ABILITIES_TYPE_abilities_type_id`, `CHAMPIONS_champion_id`) VALUES (456, 'Fleet of Foot', 'Sivir gains a short burst of Movement Speed when she attacks an enemy champion.', 'N/A', 'N/A', 'N/A', 1, 88);
INSERT INTO `mydb`.`ABILITES` (`ability_id`, `ABILITIY`, `Description`, `Cost`, `Cooldown`, `Ability_Range`, `ABILITIES_TYPE_abilities_type_id`, `CHAMPIONS_champion_id`) VALUES (457, 'Boomerang Blade', 'Sivir hurls her crossblade like a boomerang, dealing damage each way.Sivir hurls her crossblade like a boomerang, which deals 25/45/65/85/105 (+70/80/90/100/110% Attack Damage) (+50% Ability Power) physical damage to the first target hit and 15% reduced damage to each subsequent target down to a minimum of 40%.', '70/80/90/100/110 Mana ', '9', '1200', 2, 88);
INSERT INTO `mydb`.`ABILITES` (`ability_id`, `ABILITIY`, `Description`, `Cost`, `Cooldown`, `Ability_Range`, `ABILITIES_TYPE_abilities_type_id`, `CHAMPIONS_champion_id`) VALUES (458, 'Ricochet', 'Sivir\'s next few basic attacks will bounce to nearby targets, dealing reduced damage to secondary targets.Sivir\'s next 3 basic attacks bounce to nearby targets, dealing 100% Attack Damage physical damage to the first target and 50/55/60/65/70% Attack Damage (50/55/60/65/70% of total Attack Damage) physical damage to each subsequent target.Only the first target is affected by on-hit effects. Each target may only be hit once by each Ricochet.', '60 Mana', '9 / 8 / 7 / 6 / 5', 'N/A', 3, 88);
INSERT INTO `mydb`.`ABILITES` (`ability_id`, `ABILITIY`, `Description`, `Cost`, `Cooldown`, `Ability_Range`, `ABILITIES_TYPE_abilities_type_id`, `CHAMPIONS_champion_id`) VALUES (459, 'Spell Shield', 'Creates a magical barrier that blocks a single enemy ability cast on Sivir. She receives Mana back if a spell is blocked.Sivir creates a magical barrier for 1.5 seconds that blocks the next incoming enemy ability.If an ability is blocked by the shield, Sivir regains 80/95/110/125/140 Mana.', 'N/A', '22 / 19 / 16 / 13 / 10', 'N/A', 4, 88);
INSERT INTO `mydb`.`ABILITES` (`ability_id`, `ABILITIY`, `Description`, `Cost`, `Cooldown`, `Ability_Range`, `ABILITIES_TYPE_abilities_type_id`, `CHAMPIONS_champion_id`) VALUES (460, 'On The Hunt', 'Sivir leads her allies in battle, granting them a surge Movement Speed for a period of time. Additionally passively grants Sivir bonus Attack Speed while Ricochet is active.Passive: Sivir gains 40/60/80% Attack Speed while Ricochet is active.Active: Sivir rallies her allies for 8 seconds, granting all nearby allies an initial 60% Movement Speed bonus that reduces to 20% after 2/4/6 seconds.', '100 Mana', '120 / 100 / 80', '1000', 5, 88);
INSERT INTO `mydb`.`ABILITES` (`ability_id`, `ABILITIY`, `Description`, `Cost`, `Cooldown`, `Ability_Range`, `ABILITIES_TYPE_abilities_type_id`, `CHAMPIONS_champion_id`) VALUES (461, 'Crystallizing Sting', 'Skarner\'s damaging spells apply Crystal Venom to enemies for 5 seconds that stacks up to 3 times. If an enemy has 3 stacks of Crystal Venom, Skarner\'s next attack will deal additional magic damage and stun the target. Skarner cannot apply Crystal Venom to this target for 6 seconds after he stuns them.', 'N/A', '6', 'N/A', 1, 89);
INSERT INTO `mydb`.`ABILITES` (`ability_id`, `ABILITIY`, `Description`, `Cost`, `Cooldown`, `Ability_Range`, `ABILITIES_TYPE_abilities_type_id`, `CHAMPIONS_champion_id`) VALUES (462, 'Crystal Slash', 'Skarner lashes out with his claws, dealing physical damage to all nearby enemies and charging himself with Crystal Energy for several seconds if a unit is struck. If he casts Crystal Slash again while powered by Crystal Energy, he deals bonus magic damage. Whenever he hits a target with Crystal Slash he gains a stacking buff that increases his Attack Speed for a few seconds. Basic attack reduce this ability\'s cooldown.Skarner deals 20/30/40/50/60 (+80% bonus Attack Damage) physical damage to all nearby enemies. If a unit is struck, he charges himself with Crystal Energy for 5 seconds and gains 8/10/12/14/16% Attack Speed and 2/3/4/5/6% Movement Speed for 5 seconds, stacking up to 3 times.While Skarner is charged, Crystal Slash deals 20/30/40/50/60 (+20% Ability Power) bonus magic damage.Basic attacks lower Crystal Slash\'s cooldown by 0.5 seconds. Double effect when attacking champions.', '6/17/18/19/20 Mana ', '3', '350', 2, 89);
INSERT INTO `mydb`.`ABILITES` (`ability_id`, `ABILITIY`, `Description`, `Cost`, `Cooldown`, `Ability_Range`, `ABILITIES_TYPE_abilities_type_id`, `CHAMPIONS_champion_id`) VALUES (463, 'Crystalline Exoskeleton', 'Skarner gains a shield, and while the shield persists his Movement Speed is increased.Skarner is shielded for 80/135/190/245/300 (+80% Ability Power) damage for 6 seconds. While the shield persists, Skarner gains 16/20/24/28/32% increased Movement Speed that ramps up over 3 seconds.', '60 Mana', '13 / 12.5 / 12 / 11.5 / 11', 'N/A', 3, 89);
INSERT INTO `mydb`.`ABILITES` (`ability_id`, `ABILITIY`, `Description`, `Cost`, `Cooldown`, `Ability_Range`, `ABILITIES_TYPE_abilities_type_id`, `CHAMPIONS_champion_id`) VALUES (464, 'Fracture', 'Skarner summons a blast of crystalline energy which deals damage to enemies struck and slows them.Skarner summons a blast of crystalline energy which deals 40/75/110/145/180 (+40% Ability Power) magic damage to enemies hit and slows them by 45/50/55/60/65% for 2.5 seconds.', '50/55/60/65/70 Mana ', '12 / 11.5 / 11 / 10.5 / 10', '980', 4, 89);
INSERT INTO `mydb`.`ABILITES` (`ability_id`, `ABILITIY`, `Description`, `Cost`, `Cooldown`, `Ability_Range`, `ABILITIES_TYPE_abilities_type_id`, `CHAMPIONS_champion_id`) VALUES (465, 'Impale', 'Skarner suppresses an enemy champion and deals magic damage to it. During this time, Skarner can move freely and will drag his helpless victim around with him. When the effect ends, Skarner\'s target will be dealt additional damage.Skarner suppresses an enemy champion for 1.75 seconds and deals 100/150/200 (+50% Ability Power) magic damage. Skarner can move freely during this time, and will drag his helpless victim around with him. When the effect ends, Skarner\'s target will be dealt an additional 100/150/200 (+50% Ability Power) magic damage.Impale consumes all stacks of Crystal Venom on the target and deals 50/75/100 magic damage for each stack consumed.', '100/125/150 Mana ', '110 / 100 / 90', '110 / 100 / 90', 5, 89);
INSERT INTO `mydb`.`ABILITES` (`ability_id`, `ABILITIY`, `Description`, `Cost`, `Cooldown`, `Ability_Range`, `ABILITIES_TYPE_abilities_type_id`, `CHAMPIONS_champion_id`) VALUES (466, 'Power Chord', 'After casting 3 spells, Sona\'s next attack deals bonus magic damage in addition to a bonus effect depending on what song Sona last activated.', 'N/A', 'N/A', 'N/A', 1, 90);
INSERT INTO `mydb`.`ABILITES` (`ability_id`, `ABILITIY`, `Description`, `Cost`, `Cooldown`, `Ability_Range`, `ABILITIES_TYPE_abilities_type_id`, `CHAMPIONS_champion_id`) VALUES (467, 'Hymn of Valor', 'Sona plays the Hymn of Valor, sends out bolts of sound, dealing magic damage to two nearby enemies, prioritizing champions and monsters. Sona gains a temporary aura that grants allies tagged by the zone bonus damage on their next attack against enemies and extends the duration of her aura for each ally she aids.Active: Deals 40/80/120/160/200 (+50% Ability Power) magic damage to the nearest two enemies (prioritizes Champions). Sona gains an aura that grants allies 0 (+20% Ability Power) additional magic damage on their next attack for 5 seconds. Sona\'s aura lasts 3 seconds and is extended by 0.5 seconds for each ally she aids.Power Chord - Staccato: Deals 40% bonus power chord damage.', '45/50/55/60/65 Mana ', '8', '825', 2, 90);
INSERT INTO `mydb`.`ABILITES` (`ability_id`, `ABILITIY`, `Description`, `Cost`, `Cooldown`, `Ability_Range`, `ABILITIES_TYPE_abilities_type_id`, `CHAMPIONS_champion_id`) VALUES (468, 'Aria of Perseverance', 'Sona plays the Aria of Perseverance, sending out protective melodies, healing Sona and a nearby wounded ally. Sona gains a temporary aura that grants allies tagged by the zone a temporary shield and extends the duration of her aura for each ally she aids.Active: Heals Sona and the most wounded nearby allied Champion for 30/50/70/90/110 (+20% Ability Power). This heal increases by 0.5% per 1% missing Health on the target. Sona gains an aura that grants allies a 0 (+20% Ability Power) shield for 1.5 seconds. Sona\'s aura lasts for 3 seconds and is extended by 0.5 seconds for each ally she aids.Power Chord - Diminuendo: Reduces an enemy\'s total damage output by 20% (+[0]%) for 3 seconds.', '80/85/90/95/100 Mana ', '10', '1000', 3, 90);
INSERT INTO `mydb`.`ABILITES` (`ability_id`, `ABILITIY`, `Description`, `Cost`, `Cooldown`, `Ability_Range`, `ABILITIES_TYPE_abilities_type_id`, `CHAMPIONS_champion_id`) VALUES (469, 'Song of Celerity', 'Sona plays the Song of Celerity, granting herself bonus Movement Speed that decays over time. Sona gains a temporary aura that grants nearby allied champions bonus Movement Speed and extends the duration of her aura for each ally she aids.Active: Grants Sona [0]% (+[0]%) Movement Speed that decays over time and creates an aura of Celerity around her that lasts 3 seconds. Tagging an ally with the zone grants the ally [0]% (+[0]%) Movement Speed for 1.5 seconds, and Sona increases the duration of her aura and her own Movement Speed buff by 0.5 seconds.Power Chord - Tempo: Slows an enemy by 40% (+[4% Ability Power]%) for 2 seconds.', '65 Mana', '12', '360', 4, 90);
INSERT INTO `mydb`.`ABILITES` (`ability_id`, `ABILITIY`, `Description`, `Cost`, `Cooldown`, `Ability_Range`, `ABILITIES_TYPE_abilities_type_id`, `CHAMPIONS_champion_id`) VALUES (470, 'Crescendo', 'Sona plays her ultimate chord, stunning enemy champions and forcing them to dance and dealing magic damage to them. Each rank increases the power of all aura effects.Active: Strikes an irresistible chord, stunning enemy Champions and forcing them to dance for 1.5 seconds and take 150/250/350 (+50% Ability Power) magic damage.Passive: Each rank of Crescendo grants Sona increased power in her auras. Song of Celerity also gains increased power in Sona\'s self buff.+10/20/40 magic damage for Hymn of Valor+10/20/40 shield power for Aria of Perseverance +2/4/6% Movement Speed for Song of Celerity', '100/150/200 Mana ', '140 / 120 / 100', '900', 5, 90);
INSERT INTO `mydb`.`ABILITES` (`ability_id`, `ABILITIY`, `Description`, `Cost`, `Cooldown`, `Ability_Range`, `ABILITIES_TYPE_abilities_type_id`, `CHAMPIONS_champion_id`) VALUES (471, 'Salvation', 'Soraka runs faster towards nearby low health allies.', 'N/A', 'N/A', '2500', 1, 91);
INSERT INTO `mydb`.`ABILITES` (`ability_id`, `ABILITIY`, `Description`, `Cost`, `Cooldown`, `Ability_Range`, `ABILITIES_TYPE_abilities_type_id`, `CHAMPIONS_champion_id`) VALUES (472, 'Starcall', 'A star falls from the sky at the target location dealing magic damage and slowing enemies in the center of effect.Calls down a star from Soraka to a target location. Enemies standing in the explosion radius take 70/110/150/190/230 (+35% Ability Power) magic damage. Enemies standing in the center take 150% damage and are slowed by 30/35/40/45/50% for 2 seconds.', '70/75/80/85/90 Mana', '7 / 6.5 / 6 / 5.5 / 5', '970', 2, 91);
INSERT INTO `mydb`.`ABILITES` (`ability_id`, `ABILITIY`, `Description`, `Cost`, `Cooldown`, `Ability_Range`, `ABILITIES_TYPE_abilities_type_id`, `CHAMPIONS_champion_id`) VALUES (473, 'Astral Infusion', 'Soraka sacrifices a portion of her own Health to heal another friendly unit. Passively heals Soraka when she lands Starcall on an enemy Champion.Passive: Each enemy Champion hit by Starcall heals Soraka for 25/35/45/55/65 (+0) to 50/70/90/110/130 (+80% Ability Power), increasing based on how much Health Soraka is missing.Active: Restores 120/150/180/210/240 (+60% Ability Power) Health to her target ally. Cannot be cast if Soraka is below 5% Health.', '10% Max Health and 20/25/30/35/40 Mana', '4 / 3.5 / 3 / 2.5 / 2', '550', 3, 91);
INSERT INTO `mydb`.`ABILITES` (`ability_id`, `ABILITIY`, `Description`, `Cost`, `Cooldown`, `Ability_Range`, `ABILITIES_TYPE_abilities_type_id`, `CHAMPIONS_champion_id`) VALUES (474, 'Equinox', 'Creates a zone at a location that silences all enemies inside. When the zone expires, all enemies still inside are rooted.Creates a zone at target location for 1.5 seconds, dealing 70/110/150/190/230 (+40% Ability Power) Magic Damage to enemy Champions in the cast radius. Enemy Champions standing in the zone are silenced until they leave. When the zone disappears, all enemy Champions still standing in the zone are rooted for 1/1.25/1.5/1.75/2 second(s) and are dealt 70/110/150/190/230 (+40% Ability Power) Magic Damage.', '70 Mana', '24 / 22 / 20 / 18 / 16', '925', 4, 91);
INSERT INTO `mydb`.`ABILITES` (`ability_id`, `ABILITIY`, `Description`, `Cost`, `Cooldown`, `Ability_Range`, `ABILITIES_TYPE_abilities_type_id`, `CHAMPIONS_champion_id`) VALUES (475, 'Wish', 'Soraka fills her allies with hope, instantly restoring health to herself and all friendly champions.Calls upon divine powers to restore 150/250/350 (+55% Ability Power) Health to all allied Champions, removing all instances of Grievous Wounds beforehand. Wish\'s power is increased by 50% on each Champion below 40% Health.', '100 mana', '160 / 145 / 130', '25000', 5, 91);
INSERT INTO `mydb`.`ABILITES` (`ability_id`, `ABILITIY`, `Description`, `Cost`, `Cooldown`, `Ability_Range`, `ABILITIES_TYPE_abilities_type_id`, `CHAMPIONS_champion_id`) VALUES (476, 'Carrion Renewal', 'Increases Singed\'s Health by 25 for every 100 Mana he has.', 'N/A', 'N/A', 'N/A', 1, 92);
INSERT INTO `mydb`.`ABILITES` (`ability_id`, `ABILITIY`, `Description`, `Cost`, `Cooldown`, `Ability_Range`, `ABILITIES_TYPE_abilities_type_id`, `CHAMPIONS_champion_id`) VALUES (477, 'Decrepify', 'Leaves a trail of poison behind Singed, dealing damage to enemies caught in the path.Toggle: Singed lays a poisonous trail that deals 22/34/46/58/70 (+30% Ability Power) magic damage per second.', '13 Mana per Second', 'N/A', 'N/A', 2, 92);
INSERT INTO `mydb`.`ABILITES` (`ability_id`, `ABILITIY`, `Description`, `Cost`, `Cooldown`, `Ability_Range`, `ABILITIES_TYPE_abilities_type_id`, `CHAMPIONS_champion_id`) VALUES (478, 'Nevermove', 'Throws a vial of mega adhesive on the ground, slowing enemies who walk on it.Singed leaves a sticky area on the ground for 5 seconds, slowing enemies in the area by 35/45/55/65/75% (lasts 1 second after leaving).If Singed flings a target into the zone, it will root them for 1 second.', ' 70/80/90/100/110 Mana ', '14', '1000', 3, 92);
INSERT INTO `mydb`.`ABILITES` (`ability_id`, `ABILITIY`, `Description`, `Cost`, `Cooldown`, `Ability_Range`, `ABILITIES_TYPE_abilities_type_id`, `CHAMPIONS_champion_id`) VALUES (479, 'Torment', 'Damages target enemy unit and flings them into the air behind Singed. If the target Singed flings lands in his Mega Adhesive, they are also rooted.Singed flings an enemy over his shoulder, dealing 50/65/80/95/110 (+75% Ability Power) plus 6/6.5/7/7.5/8% of the target\'s maximum Health as magic damage. Max 300 bonus damage against minions and monsters.If the target Singed flings lands in his Mega Adhesive, they are also rooted for 1 second.', '100/110/120/130/140 Mana', '10', '125', 4, 92);
INSERT INTO `mydb`.`ABILITES` (`ability_id`, `ABILITIY`, `Description`, `Cost`, `Cooldown`, `Ability_Range`, `ABILITIES_TYPE_abilities_type_id`, `CHAMPIONS_champion_id`) VALUES (480, 'Ravenous Flock', 'Singed drinks a potent brew of chemicals, granting him increased combat stats.Singed drinks a potent brew of chemicals, granting him 35/50/80 Ability Power, Armor, Magic Resist, Movement Speed, Health Regen, and Mana Regen for 25 seconds.', '150 Mana', '100', 'N/A', 5, 92);
INSERT INTO `mydb`.`ABILITES` (`ability_id`, `ABILITIY`, `Description`, `Cost`, `Cooldown`, `Ability_Range`, `ABILITIES_TYPE_abilities_type_id`, `CHAMPIONS_champion_id`) VALUES (481, 'Transcendent', 'Spells gain extra effects at max rank.Dark Sphere: Deals 15% bonus damage to champions.Force of Will: Increases the slowing duration by 33%.Scatter the Weak: Spell width increased by 50%.Unleashed Power: Range increased by 75.', 'N/A', 'N/A', 'N/A', 1, 93);
INSERT INTO `mydb`.`ABILITES` (`ability_id`, `ABILITIY`, `Description`, `Cost`, `Cooldown`, `Ability_Range`, `ABILITIES_TYPE_abilities_type_id`, `CHAMPIONS_champion_id`) VALUES (482, 'Dark Sphere', 'Syndra conjures a Dark Sphere dealing magic damage. The sphere remains and can be manipulated by her other powers.Conjures a Dark Sphere dealing 50/95/140/185/230 (+60% Ability Power) magic damage. The sphere remains for 6 seconds and can be manipulated by Syndra\'s other abilities.This spell can be cast while moving.', '40/50/60/70/80 Mana', '4', '800', 2, 93);
INSERT INTO `mydb`.`ABILITES` (`ability_id`, `ABILITIY`, `Description`, `Cost`, `Cooldown`, `Ability_Range`, `ABILITIES_TYPE_abilities_type_id`, `CHAMPIONS_champion_id`) VALUES (483, 'Force of Will', 'Syndra picks up and throws a Dark Sphere or enemy minion dealing magic damage and slowing the Movement Speed of enemies.First Cast: Grabs target Dark Sphere or enemy minion. If no target is selected, grabs nearest Dark Sphere.Second Cast: Throws the Dark Sphere or enemy minion. Enemies hit take 80/120/160/200/240 (+70% Ability Power) magic damage and are slowed by 25/30/35/40/45% for 1.5 seconds.This spell can be cast while moving.', '60/70/80/90/100 Mana ', '12 / 11 / 10 / 9 / 8', '925', 3, 93);
INSERT INTO `mydb`.`ABILITES` (`ability_id`, `ABILITIY`, `Description`, `Cost`, `Cooldown`, `Ability_Range`, `ABILITIES_TYPE_abilities_type_id`, `CHAMPIONS_champion_id`) VALUES (484, 'Scatter the Weak', 'Syndra knocks enemies and Dark Spheres back dealing magic damage. Enemies hit by Dark Spheres become stunned.Knocks enemies and Dark Spheres back dealing 70/115/160/205/250 (+40% Ability Power) magic damage to them and any enemies they collide with.Dark Spheres that are knocked back stun all enemies in their path for 1.5 seconds.', '50 Mana ', '18 / 16.5 / 15 / 13.5 / 12', '650', 4, 93);
INSERT INTO `mydb`.`ABILITES` (`ability_id`, `ABILITIY`, `Description`, `Cost`, `Cooldown`, `Ability_Range`, `ABILITIES_TYPE_abilities_type_id`, `CHAMPIONS_champion_id`) VALUES (485, 'Unleashed Power', 'Syndra bombards an enemy Champion with all of her Dark Spheres.Draws upon Syndra\'s full cataclysmic power, harnessing all Dark Spheres to deal magic damage to target enemy Champion. Unleashed Power manipulates the three Dark Spheres orbiting Syndra, in addition to Dark Spheres previously created.Damage per sphere: 90/135/180 (+20% Ability Power).Minimum total damage: 270/405/540 (+60% Ability Power).', '100 Mana', '100 / 90 / 80', '675', 5, 93);
INSERT INTO `mydb`.`ABILITES` (`ability_id`, `ABILITIY`, `Description`, `Cost`, `Cooldown`, `Ability_Range`, `ABILITIES_TYPE_abilities_type_id`, `CHAMPIONS_champion_id`) VALUES (486, 'Mercy', 'Talon deals 10% more damage with his basic attacks to any target that is slowed, stunned, immobilized, or suppressed.', 'N/A', 'N/A', 'N/A', 1, 94);
INSERT INTO `mydb`.`ABILITES` (`ability_id`, `ABILITIY`, `Description`, `Cost`, `Cooldown`, `Ability_Range`, `ABILITIES_TYPE_abilities_type_id`, `CHAMPIONS_champion_id`) VALUES (487, 'Noxian Diplomacy', 'Talon\'s next basic attack deals bonus physical damage. If the target is a champion, they will bleed, taking additional physical damage over a period of time and revealing their location for the duration.Talon\'s next basic attack deals an additional 30/60/90/120/150 (+30% bonus Attack Damage) physical damage. If the target is a champion, the target will bleed for 10/20/30/40/50 (+120% bonus Attack Damage) physical damage over 6 seconds, revealing their location for the duration.', '40/45/50/55/60 Mana ', '8 / 7 / 6 / 5 / 4', 'N/A', 2, 94);
INSERT INTO `mydb`.`ABILITES` (`ability_id`, `ABILITIY`, `Description`, `Cost`, `Cooldown`, `Ability_Range`, `ABILITIES_TYPE_abilities_type_id`, `CHAMPIONS_champion_id`) VALUES (488, 'Rake', 'Talon sends out a volley of daggers that then return back to him, dealing physical damage every time it passes through an enemy. Additionally the enemy is slowed for a short duration.Talon sends out a volley of daggers that then return back to him, dealing 30/55/80/105/130 (+60% bonus Attack Damage) physical damage every time it passes through an enemy. Additionally the enemy is slowed by 20/25/30/35/40% for 2 seconds.', '60/65/70/75/80 Mana ', '10', '650', 3, 94);
INSERT INTO `mydb`.`ABILITES` (`ability_id`, `ABILITIY`, `Description`, `Cost`, `Cooldown`, `Ability_Range`, `ABILITIES_TYPE_abilities_type_id`, `CHAMPIONS_champion_id`) VALUES (489, 'Cutthroat', 'Talon instantly appears behind his target, briefly slowing them and amplifying his damage against that target.Talon teleports to the far side of his target, slowing them by 99% for 0.25 second and amplifying Talon\'s damage against the target by 3/6/9/12/15% for 3 seconds.', '35/40/45/50/55 Mana ', '18 / 16 / 14 / 12 / 10', '700', 4, 94);
INSERT INTO `mydb`.`ABILITES` (`ability_id`, `ABILITIY`, `Description`, `Cost`, `Cooldown`, `Ability_Range`, `ABILITIES_TYPE_abilities_type_id`, `CHAMPIONS_champion_id`) VALUES (490, 'Shadow Assault', 'Talon disperses a ring of blades and becomes invisible while gaining additional Movement Speed. When Talon emerges from invisibility, the blades converge on his location. Each time the blades move, Shadow Assault deals physical damage to enemies hit by at least one blade.Talon disperses a ring of blades and becomes invisible for up to 2.5 seconds, gaining 40% Movement Speed. When Talon emerges from invisibility, the blades converge on his location. Each time the blades move, Shadow Assault deals 120/170/220 (+90% bonus Attack Damage) physical damage to enemies they pass through.', '80/90/100 Mana ', '75 / 65 / 55', '650', 5, 94);
INSERT INTO `mydb`.`ABILITES` (`ability_id`, `ABILITIY`, `Description`, `Cost`, `Cooldown`, `Ability_Range`, `ABILITIES_TYPE_abilities_type_id`, `CHAMPIONS_champion_id`) VALUES (491, 'Gemcraft', 'After casting a spell, Taric\'s next basic attack deals bonus magic damage based on his Armor and reduces his cooldowns.', 'N/A', 'N/A', 'N/A', 1, 95);
INSERT INTO `mydb`.`ABILITES` (`ability_id`, `ABILITIY`, `Description`, `Cost`, `Cooldown`, `Ability_Range`, `ABILITIES_TYPE_abilities_type_id`, `CHAMPIONS_champion_id`) VALUES (492, 'Imbue', 'Taric brings forth earthen energy to heal an ally and himself. This heal is more potent when Taric heals only himself.Taric brings forth earthen energy to heal a target ally and himself for 60/100/140/180/220 (+30% Ability Power) (5% of Taric\'s bonus health). If he targets himself, the heal increases by 40% restoring 84/140/196/252/308 (+42% Ability Power) (+7% of bonus Health) health.', '60/80/100/120/140 Mana', '18 / 17 / 16 / 15 / 14', '750', 2, 95);
INSERT INTO `mydb`.`ABILITES` (`ability_id`, `ABILITIY`, `Description`, `Cost`, `Cooldown`, `Ability_Range`, `ABILITIES_TYPE_abilities_type_id`, `CHAMPIONS_champion_id`) VALUES (493, 'Shatter', 'Taric is protected by a hardening aura, increasing the Armor of himself and nearby allied champions. He may choose to splinter the enchanted rocks surrounding him to deal damage and decrease the Armor of nearby enemies at the cost of some Armor for a short time.Passive: Taric\'s gemstones increase his Armor by 10/15/20/25/30. Additionally, nearby allied champions gain 12% Armor Armor (12% of Taric\'s Armor).Active: Taric shatters his armor, dealing 40/80/120/160/200 (+20% Armor) magic damage to nearby enemies and reducing their Armor by 5/10/15/20/25 (+5% Armor) for 4 seconds. Taric loses 10/15/20/25/30 Armor while Shatter is on cooldown.', '50 Mana', '10', '400', 3, 95);
INSERT INTO `mydb`.`ABILITES` (`ability_id`, `ABILITIY`, `Description`, `Cost`, `Cooldown`, `Ability_Range`, `ABILITIES_TYPE_abilities_type_id`, `CHAMPIONS_champion_id`) VALUES (494, 'Dazzle', 'Taric emits a brilliant ball of prismatic light from his gemmed shield, stunning his target and damaging them based on how close he is to them.Taric fires a prismatic sphere at a target enemy, stunning them for 1.2/1.3/1.4/1.5/1.6 seconds and dealing between 40/70/100/130/160 (+20% Ability Power) and 80/140/200/260/320 (+40% Ability Power) magic damage. Dazzle\'s damage increases the closer Taric is to the target.', '75 Mana ', '18 / 17 / 16 / 15 / 14', '625', 4, 95);
INSERT INTO `mydb`.`ABILITES` (`ability_id`, `ABILITIY`, `Description`, `Cost`, `Cooldown`, `Ability_Range`, `ABILITIES_TYPE_abilities_type_id`, `CHAMPIONS_champion_id`) VALUES (495, 'Radiance', 'Taric slams his hammer into the ground to deal damage to nearby enemies. For a time after, Taric\'s gems radiate energy, empowering Taric and his allies with bonus Attack Damage and Ability Power.Taric slams his hammer into the ground, dealing 150/250/350 (+50% Ability Power) magic damage to nearby enemies.For the next 10 seconds, Taric\'s gems radiate energy, granting him 30/50/70 Attack Damage and Ability Power and his nearby allies half of the bonuses.', '100 Mana', '75', '400', 5, 95);
INSERT INTO `mydb`.`ABILITES` (`ability_id`, `ABILITIY`, `Description`, `Cost`, `Cooldown`, `Ability_Range`, `ABILITIES_TYPE_abilities_type_id`, `CHAMPIONS_champion_id`) VALUES (496, 'Camouflage', 'If Teemo stands still and takes no actions for a short duration, he becomes stealthed indefinitely. After leaving stealth, Teemo gains the Element of Surprise, increasing his Attack Speed by 40% for 3 seconds.', 'N/A', 'N/A', 'N/A', 1, 96);
INSERT INTO `mydb`.`ABILITES` (`ability_id`, `ABILITIY`, `Description`, `Cost`, `Cooldown`, `Ability_Range`, `ABILITIES_TYPE_abilities_type_id`, `CHAMPIONS_champion_id`) VALUES (497, 'Blinding Dart', 'Obscures an enemy\'s vision with a powerful venom, dealing damage to the target unit and blinding it for the duration.Deals 80/125/170/215/260 (+80% Ability Power) magic damage and blinds the target for 1.5/1.75/2/2.25/2.5 seconds.', '70/80/90/100/110 Mana', '8', '680', 2, 96);
INSERT INTO `mydb`.`ABILITES` (`ability_id`, `ABILITIY`, `Description`, `Cost`, `Cooldown`, `Ability_Range`, `ABILITIES_TYPE_abilities_type_id`, `CHAMPIONS_champion_id`) VALUES (498, 'Move Quick', 'Teemo scampers around, passively increasing his Movement Speed until he is struck by an enemy champion or turret. Teemo can sprint to gain bonus Movement Speed that isn\'t stopped by being struck for a short time.Passive: Teemo\'s Movement Speed is increased by 10/14/18/22/26% unless he has been damaged by an enemy champion or turret in the last 5 seconds.Active: Teemo sprints, gaining twice his normal bonus for 3 seconds. This bonus is not lost when struck.', '40 Mana', '17', 'N/A', 3, 96);
INSERT INTO `mydb`.`ABILITES` (`ability_id`, `ABILITIY`, `Description`, `Cost`, `Cooldown`, `Ability_Range`, `ABILITIES_TYPE_abilities_type_id`, `CHAMPIONS_champion_id`) VALUES (499, 'Toxic Shot', 'Each of Teemo\'s attacks will poison the target, dealing damage on impact and each second after for 4 seconds.Teemo\'s basic attacks poison their target, dealing 10/20/30/40/50 (+30% Ability Power) magical damage upon impact and 6/12/18/24/30 (+10% Ability Power) magical damage each second for 4 seconds.', 'N/A', 'N/A', 'N/A', 4, 96);
INSERT INTO `mydb`.`ABILITES` (`ability_id`, `ABILITIY`, `Description`, `Cost`, `Cooldown`, `Ability_Range`, `ABILITIES_TYPE_abilities_type_id`, `CHAMPIONS_champion_id`) VALUES (500, 'Noxious Trap', 'Teemo places an explosive poisonous trap using one of the mushrooms stored in his pack. If an enemy steps on the trap, it will release a poisonous cloud, slowing enemies and damaging them over time.Uses a stored mushroom to place a trap that detonates if an enemy steps on it, spreading poison to nearby enemies that slows Movement Speed by 30/40/50% and deals 200/325/450 (+50% Ability Power) magic damage over 4 seconds. Traps last 10 minutes.Teemo forages for a mushroom every 35/31/27 seconds, but he is only big enough to carry 3 at once.', '75/100/125 Mana', '35 / 31 / 27', '230', 5, 96);
INSERT INTO `mydb`.`ABILITES` (`ability_id`, `ABILITIY`, `Description`, `Cost`, `Cooldown`, `Ability_Range`, `ABILITIES_TYPE_abilities_type_id`, `CHAMPIONS_champion_id`) VALUES (501, 'Damnation', 'Thresh can harvest the souls of enemies that die near him, permanently granting him Armor and Ability Power.', 'N/A', 'N/A', 'N/A', 1, 97);
INSERT INTO `mydb`.`ABILITES` (`ability_id`, `ABILITIY`, `Description`, `Cost`, `Cooldown`, `Ability_Range`, `ABILITIES_TYPE_abilities_type_id`, `CHAMPIONS_champion_id`) VALUES (502, 'Death Sentence', 'Thresh binds an enemy in chains and pulls them toward him. Activating this ability a second time pulls Thresh to the enemy.Grab an enemy, then pull them to you or leap to them. Throws out his scythe, dealing 80/120/160/200/240 (+50% Ability Power) Magic Damage to the first unit hit and pulling them toward him for 1.5 seconds.Death Sentence\'s cooldown is reduced by 3 seconds if it strikes an enemy.Reactivate this ability to pull Thresh to the bound enemy.', '80 Mana', '20 / 18 / 16 / 14 / 12', '1075', 2, 97);
INSERT INTO `mydb`.`ABILITES` (`ability_id`, `ABILITIY`, `Description`, `Cost`, `Cooldown`, `Ability_Range`, `ABILITIES_TYPE_abilities_type_id`, `CHAMPIONS_champion_id`) VALUES (503, 'Dark Passage', 'Thresh throws out a lantern that shields nearby allied Champions from damage. Allies can click the lantern to dash to Thresh.Create a shielding lantern that an ally can use to dash to you. Throw the Lantern to a point. If an ally near the Lantern clicks it, they pick it up and Thresh pulls both back to him.Additionally, the Lantern will grant a shield lasting 4 seconds that absorbs up to 60/100/140/180/220 (+40% Ability Power) damage to Thresh and up to one ally if they come near the Lantern.', '50/55/60/65/70 Mana ', '22 / 20.5 / 19 / 17.5 / 16', '950', 3, 97);
INSERT INTO `mydb`.`ABILITES` (`ability_id`, `ABILITIY`, `Description`, `Cost`, `Cooldown`, `Ability_Range`, `ABILITIES_TYPE_abilities_type_id`, `CHAMPIONS_champion_id`) VALUES (504, 'Flay', 'Thresh\'s attacks wind up, dealing more damage the longer he waits between attacks. When activated, Thresh sweeps his chain, knocking all enemies hit in the direction of the blow.Passive: Deal Magic Damage on each hit that builds up when not attacking.This value is equal to total souls collected plus up to 80/110/140/170/200% of Attack Damage, based on the amount of time since his last attack.Active: Knock nearby enemies in the direction of your choice. Deals 65/95/125/155/185 (+40% Ability Power) Magic Damage in a line beginning behind him. Enemies hit are pushed in the direction of the swing, then slowed by 20/25/30/35/40% for 1.5 seconds.Cast forward to push; cast backward to pull.', '60/65/70/75/80 Mana ', '9', '800', 4, 97);
INSERT INTO `mydb`.`ABILITES` (`ability_id`, `ABILITIY`, `Description`, `Cost`, `Cooldown`, `Ability_Range`, `ABILITIES_TYPE_abilities_type_id`, `CHAMPIONS_champion_id`) VALUES (505, 'The Box', 'A prison of walls that slow and deal damage if broken.Trap enemies inside walls that slow and deal damage if broken. Creates a prison of spectral walls around himself. Enemy Champions who walk through a wall suffer 250/400/550 (+100% Ability Power) Magic Damage and are slowed by 99% for 2 seconds, but break that wall. Once one wall is broken, remaining walls deal no damage and apply half slow duration. An enemy cannot be affected by multiple walls simultaneously.', '100 Mana', '150 / 140 / 130', '450', 5, 97);
INSERT INTO `mydb`.`ABILITES` (`ability_id`, `ABILITIY`, `Description`, `Cost`, `Cooldown`, `Ability_Range`, `ABILITIES_TYPE_abilities_type_id`, `CHAMPIONS_champion_id`) VALUES (506, 'Draw a Bead', 'Increases Tristana\'s Attack Range as she levels.', 'N/A', 'N/A', 'N/A', 1, 98);
INSERT INTO `mydb`.`ABILITES` (`ability_id`, `ABILITIY`, `Description`, `Cost`, `Cooldown`, `Ability_Range`, `ABILITIES_TYPE_abilities_type_id`, `CHAMPIONS_champion_id`) VALUES (507, 'Rapid Fire', 'Tristana fires her weapon rapidly, increasing her Attack Speed for a short time. Shooting enemies marked with Explosive Charge reduces the cooldown by a small amount each hit.Increases Tristana\'s Attack Speed by 30/50/70/90/110% for 5 seconds.Rapid Fire\'s cooldown is reduced by 1 second each time Tristana basic attacks an enemy marked with Explosive Charge.', 'N/A', '20', 'N/A', 2, 98);
INSERT INTO `mydb`.`ABILITES` (`ability_id`, `ABILITIY`, `Description`, `Cost`, `Cooldown`, `Ability_Range`, `ABILITIES_TYPE_abilities_type_id`, `CHAMPIONS_champion_id`) VALUES (508, 'Rocket Jump', 'Tristana fires at the ground to propel her to a distant location, dealing damage and slowing surrounding units for a brief period where she lands.Tristana fires at the ground to propel her to target location, dealing 80/105/130/155/180 (+50% Ability Power) Magic Damage and slowing surrounding enemy units by 60% for 1/1.5/2/2.5/3 second(s). Rocket Jump\'s damage is increased if Tristana lands on an enemy unit affected with Explosive Charge (25% bonus per stack), and explodes the Explosive Charge immediately if it has 4 stacks. On a champion kill or assist, Rocket Jump\'s cooldown resets.', '60 Mana', '22 / 20 / 18 / 16 / 14', '900', 3, 98);
INSERT INTO `mydb`.`ABILITES` (`ability_id`, `ABILITIY`, `Description`, `Cost`, `Cooldown`, `Ability_Range`, `ABILITIES_TYPE_abilities_type_id`, `CHAMPIONS_champion_id`) VALUES (509, 'Explosive Charge', 'When Tristana kills a unit, her cannonballs burst into shrapnel, dealing damage to surrounding enemies. Can be activated to place a bomb on a target enemy that explodes after a short duration dealing damage to surrounding units.Passive: Enemies explode when slain by Tristana\'s basic attacks, dealing 50/75/100/125/150 (+25% Ability Power) Magic Damage to nearby enemies.Active: Places a charge on target enemy or turret that explodes after 4 seconds, dealing 60/70/80/90/100 (+0) (+50% Ability Power) Physical Damage to nearby enemies. Tristana\'s basic attacks against the target increase the charge\'s damage by 25%, stacking up to 4 times. If Tristana basic attacks a target with 4 stacks, the charge explodes immediately. The detonation radius is twice as large if used on a turret.', '70/75/80/85/90 Mana ', '16 / 15.5 / 15 / 14.5 / 14', '550', 4, 98);
INSERT INTO `mydb`.`ABILITES` (`ability_id`, `ABILITIY`, `Description`, `Cost`, `Cooldown`, `Ability_Range`, `ABILITIES_TYPE_abilities_type_id`, `CHAMPIONS_champion_id`) VALUES (510, 'Buster Shot', 'Tristana loads a massive cannonball into her weapon and fires it at an enemy unit. This deals Magic Damage and knocks the target back.Tristana fires a massive cannonball at an enemy unit. This deals 300/400/500 (+100% Ability Power) Magic Damage and knocks surrounding units back 600/800/1000 distance.', '100 Mana', '100 / 85 / 70', '550', 5, 98);
INSERT INTO `mydb`.`ABILITES` (`ability_id`, `ABILITIY`, `Description`, `Cost`, `Cooldown`, `Ability_Range`, `ABILITIES_TYPE_abilities_type_id`, `CHAMPIONS_champion_id`) VALUES (511, 'King\'s Tribute', 'When an enemy unit dies near Trundle, he heals for a percent of its maximum Health.', 'N/A', 'N/A', '1400', 1, 99);
INSERT INTO `mydb`.`ABILITES` (`ability_id`, `ABILITIY`, `Description`, `Cost`, `Cooldown`, `Ability_Range`, `ABILITIES_TYPE_abilities_type_id`, `CHAMPIONS_champion_id`) VALUES (512, 'Chomp', 'Trundle bites his opponent, dealing damage, briefly slowing and sapping some of their Attack Damage.Trundle lunges at his opponent with his next basic attack, dealing 20/40/60/80/100 (+80/90/100/110/120% Attack Damage) physical damage and briefly slowing his target.This attack increases Trundle\'s Attack Damage by 20/25/30/35/40 for 8 seconds, with his opponent losing half of this amount.', '30 Mana', '4', 'N/A', 2, 99);
INSERT INTO `mydb`.`ABILITES` (`ability_id`, `ABILITIY`, `Description`, `Cost`, `Cooldown`, `Ability_Range`, `ABILITIES_TYPE_abilities_type_id`, `CHAMPIONS_champion_id`) VALUES (513, 'Frozen Domain', 'Trundle turns target location into his domain, gaining Attack Speed, Movement Speed, and increased healing from all sources while on it.Trundle coats target location with ice for 8 seconds, gaining 20/25/30/35/40% Movement Speed, 20/35/50/65/80% Attack Speed and 20% increased healing and regeneration from all sources.', '60 Mana', '15', '750', 3, 99);
INSERT INTO `mydb`.`ABILITES` (`ability_id`, `ABILITIY`, `Description`, `Cost`, `Cooldown`, `Ability_Range`, `ABILITIES_TYPE_abilities_type_id`, `CHAMPIONS_champion_id`) VALUES (514, 'Pillar of Ice', 'Trundle creates an ice pillar at target location, becoming impassable terrain and slowing all nearby enemy units.Trundle creates an icy pillar at target location for 6 seconds, becoming impassable terrain and slowing all nearby enemy units by 25/30/35/40/45%.', '60 Mana', '23 / 20 / 17 / 14 / 11', '1000', 4, 99);
INSERT INTO `mydb`.`ABILITES` (`ability_id`, `ABILITIY`, `Description`, `Cost`, `Cooldown`, `Ability_Range`, `ABILITIES_TYPE_abilities_type_id`, `CHAMPIONS_champion_id`) VALUES (515, 'Subjugate', 'Trundle immediately steals a percent of his target\'s Health, Armor and Magic Resistance. Over the next 4 seconds the amount of Health, Armor, and Magic Resistance stolen is doubled.Trundle drains 20/24/28 (+2% Ability Power)% of an enemy champion\'s maximum Health as Magic Damage and 40% of their Armor and Magic Resist, half immediately and half over 4 seconds. The Armor and Magic Resist is returned 4 seconds after the drain ends.', '75 Mana', '80 / 70 / 60', '650', 5, 99);
INSERT INTO `mydb`.`ABILITES` (`ability_id`, `ABILITIY`, `Description`, `Cost`, `Cooldown`, `Ability_Range`, `ABILITIES_TYPE_abilities_type_id`, `CHAMPIONS_champion_id`) VALUES (516, 'Battle Fury', 'Tryndamere gains Fury for each attack, critical strike, and killing blow he makes. Fury passively increases his Critical Strike Chance and can be consumed with his Bloodlust spell.', 'N/A', 'N/A', 'N/A', 1, 100);
INSERT INTO `mydb`.`ABILITES` (`ability_id`, `ABILITIY`, `Description`, `Cost`, `Cooldown`, `Ability_Range`, `ABILITIES_TYPE_abilities_type_id`, `CHAMPIONS_champion_id`) VALUES (517, 'Bloodlust', 'Tryndamere thrives on the thrills of combat, increasing his Attack Damage as he is more and more wounded. He can cast Bloodlust to consume his Fury and heal himself.Passive: Tryndamere thirsts for blood, gaining 5/10/15/20/25 Attack Damage plus 0.15/0.2/0.25/0.3/0.35 per 1% Health missing.Active: Tryndamere consumes his Fury, restoring 30/40/50/60/70 (+30% Ability Power) Health, plus 0.5/0.95/1.4/1.85/2.3 (+120% Ability Power) Health per Fury consumed.', 'N/A', '12', 'N/A', 2, 100);
INSERT INTO `mydb`.`ABILITES` (`ability_id`, `ABILITIY`, `Description`, `Cost`, `Cooldown`, `Ability_Range`, `ABILITIES_TYPE_abilities_type_id`, `CHAMPIONS_champion_id`) VALUES (518, 'Mocking Shout', 'Tryndamere lets out an insulting cry, decreasing surrounding champions\' Attack Damage. Enemies with their backs turned to Tryndamere also have their Movement Speed reduced.Decreases surrounding champions\' Attack Damage by 20/35/50/65/80 for 4 seconds, and enemies with their backs turned also have their Movement Speed reduced by 30/37.5/45/52.5/60%.', 'N/A', '14', '850', 3, 100);
INSERT INTO `mydb`.`ABILITES` (`ability_id`, `ABILITIY`, `Description`, `Cost`, `Cooldown`, `Ability_Range`, `ABILITIES_TYPE_abilities_type_id`, `CHAMPIONS_champion_id`) VALUES (519, 'Spinning Slash', 'Tryndamere slices toward a target unit, dealing damage to enemies in his path.Tryndamere spins through his enemies, dealing 70/100/130/160/190 (+120% bonus Attack Damage) (+100% Ability Power) physical damage to enemies in his path and generating Fury.Spinning Slash\'s cooldown is reduced by 1 second whenever Tryndamere critically strikes. This effect is doubled against champions.', 'N/A', '13 / 12 / 11 / 10 / 9', '650', 4, 100);
INSERT INTO `mydb`.`ABILITES` (`ability_id`, `ABILITIY`, `Description`, `Cost`, `Cooldown`, `Ability_Range`, `ABILITIES_TYPE_abilities_type_id`, `CHAMPIONS_champion_id`) VALUES (520, 'Undying Rage', 'Tryndamere\'s lust for battle becomes so strong that he is unable to die, no matter how wounded he becomes.Tryndamere becomes completely immune to death for 5 seconds, refusing to be reduced below 1 Health and instantly gaining 50/75/100 Fury.', 'N/A', '110 / 100 / 90', 'N/A', 5, 100);
INSERT INTO `mydb`.`ABILITES` (`ability_id`, `ABILITIY`, `Description`, `Cost`, `Cooldown`, `Ability_Range`, `ABILITIES_TYPE_abilities_type_id`, `CHAMPIONS_champion_id`) VALUES (521, 'Loaded Dice', 'Upon killing a unit, Twisted Fate rolls his \'lucky\' dice receiving anywhere between 1 and 6 bonus gold.', 'N/A', 'N/A', 'N/A', 1, 101);
INSERT INTO `mydb`.`ABILITES` (`ability_id`, `ABILITIY`, `Description`, `Cost`, `Cooldown`, `Ability_Range`, `ABILITIES_TYPE_abilities_type_id`, `CHAMPIONS_champion_id`) VALUES (522, 'Wild Cards', 'Twisted Fate throws three cards, dealing damage to each enemy unit they pass through.Throws three cards that deal 60/110/160/210/260 (+65% Ability Power) Magic Damage to each enemy unit they pass through.', '60/70/80/90/100 Mana', '6', '1000', 2, 101);
INSERT INTO `mydb`.`ABILITES` (`ability_id`, `ABILITIY`, `Description`, `Cost`, `Cooldown`, `Ability_Range`, `ABILITIES_TYPE_abilities_type_id`, `CHAMPIONS_champion_id`) VALUES (523, 'Pick A Card', 'Twisted Fate chooses a magic card from his deck, and uses that for his next attack, causing bonus effects.Cast once to shuffle the deck and again to choose your card, enhancing your next attack.Blue Card deals 40/60/80/100/120 (+100% Attack Damage) (+50% Ability Power) Magic Damage and restores 50/75/100/125/150 Mana.Red Card deals 30/45/60/75/90 (+100% Attack Damage) (+50% Ability Power) Magic Damage to units around the target and slows their Movement Speed by 30/35/40/45/50% for 2.5 seconds.Gold Card deals 15/22.5/30/37.5/45 (+100% Attack Damage) (+50% Ability Power) Magic Damage and stuns for 1/1.25/1.5/1.75/2 seconds.', '40/55/70/85/100 Mana', '6', 'N/A', 3, 101);
INSERT INTO `mydb`.`ABILITES` (`ability_id`, `ABILITIY`, `Description`, `Cost`, `Cooldown`, `Ability_Range`, `ABILITIES_TYPE_abilities_type_id`, `CHAMPIONS_champion_id`) VALUES (524, 'Stacked Deck', 'Every 4 attacks, Twisted Fate deals bonus damage. In addition, his Attack Speed is increased.Passive: Every 4 attacks, Twisted Fate deals an additional 55/80/105/130/155 (+50% Ability Power) Magic Damage.In addition, his Attack Speed is increased by 10/15/20/25/30%.', 'N/A', 'N/A', 'N/A', 4, 101);
INSERT INTO `mydb`.`ABILITES` (`ability_id`, `ABILITIY`, `Description`, `Cost`, `Cooldown`, `Ability_Range`, `ABILITIES_TYPE_abilities_type_id`, `CHAMPIONS_champion_id`) VALUES (525, 'Destiny', 'Twisted Fate predicts the fortunes of his foes, revealing all enemy champions and enabling the use of Gate, which teleports Twisted Fate to any target location in 1.5 seconds.Reveals all enemy champions (including stealthed champions) on the map for 6/8/10 seconds.While Destiny is active, Twisted Fate can teleport up to 5500 units away in 1.5 seconds.', '150/125/100 Mana', '180 / 150 / 120', '5500', 5, 101);
INSERT INTO `mydb`.`ABILITES` (`ability_id`, `ABILITIY`, `Description`, `Cost`, `Cooldown`, `Ability_Range`, `ABILITIES_TYPE_abilities_type_id`, `CHAMPIONS_champion_id`) VALUES (526, 'Deadly Venom', 'Twitch\'s basic attacks infect the target, dealing true damage each second.', 'N/A', 'N/A', 'N/A', 1, 102);
INSERT INTO `mydb`.`ABILITES` (`ability_id`, `ABILITIY`, `Description`, `Cost`, `Cooldown`, `Ability_Range`, `ABILITIES_TYPE_abilities_type_id`, `CHAMPIONS_champion_id`) VALUES (527, 'Ambush', 'Twitch becomes invisible for a short duration and, while invisible, he gains Movement Speed. When leaving invisibility, Twitch gains Attack Speed for a short duration.After 1.5 seconds of not taking damage or after 6 seconds, Twitch turns invisible for 4/5/6/7/8 seconds.Twitch gains 20% Movement Speed while invisible and gains 30/40/50/60/70% Attack Speed for 5 seconds after coming out of invisibility.', '60 Mana', '16', 'N/A', 2, 102);
INSERT INTO `mydb`.`ABILITES` (`ability_id`, `ABILITIY`, `Description`, `Cost`, `Cooldown`, `Ability_Range`, `ABILITIES_TYPE_abilities_type_id`, `CHAMPIONS_champion_id`) VALUES (528, 'Venom Cask', 'Twitch hurls a cask of venom that explodes in an area, slowing targets and applying deadly venom to the target.Twitch hurls a cask of venom that explodes in an area adding 2 stacks of Deadly Venom and slowing targets by 25/30/35/40/45% for 3 seconds.', '50 Mana', '13 / 12 / 11 / 10 / 9', '950', 3, 102);
INSERT INTO `mydb`.`ABILITES` (`ability_id`, `ABILITIY`, `Description`, `Cost`, `Cooldown`, `Ability_Range`, `ABILITIES_TYPE_abilities_type_id`, `CHAMPIONS_champion_id`) VALUES (529, 'Contaminate', 'Twitch wreaks further havoc on poisoned enemies with a blast of his vile diseases.Deals 20/35/50/65/80 physical damage plus 15/20/25/30/35 (+20% Ability Power) (+0) per stack of Deadly Venom to all nearby enemies affected by Deadly Venom.', '50/60/70/80/90 Mana', '12 / 11 / 10 / 9 /8', '1200', 4, 102);
INSERT INTO `mydb`.`ABILITES` (`ability_id`, `ABILITIY`, `Description`, `Cost`, `Cooldown`, `Ability_Range`, `ABILITIES_TYPE_abilities_type_id`, `CHAMPIONS_champion_id`) VALUES (530, 'Rat-Ta-Tat-Tat', 'Twitch unleashes the full power of his crossbow, shooting bolts over a great distance that pierce all enemies caught in their path.For 7 seconds Twitch gains 300 Attack Range, 20/28/36 Attack Damage and his basic attacks become piercing bolts that deal 20% less damage to subsequent targets down to a minimum of 40% damage.', '100/125/150 Mana', '120 / 110 / 100', 'N/A', 5, 102);
INSERT INTO `mydb`.`ABILITES` (`ability_id`, `ABILITIY`, `Description`, `Cost`, `Cooldown`, `Ability_Range`, `ABILITIES_TYPE_abilities_type_id`, `CHAMPIONS_champion_id`) VALUES (531, 'Monkey\'s Agility', 'Entering a stance grants Udyr 10% Attack Speed and 5 Movement Speed for a short duration. This effect can stack up to 3 times.', 'N/A', 'N/A', 'N/A', 1, 103);
INSERT INTO `mydb`.`ABILITES` (`ability_id`, `ABILITIY`, `Description`, `Cost`, `Cooldown`, `Ability_Range`, `ABILITIES_TYPE_abilities_type_id`, `CHAMPIONS_champion_id`) VALUES (532, 'Tiger Stance', 'Tiger Stance: Activation - Udyr\'s Attack Speed is increased for a few seconds, and his first basic attack will deal a high amount of damage over 2 seconds. Persistent Effect - Udyr\'s basic attacks deal extra damage. Persistent Effect: Basic attacks deal 15% Attack Damage bonus physical damage, and Udyr will perform a Tiger Strike with his first basic attack, dealing bonus 30/80/130/180/230 (+120/130/140/150/160% Attack Damage) physical damage over 2 seconds.', '47/44/41/38/35 Mana ', '6', 'N/A', 2, 103);
INSERT INTO `mydb`.`ABILITES` (`ability_id`, `ABILITIY`, `Description`, `Cost`, `Cooldown`, `Ability_Range`, `ABILITIES_TYPE_abilities_type_id`, `CHAMPIONS_champion_id`) VALUES (533, 'Turtle Stance', 'Turtle Stance: Activation - Udyr gains a temporary shield that absorbs damage. Persistent Effect - Udyr gains Life Steal.Persistent Effect: Gains 10/12/14/16/18% Life Steal.Activation: Gains a shield that absorbs 60/100/140/180/220 (+50% Ability Power) damage for 5 seconds.', '47/44/41/38/35 Mana ', '6', 'N/A', 3, 103);
INSERT INTO `mydb`.`ABILITES` (`ability_id`, `ABILITIY`, `Description`, `Cost`, `Cooldown`, `Ability_Range`, `ABILITIES_TYPE_abilities_type_id`, `CHAMPIONS_champion_id`) VALUES (534, 'Bear Stance', 'Udyr increases Movement Speed for a short duration. Persistent Effect - Udyr\'s basic attacks stun his target for 1 second. This effect cannot occur on the same target for several seconds.Persistent Effect: Basic attacks stun the target for 1 second. This effect cannot occur on the same target again for 5 seconds.Activation: Increases Movement Speed by 15/20/25/30/35% and ignores unit collision for 2/2.25/2.5/2.75/3 seconds.', '47/44/41/38/35 Mana ', '6', 'N/A', 4, 103);
INSERT INTO `mydb`.`ABILITES` (`ability_id`, `ABILITIY`, `Description`, `Cost`, `Cooldown`, `Ability_Range`, `ABILITIES_TYPE_abilities_type_id`, `CHAMPIONS_champion_id`) VALUES (535, 'Phoenix Stance', 'Phoenix Stance: Activation - Udyr unleashes pulsing waves of fire, dealing damage to nearby enemies for 5 seconds. Persistent Effect - With the first basic attack and every third attack after, Udyr engulfs enemies in front of him with flames.Persistent Effect: Burns enemies in front of Udyr on his first basic attack and every third attack after, dealing 40/80/120/160/200 (+45% Ability Power) magic damage.Activation: Unleashes pulsing waves of fire, dealing 15/25/35/45/55 (+25% Ability Power) magic damage each second to nearby enemies for 5 seconds.', '47/44/41/38/35 Mana ', '6', '325', 5, 103);
INSERT INTO `mydb`.`ABILITES` (`ability_id`, `ABILITIY`, `Description`, `Cost`, `Cooldown`, `Ability_Range`, `ABILITIES_TYPE_abilities_type_id`, `CHAMPIONS_champion_id`) VALUES (536, 'Zaun-Touched Bolt Augmenter', 'Urgot\'s basic attacks and Acid Hunters reduce his targets\' damage by 15% for 2.5 seconds.', 'N/A', 'N/A', 'N/A', 1, 104);
INSERT INTO `mydb`.`ABILITES` (`ability_id`, `ABILITIY`, `Description`, `Cost`, `Cooldown`, `Ability_Range`, `ABILITIES_TYPE_abilities_type_id`, `CHAMPIONS_champion_id`) VALUES (537, 'Acid Hunter', 'Urgot fires an Acid Hunter missile that collides with the first enemy it hits, slowing the target if he has his Terror Capacitor up. Acid Hunter missile-locks on enemies affected by Noxian Corrosive Charge.Urgot fires a missile toward the cursor that deals 10/40/70/100/130 (+85% Attack Damage) physical damage. If Acid Hunter kills a unit half its mana cost is refunded.Missile-lock can be achieved by holding the cursor over a target afflicted by Noxian Corrosive Charge.', '40 Mana', '2', '1000', 2, 104);
INSERT INTO `mydb`.`ABILITES` (`ability_id`, `ABILITIY`, `Description`, `Cost`, `Cooldown`, `Ability_Range`, `ABILITIES_TYPE_abilities_type_id`, `CHAMPIONS_champion_id`) VALUES (538, 'Terror Capacitor', 'Urgot charges up his capacitor to gain a shield. While the shield is active, Urgot gains slowing attacks.Urgot charges up his terror capacitor to gain a shield that absorbs 60/100/140/180/220 (+80% Ability Power) plus 8% of his maximum mana (+0) damage for 7 seconds. While the shield is active, Urgot\'s attacks and missiles slow targets by 20/25/30/35/40%.', '55/60/65/70/75 Mana ', '16 / 15 / 14 / 13 / 12', 'N/A', 3, 104);
INSERT INTO `mydb`.`ABILITES` (`ability_id`, `ABILITIY`, `Description`, `Cost`, `Cooldown`, `Ability_Range`, `ABILITIES_TYPE_abilities_type_id`, `CHAMPIONS_champion_id`) VALUES (539, 'Noxian Corrosive Charge', 'Urgot launches a corrosive charge that damages enemies in an area and reduces their Armor.Urgot launches a Corrosive Charge at a target location. Enemies afflicted by the charge have their Armor reduced by 12/14/16/18/20% and take 75/130/185/240/295 (+60% bonus Attack Damage) physical damage over 5 seconds.Acid Hunter is able to missile-lock onto targets affected by Noxian Corrosive Charge.', '50/55/60/65/70 Mana ', '15 / 14 / 13 / 12 / 11', '900', 4, 104);
INSERT INTO `mydb`.`ABILITES` (`ability_id`, `ABILITIY`, `Description`, `Cost`, `Cooldown`, `Ability_Range`, `ABILITIES_TYPE_abilities_type_id`, `CHAMPIONS_champion_id`) VALUES (540, 'Hyper-Kinetic Position Reverser', 'Urgot charges up his Hyper-Kinetic Position Reverser, swapping positions with the target. His target is suppressed for the duration of the channel. He gains increased Armor and Magic Resist after the swap.Urgot targets an enemy champion and channels his Hyper-Kinetic Position Reverser for 1 second, swapping locations with his target afterward. His target is suppressed for the duration of the channel.Urgot gains 60/90/120 Armor and Magic Resist during and after the channel, and his target is slowed by 40% for 3 seconds after being swapped.', '100 Mana', '120 / 100 / 80', '550/700/850', 5, 104);
INSERT INTO `mydb`.`ABILITES` (`ability_id`, `ABILITIY`, `Description`, `Cost`, `Cooldown`, `Ability_Range`, `ABILITIES_TYPE_abilities_type_id`, `CHAMPIONS_champion_id`) VALUES (541, 'Living Vengeance', 'On kill or assist, Varus temporarily gains Attack Speed. This bonus is larger if the enemy is a champion.', 'N/A', 'N/A', 'N/A', 1, 105);
INSERT INTO `mydb`.`ABILITES` (`ability_id`, `ABILITIY`, `Description`, `Cost`, `Cooldown`, `Ability_Range`, `ABILITIES_TYPE_abilities_type_id`, `CHAMPIONS_champion_id`) VALUES (542, 'Piercing Arrow', 'Varus readies and then fires a powerful shot that gains extra range and damage the longer he spends preparing to fire.First Cast: Varus starts drawing back his next shot, gradually increasing its range and damage.Second Cast: Varus fires, dealing 10/47/83/120/157 (+100% Attack Damage) to 15/70/125/180/235 (+160% Attack Damage) physical damage, reduced by 15% per enemy hit (minimum 33%).While preparing to shoot Varus\' Movement Speed is slowed by 20%. After 4 seconds, Piercing Arrow fails but refunds half its Mana cost.', '70/75/80/85/90 Mana ', '16 / 14 / 12 / 10 / 8', '925', 2, 105);
INSERT INTO `mydb`.`ABILITES` (`ability_id`, `ABILITIY`, `Description`, `Cost`, `Cooldown`, `Ability_Range`, `ABILITIES_TYPE_abilities_type_id`, `CHAMPIONS_champion_id`) VALUES (543, 'Blighted Quiver', 'Varus\' basic attacks deal bonus magic damage and apply Blight. Varus\' other abilities detonate Blight, dealing magic damage based on the target\'s maximum Health.Passive: Varus\' basic attacks deal 10/14/18/22/26 (+25% Ability Power) bonus magic damage and apply Blight for 6 seconds (stacks 3 times).Varus\' other abilities detonate Blight, dealing magic damage equal to 2/2.75/3.5/4.25/5% (+[2% Ability Power]%) of the target\'s maximum Health per stack (Max: 360 total damage vs Monsters).', 'N/A', 'N/A', '2000', 3, 105);
INSERT INTO `mydb`.`ABILITES` (`ability_id`, `ABILITIY`, `Description`, `Cost`, `Cooldown`, `Ability_Range`, `ABILITIES_TYPE_abilities_type_id`, `CHAMPIONS_champion_id`) VALUES (544, 'Hail of Arrows', 'Varus fires a hail of arrows that deal physical damage and desecrate the ground. Desecrated ground slows enemies\' Movement Speed and reduces their healing and regeneration.Varus fires a hail of arrows that deals 65/100/135/170/205 (+60% bonus Attack Damage) physical damage and desecrates the ground for 4 seconds.Desecrated Ground slows enemy Movement Speed by 25/30/35/40/45% and reduces healing effects by 50%.', '80 Mana', '18 / 16 / 14 / 12 / 10', '925', 4, 105);
INSERT INTO `mydb`.`ABILITES` (`ability_id`, `ABILITIY`, `Description`, `Cost`, `Cooldown`, `Ability_Range`, `ABILITIES_TYPE_abilities_type_id`, `CHAMPIONS_champion_id`) VALUES (545, 'Chain of Corruption', 'Varus flings out a damaging tendril of corruption that immobilizes the first enemy champion hit and then spreads towards nearby uninfected champions, immobilizing them too on contact.Varus flings out a tendril of corruption that deals 150/250/350 (+100% Ability Power) magic damage and immobilizes the first enemy champion hit for 2 seconds.The corruption then spreads towards nearby uninfected enemy champions, applying the same damage and immobilize if it reaches them.', '100 Mana', '110 / 90 / 70', '1100', 5, 105);
INSERT INTO `mydb`.`ABILITES` (`ability_id`, `ABILITIY`, `Description`, `Cost`, `Cooldown`, `Ability_Range`, `ABILITIES_TYPE_abilities_type_id`, `CHAMPIONS_champion_id`) VALUES (546, 'Night Hunter', 'Vayne ruthlessly hunts evil-doers. She gains 30 Movement Speed when moving toward nearby enemy champions.', 'N/A', 'N/A', 'N/A', 1, 106);
INSERT INTO `mydb`.`ABILITES` (`ability_id`, `ABILITIY`, `Description`, `Cost`, `Cooldown`, `Ability_Range`, `ABILITIES_TYPE_abilities_type_id`, `CHAMPIONS_champion_id`) VALUES (547, 'Tumble', 'Vayne tumbles, maneuvering to carefully place her next shot. Her next attack deals bonus damage.Rolls a short distance. The next basic attack within 6 seconds deals 30/35/40/45/50% Attack Damage bonus physical damage, equal to 30/35/40/45/50% of total Attack Damage.', '30 Mana', '6 / 5 / 4 / 3 / 2', '300', 2, 106);
INSERT INTO `mydb`.`ABILITES` (`ability_id`, `ABILITIY`, `Description`, `Cost`, `Cooldown`, `Ability_Range`, `ABILITIES_TYPE_abilities_type_id`, `CHAMPIONS_champion_id`) VALUES (548, 'Silver Bolts', 'Vayne tips her bolts with a rare metal, toxic to evil things. The third consecutive attack or ability against the same target deals a percentage of the target\'s maximum Health as bonus true damage.(Max: 200 damage vs. Monsters)Every third consecutive attack or ability against an enemy deals an additional 20/30/40/50/60 plus 4/5/6/7/8% of the enemy\'s maximum Health as true damage.(Max: 200 damage vs. Monsters)', 'N/A', 'N/A', 'N/A', 3, 106);
INSERT INTO `mydb`.`ABILITES` (`ability_id`, `ABILITIY`, `Description`, `Cost`, `Cooldown`, `Ability_Range`, `ABILITIES_TYPE_abilities_type_id`, `CHAMPIONS_champion_id`) VALUES (549, 'Condemn', 'Vayne draws a heavy crossbow from her back, and fires a huge bolt at her target, knocking them back and dealing damage. If they collide with terrain, they are impaled, dealing bonus damage and stunning them.Fires a bolt that knocks back target enemy and deals 45/80/115/150/185 (+50% bonus Attack Damage) physical damage. Enemies that collide with terrain take 45/80/115/150/185 (+50% bonus Attack Damage) additional physical damage and are stunned for 1.5 seconds.', '90 Mana', '20 / 18 / 16 / 14 / 12', '710', 4, 106);
INSERT INTO `mydb`.`ABILITES` (`ability_id`, `ABILITIY`, `Description`, `Cost`, `Cooldown`, `Ability_Range`, `ABILITIES_TYPE_abilities_type_id`, `CHAMPIONS_champion_id`) VALUES (550, 'Final Hour', 'Readying herself for an epic confrontation, Vayne gains increased Attack Damage, invisibility during Tumble, and triple the bonus Movement Speed from Night Hunter.Gains 30/50/70 Bonus Attack Damage for 8/10/12 seconds. While active, Tumble grants invisibility for 1 second, and Night Hunter\'s bonus Movement Speed is increased to 90.', '80 Mana', '100 / 85 / 70', 'N/A', 5, 106);
INSERT INTO `mydb`.`ABILITES` (`ability_id`, `ABILITIY`, `Description`, `Cost`, `Cooldown`, `Ability_Range`, `ABILITIES_TYPE_abilities_type_id`, `CHAMPIONS_champion_id`) VALUES (551, 'Equilibrium', 'Veigar\'s Mana Regen is increased by 1.5% for each 1% of Mana missing.', 'N/A', 'N/A', 'N/A', 1, 107);
INSERT INTO `mydb`.`ABILITES` (`ability_id`, `ABILITIY`, `Description`, `Cost`, `Cooldown`, `Ability_Range`, `ABILITIES_TYPE_abilities_type_id`, `CHAMPIONS_champion_id`) VALUES (552, 'Baleful Strike', 'Unleashes dark energy at target enemy, dealing Magic Damage. If a unit is killed, Veigar gains some Ability Power permanently.Active: Unleashes a bolt of dark energy, dealing 80/125/170/215/260 (+60% Ability Power) Magic Damage to the first two enemies hit. For each target killed, Veigar gains 1 Ability Power. This bonus is doubled against Champions, large minions and large monsters.Passive: Veigar gains 1/2/3/4/5 Ability Power when he kills a champion from any source of damage.Ability Power bonus: +1', '60/65/70/75/80 Mana ', '7 / 6.5 / 6 / 5.5 / 5', '650', 2, 107);
INSERT INTO `mydb`.`ABILITES` (`ability_id`, `ABILITIY`, `Description`, `Cost`, `Cooldown`, `Ability_Range`, `ABILITIES_TYPE_abilities_type_id`, `CHAMPIONS_champion_id`) VALUES (553, 'Dark Matter', 'Veigar calls a great mass of dark matter to fall from the sky to the target location, dealing Magic Damage when it lands.After 1.2 seconds, dark matter falls from the sky to the target location, dealing 120/170/220/270/320 (+100% Ability Power) Magic Damage.', '70/80/90/100/110 Mana ', '10 / 9.5 / 9 / 8.5 / 8', '900', 3, 107);
INSERT INTO `mydb`.`ABILITES` (`ability_id`, `ABILITIY`, `Description`, `Cost`, `Cooldown`, `Ability_Range`, `ABILITIES_TYPE_abilities_type_id`, `CHAMPIONS_champion_id`) VALUES (554, 'Event Horizon', 'Veigar twists the edges of space around the target location for 3 seconds, stunning enemies who pass through the perimeter.After a 0.75 second delay, Veigar twists the edges of space around the target location for 3 seconds, forming a pentagon of walls. Enemies who attempt to pass through the perimeter are stopped and stunned for 1.5/1.75/2/2.25/2.5 seconds.', '80/90/100/110/120 Mana ', '18 / 17 / 16 / 15 / 14', '600', 4, 107);
INSERT INTO `mydb`.`ABILITES` (`ability_id`, `ABILITIY`, `Description`, `Cost`, `Cooldown`, `Ability_Range`, `ABILITIES_TYPE_abilities_type_id`, `CHAMPIONS_champion_id`) VALUES (555, 'Primordial Burst', 'Blasts target enemy champion, dealing a large base amount of Magic Damage plus 80% of his target\'s Ability Power.Blasts an enemy champion, dealing 250/375/500 (+100% Ability Power) plus 80% of his target\'s Ability Power in Magic Damage.', '125/175/225 Mana ', '120 / 100 / 80', '650', 5, 107);
INSERT INTO `mydb`.`ABILITES` (`ability_id`, `ABILITIY`, `Description`, `Cost`, `Cooldown`, `Ability_Range`, `ABILITIES_TYPE_abilities_type_id`, `CHAMPIONS_champion_id`) VALUES (556, 'Organic Deconstruction', 'Vel\'Koz\'s spells build Organic Deconstruction stacks on enemies. The third spell hit consumes the stacks and deals bonus true damage.', 'N/A', 'N/A', 'N/A', 1, 108);
INSERT INTO `mydb`.`ABILITES` (`ability_id`, `ABILITIY`, `Description`, `Cost`, `Cooldown`, `Ability_Range`, `ABILITIES_TYPE_abilities_type_id`, `CHAMPIONS_champion_id`) VALUES (557, 'Plasma Fission', 'Vel\'Koz shoots a bolt of plasma that splits in two on reactivation or upon hitting an enemy. The bolt slows and damages on hit.Vel\'Koz shoots a plasma bolt that deals 80/120/160/200/240 (+60% Ability Power) Magic Damage and applies a slow of 70% that decays over 1/1.25/1.5/1.75/2 second(s).Upon reactivation or upon hitting an enemy, the bolt splits at a 90 degree angle.', '40/45/50/55/60 Mana ', '7', '1050', 2, 108);
INSERT INTO `mydb`.`ABILITES` (`ability_id`, `ABILITIY`, `Description`, `Cost`, `Cooldown`, `Ability_Range`, `ABILITIES_TYPE_abilities_type_id`, `CHAMPIONS_champion_id`) VALUES (558, 'Void Rift', 'Vel\'Koz opens a rift to the void that deals an initial burst of damage, then explodes for a second burst of damage after a delay.Vel\'Koz opens a rift to the void that deals 30/50/70/90/110 (+25% Ability Power) Magic Damage. After a delay, it deals an additional 45/75/105/135/165 (+38% Ability Power) Magic Damage. Both hits add a stack of Organic Deconstruction.', '50/55/60/65/70 Mana ', '1.5', '1050', 3, 108);
INSERT INTO `mydb`.`ABILITES` (`ability_id`, `ABILITIY`, `Description`, `Cost`, `Cooldown`, `Ability_Range`, `ABILITIES_TYPE_abilities_type_id`, `CHAMPIONS_champion_id`) VALUES (559, 'Tectonic Disruption', 'Vel\'Koz causes an area to explode, knocking up enemies, and knocking close enemies slightly away.Vel\'Koz disrupts a nearby area which, after a delay, deals 70/100/130/160/190 (+50% Ability Power) Magic Damage and knocks up enemies hit for 0.75 seconds.Any enemies hit that are close to Vel\'Koz will be pushed slightly in the direction the ability was cast.', '50/55/60/65/70 Mana', '16 / 15 / 14 / 13 / 12', '850', 4, 108);
INSERT INTO `mydb`.`ABILITES` (`ability_id`, `ABILITIY`, `Description`, `Cost`, `Cooldown`, `Ability_Range`, `ABILITIES_TYPE_abilities_type_id`, `CHAMPIONS_champion_id`) VALUES (560, 'Life Form Disintegration Ray', 'Vel\'Koz unleashes a channelled beam that follows the cursor for 2.5 seconds that deals damage and slows enemies.Vel\'Koz channels a ray of energy that follows the cursor for 2.5 seconds, dealing Magic Damage up to a total of 500/700/900 (+60% Ability Power), and slows enemies hit by 20% for 1 second. Adds a stack of Organic Deconstruction every 0.5 seconds.Can be cancelled by recasting.', '100 Mana', '130 / 110 / 90', '1575', 5, 108);
INSERT INTO `mydb`.`ABILITES` (`ability_id`, `ABILITIY`, `Description`, `Cost`, `Cooldown`, `Ability_Range`, `ABILITIES_TYPE_abilities_type_id`, `CHAMPIONS_champion_id`) VALUES (561, 'Blast Shield', 'Vi charges a shield over time. The shield can be activated by hitting an enemy with an ability.', 'N/A', '18 / 13 / 8', 'N/A', 1, 109);
INSERT INTO `mydb`.`ABILITES` (`ability_id`, `ABILITIY`, `Description`, `Cost`, `Cooldown`, `Ability_Range`, `ABILITIES_TYPE_abilities_type_id`, `CHAMPIONS_champion_id`) VALUES (562, 'Vault Breaker', 'Vi charges her gauntlets and unleashes a vault shattering punch, carrying her forward.Enemies she hits are knocked back and receive a stack of Denting Blows.Charges a powerful punch that carries Vi forward.Slows Movement Speed by 15% while increasing damage and dash range over 1.25 seconds.Second Cast: Dashes forward dealing 50/75/100/125/150 (+80% bonus Attack Damage) to 100/150/200/250/300 (+140% bonus Attack Damage) physical damage and applying Denting Blows to all enemies hit (deals 75% damage to minions and monsters). Stops upon colliding with an enemy champion, knocking it back.', '50/60/70/80/90 Mana', '18 / 15.5 / 13 / 10.5 / 8', '250', 2, 109);
INSERT INTO `mydb`.`ABILITES` (`ability_id`, `ABILITIY`, `Description`, `Cost`, `Cooldown`, `Ability_Range`, `ABILITIES_TYPE_abilities_type_id`, `CHAMPIONS_champion_id`) VALUES (563, 'Denting Blows', 'Vi\'s punches break her opponent\'s Armor, dealing bonus damage and granting her Attack Speed.Every 3rd attack on the same target deals an additional 4/5.5/7/8.5/10% (+1% per 35 bonus Attack Damage) of the target\'s maximum Health as physical damage, reduces its Armor by 20% and grants Vi 30/35/40/45/50% Attack Speed for 4 seconds (max 300 damage vs. minions and monsters).', 'N/A', 'N/A', 'N/A', 3, 109);
INSERT INTO `mydb`.`ABILITES` (`ability_id`, `ABILITIY`, `Description`, `Cost`, `Cooldown`, `Ability_Range`, `ABILITIES_TYPE_abilities_type_id`, `CHAMPIONS_champion_id`) VALUES (564, 'Excessive Force', 'Vi\'s next attack blasts through her target, dealing damage to enemies behind it.Causes next basic attack to deal 5/20/35/50/65 (+115% Attack Damage) (+70% Ability Power) physical damage to the target and enemies behind it.Vi charges a new punch every 14/12.5/11/9.5/8 seconds and can hold 2 charges at once.', '60 Mana', '14 / 12.5 / 11 / 9.5 / 8', 'N/A', 4, 109);
INSERT INTO `mydb`.`ABILITES` (`ability_id`, `ABILITIY`, `Description`, `Cost`, `Cooldown`, `Ability_Range`, `ABILITIES_TYPE_abilities_type_id`, `CHAMPIONS_champion_id`) VALUES (565, 'Assault and Battery', 'Vi runs down an enemy, knocking aside anyone in the way. When she reaches her target she knocks it into the air, jumps after it, and slams it back into the ground.Targets an enemy champion and chases it down, knocking it up for 1.25 seconds, dealing 150/300/450 (+140% bonus Attack Damage) physical damage.While charging, Vi cannot be stopped and will knock aside enemies in the way, dealing 75% damage to them.', '100/125/150 Mana ', '150 / 115 / 80', '800', 5, 109);
INSERT INTO `mydb`.`ABILITES` (`ability_id`, `ABILITIY`, `Description`, `Cost`, `Cooldown`, `Ability_Range`, `ABILITIES_TYPE_abilities_type_id`, `CHAMPIONS_champion_id`) VALUES (566, 'Glorious Evolution', 'Viktor starts with the Prototype Hex Core that can be upgraded three times in the store to augment his abilities.', 'N/A', 'N/A', 'N/A', 1, 110);
INSERT INTO `mydb`.`ABILITES` (`ability_id`, `ABILITIY`, `Description`, `Cost`, `Cooldown`, `Ability_Range`, `ABILITIES_TYPE_abilities_type_id`, `CHAMPIONS_champion_id`) VALUES (567, 'Siphon Power', 'Viktor blasts an enemy unit dealing magic damage, gaining a shield and empowering his next basic attack.Augment: Viktor gains bonus Movement Speed after casting.Viktor blasts an enemy unit for 40/60/80/100/120 (+20% Ability Power) magic damage, granting Viktor a 30/50/70/90/110 (+0) damage shield for 2.5 seconds. Viktor\'s next basic attack deals 0 (+50% Ability Power) bonus magic damage. (The bonus damage scales with Viktor\'s level).', '45/50/55/60/65 Mana ', '10 / 8.5 / 7 / 5.5 / 4', '600', 2, 110);
INSERT INTO `mydb`.`ABILITES` (`ability_id`, `ABILITIY`, `Description`, `Cost`, `Cooldown`, `Ability_Range`, `ABILITIES_TYPE_abilities_type_id`, `CHAMPIONS_champion_id`) VALUES (568, 'Gravity Field', 'Viktor conjures a heavy gravitational field that slows enemies in its radius. Enemies who stay within the device for too long are stunned.Augment: Enemies stunned by Gravity Field are dragged to the center.Viktor deploys a gravitational imprisonment device for 4 seconds, slowing enemy units by 28/32/36/40/44% and adding a stack every 0.5 seconds. At 3 stacks the target is stunned for 1.5 seconds.Enemies stunned by Gravity Field are dragged to the center.', '65 Mana', '17 / 16 / 15 / 14 / 13', '700', 3, 110);
INSERT INTO `mydb`.`ABILITES` (`ability_id`, `ABILITIY`, `Description`, `Cost`, `Cooldown`, `Ability_Range`, `ABILITIES_TYPE_abilities_type_id`, `CHAMPIONS_champion_id`) VALUES (569, 'Death Ray', 'Viktor uses his robotic arm to fire a chaos beam that cuts across the field in a line, dealing damage to all enemies in its path.Augment: An explosion follows the Death Ray\'s wake, dealing magic damage.Viktor uses his robotic arm to fire a chaos beam that cuts across the field in a line, dealing 70/115/160/205/250 (+70% Ability Power) magic damage to every enemy in its path.Augment - Aftershock: An explosion follows the Death Ray\'s wake, dealing 70/115/160/205/250 (+70% Ability Power) magic damage. Enemies already hit by the Death Ray will take 40% damage.', '70/80/90/100/110 Mana ', '13 / 12 / 11 / 10 / 9', '525', 4, 110);
INSERT INTO `mydb`.`ABILITES` (`ability_id`, `ABILITIY`, `Description`, `Cost`, `Cooldown`, `Ability_Range`, `ABILITIES_TYPE_abilities_type_id`, `CHAMPIONS_champion_id`) VALUES (570, 'Chaos Storm', 'Viktor conjures a singularity on the field which deals magic damage and interrupts enemy channels. The singularity then does magic damage to all nearby enemies every second. Viktor can redirect the singularity.Augment: The Chaos Storm moves faster.Viktor conjures a singularity at target location, dealing 150/250/350 (+55% Ability Power) magic damage and interrupting enemy channels.Viktor can redirect the singularity for 7 seconds, causing 30/60/90 (+20% Ability Power) magic damage every second to nearby enemies. The singularity will move slower as it attempts to move farther away from Viktor.Augment - Velocity:Chaos Storm moves 20% faster.', '100 Mana', '120 / 110 / 100', '700', 5, 110);
INSERT INTO `mydb`.`ABILITES` (`ability_id`, `ABILITIY`, `Description`, `Cost`, `Cooldown`, `Ability_Range`, `ABILITIES_TYPE_abilities_type_id`, `CHAMPIONS_champion_id`) VALUES (571, 'Crimson Pact', 'Every 40 points of bonus Health gives Vladimir 1 Ability Power and every 1 point of Ability Power gives Vladimir 1.4 bonus Health (does not stack with itself).', 'N/A', 'N/A', 'N/A', 1, 111);
INSERT INTO `mydb`.`ABILITES` (`ability_id`, `ABILITIY`, `Description`, `Cost`, `Cooldown`, `Ability_Range`, `ABILITIES_TYPE_abilities_type_id`, `CHAMPIONS_champion_id`) VALUES (572, 'Transfusion', 'Vladimir drains life from his target.Vladimir drains the lifeforce of his target, dealing 90/125/160/195/230 (+60% Ability Power) magic damage and healing himself for 15/25/35/45/55 (+25% Ability Power).', 'N/A', '10 / 8.5 / 7 / 5.5 / 4', '600', 2, 111);
INSERT INTO `mydb`.`ABILITES` (`ability_id`, `ABILITIY`, `Description`, `Cost`, `Cooldown`, `Ability_Range`, `ABILITIES_TYPE_abilities_type_id`, `CHAMPIONS_champion_id`) VALUES (573, 'Sanguine Pool', 'Vladimir sinks into a pool of blood, becoming untargetable for 2 seconds. Additionally, enemies on the pool are slowed and Vladimir siphons life from them.Vladimir sinks into a pool of blood for 2 seconds, becoming untargetable and slowing enemies above him by 40%.Vladimir deals 80/135/190/245/300 (+15% of bonus Health) magic damage over the duration and heals himself for 15% of that amount.', '20% of current Health ', '26 / 23 / 20 / 17 / 14', '350', 3, 111);
INSERT INTO `mydb`.`ABILITES` (`ability_id`, `ABILITIY`, `Description`, `Cost`, `Cooldown`, `Ability_Range`, `ABILITIES_TYPE_abilities_type_id`, `CHAMPIONS_champion_id`) VALUES (574, 'Tides of Blood', 'Vladimir unleashes a torrent of blood, damaging surrounding enemies. Additionally, multiple Tides of Blood in a short period of time cause them to cost additional Health and deal additional damage, and increases his healing and regeneration.Vladimir unleashes a torrent of blood, dealing 60/85/110/135/160 (+45% Ability Power) magic damage to all nearby enemies.Each cast gives him an Empowered stack (max 4), increasing his healing and regeneration by 4/5/6/7/8% each for 10 seconds. Additionally, Tides of Blood cost and base damage increases by 25% per stack.', '30/40/50/60/70 Health ', '4.5', '610', 4, 111);
INSERT INTO `mydb`.`ABILITES` (`ability_id`, `ABILITIY`, `Description`, `Cost`, `Cooldown`, `Ability_Range`, `ABILITIES_TYPE_abilities_type_id`, `CHAMPIONS_champion_id`) VALUES (575, 'Hemoplague', 'Vladimir infects an area with a virulent plague. Affected enemies take increased damage for the duration. Hemoplague deals additional magic damage after a few seconds to infected enemies.Vladimir infects the target area with a virulent plague, causing 12% increased damage for 5 seconds. After 5 seconds, infected enemies take 150/250/350 (+70% Ability Power) magic damage.', 'N/A', '150 / 135 / 120', '625', 5, 111);
INSERT INTO `mydb`.`ABILITES` (`ability_id`, `ABILITIY`, `Description`, `Cost`, `Cooldown`, `Ability_Range`, `ABILITIES_TYPE_abilities_type_id`, `CHAMPIONS_champion_id`) VALUES (576, 'Chosen of the Storm', 'Volibear heals rapidly for a few seconds when his Health drops to a critical level.', 'N/A', '120', 'N/A', 1, 112);
INSERT INTO `mydb`.`ABILITES` (`ability_id`, `ABILITIY`, `Description`, `Cost`, `Cooldown`, `Ability_Range`, `ABILITIES_TYPE_abilities_type_id`, `CHAMPIONS_champion_id`) VALUES (577, 'Rolling Thunder', 'Volibear drops to all fours and runs faster. This bonus speed increases when chasing enemy champions. The first enemy he attacks is thrown backwards over Volibear.Volibear drops to all fours to hunt his enemies, gaining 15% Movement Speed for 4 seconds. This bonus is enhanced to 30/35/40/45/50% Movement Speed while moving toward enemy champions.Volibear\'s next attack during this time deals an additional 30/60/90/120/150 physical damage and flings the target behind him.', '40 Mana', '12 / 11 / 10 / 9 / 8', 'N/A', 2, 112);
INSERT INTO `mydb`.`ABILITES` (`ability_id`, `ABILITIY`, `Description`, `Cost`, `Cooldown`, `Ability_Range`, `ABILITIES_TYPE_abilities_type_id`, `CHAMPIONS_champion_id`) VALUES (578, 'Frenzy', 'Volibear\'s repeated attacks grant him additional Attack Speed. Once Volibear has repeatedly attacked three times, he can perform a vicious bite on his target which deals increased damage based on the target\'s missing Health.Passive: Volibear gains 8/11/14/17/20% Attack Speed with each attack. Stacks up to 3 times.Active: When Volibear has 3 stacks of Frenzy, he can bite an enemy to deal 80/125/170/215/260 (+15% of bonus Health) physical damage, increased by 1% for each 1% Health the target is missing. If Volibear bites a monster, Frenzy\'s cooldown is reduced by 50%.', '35 Mana', '18', '350', 3, 112);
INSERT INTO `mydb`.`ABILITES` (`ability_id`, `ABILITIY`, `Description`, `Cost`, `Cooldown`, `Ability_Range`, `ABILITIES_TYPE_abilities_type_id`, `CHAMPIONS_champion_id`) VALUES (579, 'Majestic Roar', 'Volibear lets out a powerful roar that damages and slows enemies. Minions and monsters are feared as well.Volibear deals 60/105/150/195/240 (+60% Ability Power) magic damage to nearby enemies and slows them by 30/35/40/45/50% for 3 seconds.Minions and monsters are feared as well.', '60/65/70/75/80 Mana ', '11', '425', 4, 112);
INSERT INTO `mydb`.`ABILITES` (`ability_id`, `ABILITIY`, `Description`, `Cost`, `Cooldown`, `Ability_Range`, `ABILITIES_TYPE_abilities_type_id`, `CHAMPIONS_champion_id`) VALUES (580, 'Thunder Claws', 'Volibear channels the power of the storm causing his attacks to blast his targets with lightning that bounces to other nearby enemies.Volibear channels the storm, causing all basic attacks for 12 seconds to deal 75/115/155 (+30% Ability Power) magic damage, which chains to 4 nearby enemies.', '100 Mana', '100 / 90 / 80', 'N/A', 5, 112);
INSERT INTO `mydb`.`ABILITES` (`ability_id`, `ABILITIY`, `Description`, `Cost`, `Cooldown`, `Ability_Range`, `ABILITIES_TYPE_abilities_type_id`, `CHAMPIONS_champion_id`) VALUES (581, 'Eternal Thirst', 'Each of Warwick\'s attacks will heal him. Each successive attack against the same target will steal more and more Health.', 'N/A', 'N/A', 'N/A', 1, 113);
INSERT INTO `mydb`.`ABILITES` (`ability_id`, `ABILITIY`, `Description`, `Cost`, `Cooldown`, `Ability_Range`, `ABILITIES_TYPE_abilities_type_id`, `CHAMPIONS_champion_id`) VALUES (582, 'Hungering Strike', 'Takes a bite out of an enemy unit and heals Warwick.Strikes an enemy for the greater value between 75/125/175/225/275 (+100% Ability Power) and 8/10/12/14/16% (+100% Ability Power) of the target\'s maximum Health as magic damage (can only do flat damage to monsters), and heals Warwick for 80% of the damage dealt.', '70/80/90/100/110 Mana ', '10 / 9 / 8 / 7 / 6', '400', 2, 113);
INSERT INTO `mydb`.`ABILITES` (`ability_id`, `ABILITIY`, `Description`, `Cost`, `Cooldown`, `Ability_Range`, `ABILITIES_TYPE_abilities_type_id`, `CHAMPIONS_champion_id`) VALUES (583, 'Hunters Call', 'Warwick lets out a howl, increasing all nearby friendly champions\' Attack Speed for a short time.Warwick lets out a howl that inspires all nearby allied champions, increasing Warwick\'s Attack Speed by 40/50/60/70/80% and all nearby friendly champions\' Attack Speed by half of that for 6 seconds.', '35 Mana', '24 / 22 / 20 / 18 / 16', '1250', 3, 113);
INSERT INTO `mydb`.`ABILITES` (`ability_id`, `ABILITIY`, `Description`, `Cost`, `Cooldown`, `Ability_Range`, `ABILITIES_TYPE_abilities_type_id`, `CHAMPIONS_champion_id`) VALUES (584, 'Blood Scent', 'Warwick passively senses weakened enemy champions around him. The scent of blood sends him into a fury, causing him to move at incredible speeds.Toggle: Warwick senses enemy champions under 50% Health within 1500/2300/3100/3900/4700 distance of him; while he detects a low-health enemy, he reveals them if they are not stealthed and gains 20/25/30/35/40% Movement Speed.', 'N/A', '4', '1600', 4, 113);
INSERT INTO `mydb`.`ABILITES` (`ability_id`, `ABILITIY`, `Description`, `Cost`, `Cooldown`, `Ability_Range`, `ABILITIES_TYPE_abilities_type_id`, `CHAMPIONS_champion_id`) VALUES (585, 'Infinite Duress', 'Warwick lunges at an enemy champion, suppressing his target and dealing magic damage for a few seconds.Warwick lunges in front of an enemy champion and suppresses them for 1.8 seconds. During this time, Warwick attacks his victim 5 times, dealing a total of 150/250/350 (+200% bonus Attack Damage) magic damage (triggers on-hit effects 5 times).Warwick gains 30% Life Steal for the duration.', '100/125/150 Mana ', '110 / 90 / 70', '700', 5, 113);
INSERT INTO `mydb`.`ABILITES` (`ability_id`, `ABILITIY`, `Description`, `Cost`, `Cooldown`, `Ability_Range`, `ABILITIES_TYPE_abilities_type_id`, `CHAMPIONS_champion_id`) VALUES (586, 'Stone Skin', 'Increases Wukong\'s Armor and Magic Resistance for each nearby enemy champion.', 'N/A', 'N/A', '1400', 1, 114);
INSERT INTO `mydb`.`ABILITES` (`ability_id`, `ABILITIY`, `Description`, `Cost`, `Cooldown`, `Ability_Range`, `ABILITIES_TYPE_abilities_type_id`, `CHAMPIONS_champion_id`) VALUES (587, 'Crushing Blow', 'Wukong\'s next attack deals additional physical damage, gains range, and reduces the enemy\'s Armor for a short duration.Wukong\'s next attack gains 125 Attack Range, deals 30/60/90/120/150 (+110% Attack Damage) physical damage and reduces the enemy\'s Armor by 10/15/20/25/30% for 3 seconds.', '40 Mana', '9 / 8 / 7 / 6 / 5', 'N/A', 2, 114);
INSERT INTO `mydb`.`ABILITES` (`ability_id`, `ABILITIY`, `Description`, `Cost`, `Cooldown`, `Ability_Range`, `ABILITIES_TYPE_abilities_type_id`, `CHAMPIONS_champion_id`) VALUES (588, 'Decoy', 'Wukong becomes invisible for 1.5 seconds. An uncontrollable decoy is left behind that will deal Magic Damage to enemies near it after 1.5 seconds.Wukong becomes invisible for 1.5 seconds. An uncontrollable decoy is left behind that will deal 70/115/160/205/250 (+60% Ability Power) Magic Damage to enemies near it after 1.5 seconds.', '50/55/60/65/70 Mana ', '18 / 16 / 14 / 12 / 10', 'N/A', 3, 114);
INSERT INTO `mydb`.`ABILITES` (`ability_id`, `ABILITIY`, `Description`, `Cost`, `Cooldown`, `Ability_Range`, `ABILITIES_TYPE_abilities_type_id`, `CHAMPIONS_champion_id`) VALUES (589, 'Nimbus Strike', 'Wukong dashes toward a target enemy and sends out images to attack up to 2 additional enemies near his target, dealing physical damage to each enemy struck.Wukong dashes toward a target enemy and sends out images to attack up to 2 additional enemies near his target, dealing 60/105/150/195/240 (+80% bonus Attack Damage) physical damage to each enemy struck. Upon hitting his target, Wukong gains 30/35/40/45/50% Attack Speed for 4 seconds.', '45/50/55/60/65 Mana ', '8', '650', 4, 114);
INSERT INTO `mydb`.`ABILITES` (`ability_id`, `ABILITIY`, `Description`, `Cost`, `Cooldown`, `Ability_Range`, `ABILITIES_TYPE_abilities_type_id`, `CHAMPIONS_champion_id`) VALUES (590, 'Cyclone', 'Wukong\'s staff grows outward and he spins it around, dealing damage and knocking up enemies. Wukong gains Movement Speed over the duration of the spell.Wukong\'s staff grows outward and he spins it around, dealing 20/110/200 (+120% Attack Damage) physical damage per second and knocking up enemies he encounters. Wukong gains Movement Speed over the duration of the spell. Lasts 4 seconds.', '100 Mana', '120 / 105 / 90', '315', 5, 114);
INSERT INTO `mydb`.`ABILITES` (`ability_id`, `ABILITIY`, `Description`, `Cost`, `Cooldown`, `Ability_Range`, `ABILITIES_TYPE_abilities_type_id`, `CHAMPIONS_champion_id`) VALUES (591, 'Mana Surge', 'Xerath\'s basic attacks periodically restore Mana.', 'N/A', '12', 'N/A', 1, 115);
INSERT INTO `mydb`.`ABILITES` (`ability_id`, `ABILITIY`, `Description`, `Cost`, `Cooldown`, `Ability_Range`, `ABILITIES_TYPE_abilities_type_id`, `CHAMPIONS_champion_id`) VALUES (592, 'Arcanopulse', 'Fires a long-range beam of energy, dealing magic damage to all targets hit.First cast: Xerath charges Arcanopulse, gradually decreasing his Movement Speed while increasing the spell\'s range.Second cast: Xerath fires Arcanopulse, dealing 80/120/160/200/240 (+75% Ability Power) magic damage to all enemies in a line.While charging Arcanopulse, Xerath cannot attack or cast other spells. If Xerath does not fire the spell, half the Mana cost is refunded.', '80/90/100/110/120 Mana', '9 / 8 / 7 / 6 / 5', '750', 2, 115);
INSERT INTO `mydb`.`ABILITES` (`ability_id`, `ABILITIY`, `Description`, `Cost`, `Cooldown`, `Ability_Range`, `ABILITIES_TYPE_abilities_type_id`, `CHAMPIONS_champion_id`) VALUES (593, 'Eye of Destruction', 'Calls down a barrage of arcane energy, slowing and dealing magic damage to all enemies in an area. Targets in the middle receive additional damage and a stronger slow.Xerath calls down a blast of arcane energy, dealing 60/90/120/150/180 (+60% Ability Power) magic damage to all enemies within the target area, slowing them by 10% for 2.5 seconds. Enemies in the center of the blast take 0 (+0) magic damage and are slowed by 60/65/70/75/80%. This slow decays rapidly.', '70/80/90/100/110 Mana ', '14 / 13 / 12 / 11 / 10', '1100', 3, 115);
INSERT INTO `mydb`.`ABILITES` (`ability_id`, `ABILITIY`, `Description`, `Cost`, `Cooldown`, `Ability_Range`, `ABILITIES_TYPE_abilities_type_id`, `CHAMPIONS_champion_id`) VALUES (594, 'Shocking Orb', 'Deals magic damage to an enemy and stuns them.Xerath fires an orb of raw magic. The first enemy hit takes 80/110/140/170/200 (+45% Ability Power) magic damage and is stunned for between 0.75 and 1.75 seconds. The stun duration lengthens based on how far the orb travels.', '60/65/70/75/80 Mana ', '13 / 12.5 / 12 / 11.5 / 11', '1050', 4, 115);
INSERT INTO `mydb`.`ABILITES` (`ability_id`, `ABILITIY`, `Description`, `Cost`, `Cooldown`, `Ability_Range`, `ABILITIES_TYPE_abilities_type_id`, `CHAMPIONS_champion_id`) VALUES (595, 'Rite of the Arcane', 'Xerath immobilizes himself and gains three shots of a long-range attack.Xerath ascends to his true form, becoming rooted in place and gaining 3 Arcane Barrages. This magic artillery deals 190/245/300 (+43% Ability Power) magic damage to all enemies hit.The root ends after 10 seconds, when all shots have been fired or when manually deactivated by issuing a move command. If Xerath does not fire off a single Arcane Barrage, half of the cooldown of Rite of the Arcane is refunded.', '100 Mana ', '130 / 115 / 100', '3200/4400/5600', 5, 115);
INSERT INTO `mydb`.`ABILITES` (`ability_id`, `ABILITIY`, `Description`, `Cost`, `Cooldown`, `Ability_Range`, `ABILITIES_TYPE_abilities_type_id`, `CHAMPIONS_champion_id`) VALUES (596, 'Challenge', 'Xin Zhao challenges his target with his basic attacks and Audacious Charge, reducing its Armor by 15% for 3 seconds.', 'N/A', 'N/A', 'N/A', 1, 116);
INSERT INTO `mydb`.`ABILITES` (`ability_id`, `ABILITIY`, `Description`, `Cost`, `Cooldown`, `Ability_Range`, `ABILITIES_TYPE_abilities_type_id`, `CHAMPIONS_champion_id`) VALUES (597, 'Three Talon Strike', 'Xin Zhao\'s next 3 standard attacks deal increased damage that reduce his other ability cooldowns, with the third attack knocking an opponent into the air.Xin Zhao\'s next 3 basic attacks deal 15/30/45/60/75 (+125% Attack Damage) bonus physical damage and reduce his other abilities\' cooldowns by 1 second. The final strike also knocks the target into the air.', '30 Mana', '9 / 8 / 7 / 6 / 5', 'N/A', 2, 116);
INSERT INTO `mydb`.`ABILITES` (`ability_id`, `ABILITIY`, `Description`, `Cost`, `Cooldown`, `Ability_Range`, `ABILITIES_TYPE_abilities_type_id`, `CHAMPIONS_champion_id`) VALUES (598, 'Battle Cry', 'Xin Zhao passively heals every 3 attacks and can activate this ability to attack faster.Passive: Xin Zhao heals himself for 30/35/40/45/50 (+70% Ability Power) every third basic attack.Active: Xin Zhao unleashes a battle cry, increasing his Attack Speed by 40/50/60/70/80% for 5 seconds.', '40 Mana', '16 / 15 / 14 / 13 / 12', 'N/A', 3, 116);
INSERT INTO `mydb`.`ABILITES` (`ability_id`, `ABILITIY`, `Description`, `Cost`, `Cooldown`, `Ability_Range`, `ABILITIES_TYPE_abilities_type_id`, `CHAMPIONS_champion_id`) VALUES (599, 'Audacious Charge', 'Xin Zhao charges an enemy, dealing damage and slowing all enemies in the area.Xin Zhao charges and challenges an enemy. The charge deals 70/110/150/190/230 (+60% Ability Power) magic damage to all nearby enemies and slows them by 25/30/35/40/45% for 2 seconds.', '60 Mana', '14 / 13 / 12 / 11 / 10', '650', 4, 116);
INSERT INTO `mydb`.`ABILITES` (`ability_id`, `ABILITIY`, `Description`, `Cost`, `Cooldown`, `Ability_Range`, `ABILITIES_TYPE_abilities_type_id`, `CHAMPIONS_champion_id`) VALUES (600, 'Crescent Sweep', 'Xin Zhao deals damage to nearby enemies based on their current Health and knocks non-challenged targets back. Xin Zhao gains bonus Armor and Magic Resist based on number of champions hit.Xin Zhao unleashes a sweep around him that deals 75/175/275 (+100% bonus Attack Damage) plus 15% of target\'s current Health in physical damage and knocks enemies back (max 600 vs minions and monsters). Xin Zhao gains 15/20/25 Armor and Magic Resist for 6 seconds for each champion hit.', '100 Mana', '120 / 110 / 100', '500', 5, 116);
INSERT INTO `mydb`.`ABILITES` (`ability_id`, `ABILITIY`, `Description`, `Cost`, `Cooldown`, `Ability_Range`, `ABILITIES_TYPE_abilities_type_id`, `CHAMPIONS_champion_id`) VALUES (601, 'Way of the Wanderer', 'Yasuo\'s Critical Strike Chance is doubled. Additionally, Yasuo builds toward a shield whenever he is moving. The shield triggers when he takes damage from a champion or monster.', 'N/A', 'N/A', 'N/A', 1, 117);
INSERT INTO `mydb`.`ABILITES` (`ability_id`, `ABILITIY`, `Description`, `Cost`, `Cooldown`, `Ability_Range`, `ABILITIES_TYPE_abilities_type_id`, `CHAMPIONS_champion_id`) VALUES (602, 'Steel Tempest', 'A skillshot basic attack. After two successful Steel Tempests, the next fires a tornado that knocks enemies Airborne.Thrusts forward, dealing 20/40/60/80/100 (+100% Attack Damage) physical damage.On hit, Steel Tempest grants a stack of Gathering Storm for 10 seconds. At 2 stacks, Steel Tempest fires a whirlwind that knocks Airborne.Steel Tempest is treated as a basic attack: It can critically strike, applies on-hit effects, and its cooldown and cast time are reduced by Attack Speed.If cast while dashing, Steel Tempest will strike as a circle.', 'N/A', '4', '475', 2, 117);
INSERT INTO `mydb`.`ABILITES` (`ability_id`, `ABILITIY`, `Description`, `Cost`, `Cooldown`, `Ability_Range`, `ABILITIES_TYPE_abilities_type_id`, `CHAMPIONS_champion_id`) VALUES (603, 'Wind Wall', 'Creates a moving wall that blocks enemy projectiles.Creates a moving wall that blocks all enemy projectiles for 4 seconds.', 'N/A', '26 / 24 / 22 / 20 / 18', '400', 3, 117);
INSERT INTO `mydb`.`ABILITES` (`ability_id`, `ABILITIY`, `Description`, `Cost`, `Cooldown`, `Ability_Range`, `ABILITIES_TYPE_abilities_type_id`, `CHAMPIONS_champion_id`) VALUES (604, 'Sweeping Blade', 'Dashes through a unit, dealing escalating Magic Damage with each cast.Dashes through target enemy, dealing 70/90/110/130/150 (+60% Ability Power) Magic Damage. Each cast increases your next dash\'s base Damage by 25%, up to 50%.Cannot be re-cast on the same enemy for 10/9/8/7/6 seconds.If cast while dashing, Steel Tempest will strike as a circle.', 'N/A', '10 / 9 / 8 / 7 / 6', '475', 4, 117);
INSERT INTO `mydb`.`ABILITES` (`ability_id`, `ABILITIY`, `Description`, `Cost`, `Cooldown`, `Ability_Range`, `ABILITIES_TYPE_abilities_type_id`, `CHAMPIONS_champion_id`) VALUES (605, 'Last Breath', 'Moves to a unit and strikes them repeatedly for heavy damage. Can only be cast on Airborne targets.Blinks to an Airborne enemy champion, dealing 200/300/400 (+150% bonus Attack Damage) physical damage and holding all Airborne enemies in the area in the air for an additional 1 second. Grants maximum Flow but resets all stacks of Gathering Storm.For 15 seconds, Yasuo gains 50% Bonus Armor Penetration - this affects Armor from items, buffs, runes and masteries.', 'N/A', '80 / 55 / 30', '1200', 5, 117);
INSERT INTO `mydb`.`ABILITES` (`ability_id`, `ABILITIY`, `Description`, `Cost`, `Cooldown`, `Ability_Range`, `ABILITIES_TYPE_abilities_type_id`, `CHAMPIONS_champion_id`) VALUES (606, 'Unholy Covenant', 'Yorick takes 5% reduced damage and his basic attacks deal 5% more damage for each summon that is active. Meanwhile, Yorick\'s ghouls have 35% of Yorick\'s Attack Damage and Health.', 'N/A', 'N/A', 'N/A', 1, 118);
INSERT INTO `mydb`.`ABILITES` (`ability_id`, `ABILITIY`, `Description`, `Cost`, `Cooldown`, `Ability_Range`, `ABILITIES_TYPE_abilities_type_id`, `CHAMPIONS_champion_id`) VALUES (607, 'Omen of War', 'Yorick\'s next attack will deal bonus physical damage and summon a Spectral Ghoul that deals additional damage and moves faster than Yorick\'s other ghouls. While the Spectral Ghoul is alive, Yorick moves faster as well.Yorick\'s next attack will deal 30/60/90/120/150 (+120% Attack Damage) physical damage and summon a Spectral Ghoul for up to 5 seconds.The Spectral Ghoul deals 8/16/24/32/40 additional damage per hit and moves 15/20/25/30/35% faster. While the ghoul is active, Yorick moves 15/20/25/30/35% faster as well.', '40 Mana', '9 / 8 / 7 / 6 / 5', 'N/A', 2, 118);
INSERT INTO `mydb`.`ABILITES` (`ability_id`, `ABILITIY`, `Description`, `Cost`, `Cooldown`, `Ability_Range`, `ABILITIES_TYPE_abilities_type_id`, `CHAMPIONS_champion_id`) VALUES (608, 'Omen of Pestilence', 'Yorick summons a Decaying Ghoul that arrives with a violent explosion, dealing damage and slowing nearby enemies. While the Decaying Ghoul remains alive, nearby enemies continue to be slowed.Yorick summons a Decaying Ghoul that arrives with a violent explosion, dealing 60/95/130/165/200 (+100% Ability Power) magic damage and slowing nearby enemies by 20/25/30/35/40% for 1.5 seconds. While the Decaying Ghoul remains alive, nearby enemies continue to be slowed by 10/12.5/15/17.5/20% for up to 5 seconds.', '55/60/65/70/75 Mana ', '12', '600', 3, 118);
INSERT INTO `mydb`.`ABILITES` (`ability_id`, `ABILITIY`, `Description`, `Cost`, `Cooldown`, `Ability_Range`, `ABILITIES_TYPE_abilities_type_id`, `CHAMPIONS_champion_id`) VALUES (609, 'Omen of Famine', 'Yorick steals life from his target and summons a Ravenous Ghoul that heals Yorick for the damage it deals.Yorick deals 55/85/115/145/175 (+100% bonus Attack Damage) magic damage and heals for up to 40% of the damage dealt. A Ravenous Ghoul is summoned behind his target for up to 5 seconds, healing Yorick for the damage it deals (healing from ghoul damage halved against minions and monsters).', '55/60/65/70/75 Mana ', '10 / 9 / 8 / 7 / 6', '550', 4, 118);
INSERT INTO `mydb`.`ABILITES` (`ability_id`, `ABILITIY`, `Description`, `Cost`, `Cooldown`, `Ability_Range`, `ABILITIES_TYPE_abilities_type_id`, `CHAMPIONS_champion_id`) VALUES (610, 'Omen of Death', 'Yorick conjures a revenant in the image of one of his allies. If his ally dies while its revenant is alive, the revenant sacrifices itself to reanimate them and give them time to enact vengeance.Yorick conjures a revenant in the image of a target allied champion. Revenants deal 45/60/75% of target ally\'s Attack Damage and last for 10 seconds. If his ally dies while its revenant is alive, the revenant sacrifices itself to reanimate them for up to 10 seconds.The revenant can be controlled by holding the alt key and using the right mouse button or by reactivating this ability.', '100 Mana', '120 / 105 / 90', '850', 5, 118);
INSERT INTO `mydb`.`ABILITES` (`ability_id`, `ABILITIY`, `Description`, `Cost`, `Cooldown`, `Ability_Range`, `ABILITIES_TYPE_abilities_type_id`, `CHAMPIONS_champion_id`) VALUES (611, 'Cell Division', 'Each time Zac hits an enemy with an ability, he sheds a chunk of himself that can be reabsorbed to restore Health. Upon taking fatal damage, Zac splits into 4 bloblets that attempt to recombine. If any bloblets remain after 8 seconds, he will revive with an amount of Health depending on the Health of the surviving bloblets. Each bloblet has a percentage of Zac\'s maximum Health, Armor and Magic Resistance. This ability has a 5 minute cooldown.', 'N/A', '300', 'N/A', 1, 119);
INSERT INTO `mydb`.`ABILITES` (`ability_id`, `ABILITIY`, `Description`, `Cost`, `Cooldown`, `Ability_Range`, `ABILITIES_TYPE_abilities_type_id`, `CHAMPIONS_champion_id`) VALUES (612, 'Stretching Strike', 'Zac extends his arms, slowing and dealing damage to nearby enemies.Smacks enemies, dealing 70/110/150/190/230 (+50% Ability Power) Magic Damage and slowing them by 20/25/30/35/40% for 2 seconds.', '4% of current Health ', '9 / 8.5 / 8 / 7.5 / 7', '550', 2, 119);
INSERT INTO `mydb`.`ABILITES` (`ability_id`, `ABILITIY`, `Description`, `Cost`, `Cooldown`, `Ability_Range`, `ABILITIES_TYPE_abilities_type_id`, `CHAMPIONS_champion_id`) VALUES (613, 'Unstable Matter', 'Zac\'s body erupts, damaging nearby enemies.Zac\'s body erupts, dealing 40/55/70/85/100 Magic Damage +4/5/6/7/8 (+2% Ability Power)% of the enemy\'s maximum Health as Magic Damage to all nearby enemies (Max: 200 damage against minions and monsters).When Zac reabsorbes a piece of himself, Unstable Matter\'s cooldown is reduced by 1 second.', '4% of current Health ', '5', '350', 3, 119);
INSERT INTO `mydb`.`ABILITES` (`ability_id`, `ABILITIY`, `Description`, `Cost`, `Cooldown`, `Ability_Range`, `ABILITIES_TYPE_abilities_type_id`, `CHAMPIONS_champion_id`) VALUES (614, 'Elastic Slingshot', 'Zac attaches his arms to the ground and stretches back, launching himself forward.Charges up and launches towards a target area, knocking up enemies.Zac faces the cursor and charges up over 0.9/1/1.1/1.2/1.3 seconds. Reactivating the ability launches him towards his target, dealing 80/130/180/230/280 (+70% Ability Power) Magic Damage to all enemies hit and knocking them back for 1 seconds.In addition, Zac will spawn extra chunks if he hits multiple enemy champions.Can be cancelled by moving, refunding half of the ability\'s cooldown and cost.', '4% of current Health ', '24 / 21 / 18 / 15 / 12', '300', 4, 119);
INSERT INTO `mydb`.`ABILITES` (`ability_id`, `ABILITIY`, `Description`, `Cost`, `Cooldown`, `Ability_Range`, `ABILITIES_TYPE_abilities_type_id`, `CHAMPIONS_champion_id`) VALUES (615, 'Let\'s Bounce!', 'Zac launches into the air, gaining Movement Speed, and slams down three times, each time damaging, slowing and knocking up nearby enemies.Zac bounces 4 times, knocking up and slowing enemies.Each bounce deals 140/210/280 (+40% Ability Power) Magic Damage to nearby enemies, knocks them up for 1 second, and slows them by 20% for 1 second. Enemies hit more than once take half damage and are not knocked up. Upon activation, Zac removes all slows affecting him and gains an accelerating Movement Speed buff (20-50%) for the duration.Zac can right-click to move and can activate Unstable Matter while in the air.', 'N/A', '130 / 115 / 100', '300', 5, 119);
INSERT INTO `mydb`.`ABILITES` (`ability_id`, `ABILITIY`, `Description`, `Cost`, `Cooldown`, `Ability_Range`, `ABILITIES_TYPE_abilities_type_id`, `CHAMPIONS_champion_id`) VALUES (616, 'Contempt for the Weak', 'Zed\'s basic attacks against targets below 50% Health deal 6-10% of the target\'s maximum Health as bonus Magic Damage. This effect can only occur once every 10 seconds on the same target.', 'N/A', '10', 'N/A', 1, 120);
INSERT INTO `mydb`.`ABILITES` (`ability_id`, `ABILITIY`, `Description`, `Cost`, `Cooldown`, `Ability_Range`, `ABILITIES_TYPE_abilities_type_id`, `CHAMPIONS_champion_id`) VALUES (617, 'Razor Shuriken', 'Zed and his shadow both throw their spinning blades forward, dealing damage to any targets they pass through.Zed and his shadows throw their shurikens, each dealing 75/115/155/195/235 (+100% bonus Attack Damage) physical damage to the first enemy they pass through, and 45/69/93/117/141 (+60% bonus Attack Damage) physical damage to each additional enemy.Additional shurikens that hit the same enemy deal 50% less damage than the previous shuriken.', '75/70/65/60/55 Energy', '6', '900', 2, 120);
INSERT INTO `mydb`.`ABILITES` (`ability_id`, `ABILITIY`, `Description`, `Cost`, `Cooldown`, `Ability_Range`, `ABILITIES_TYPE_abilities_type_id`, `CHAMPIONS_champion_id`) VALUES (618, 'Living Shadow', 'Zed\'s shadow dashes forward, remaining in place for 4 seconds, and mimicking his spell casts. Zed can reactivate to swap places with the shadow. Zed\'s Attack Damage is passively increased.Passive: Grants 5/10/15/20/25% additional bonus Attack Damage .Zed\'s shadow dashes forward, remaining in place for 4 seconds. Reactivating Living Shadow will cause Zed to switch positions with this shadow.Zed\'s shadows mimic his abilities. If an ability strikes any target twice, Zed restores 20/25/30/35/40 energy. Energy can only be restored once per mimicked ability.', '40/35/30/25/20 Energy ', '18 / 17 / 16 / 15 / 14', '550', 3, 120);
INSERT INTO `mydb`.`ABILITES` (`ability_id`, `ABILITIY`, `Description`, `Cost`, `Cooldown`, `Ability_Range`, `ABILITIES_TYPE_abilities_type_id`, `CHAMPIONS_champion_id`) VALUES (619, 'Shadow Slash', 'Zed and his shadow spin their blades, creating a burst of shadow energy. The shadow\'s spin slows.Zed and his shadow slash, dealing 60/90/120/150/180 (+80% bonus Attack Damage) physical damage to nearby enemies. Each enemy champion hit by Zed\'s Shadow Slash reduces Living Shadow\'s cooldown by 2 seconds.Each enemy hit by a mimicked Shadow Slash will be slowed by 20/25/30/35/40% for 1.5 seconds.Enemies hit by both Shadow Slashes will be slowed by 30/37.5/45/52.5/60% but will not take additional damage.', '50 Energy', '4', '290', 4, 120);
INSERT INTO `mydb`.`ABILITES` (`ability_id`, `ABILITIY`, `Description`, `Cost`, `Cooldown`, `Ability_Range`, `ABILITIES_TYPE_abilities_type_id`, `CHAMPIONS_champion_id`) VALUES (620, 'Death Mark', 'ed leaves a shadow behind and dashes to target Champion, marking them for death. After 3 seconds, the mark will trigger, dealing a percentage of the damage Zed has dealt while the mark was active.Zed briefly becomes untargetable and spawns a shadow at his location that lasts for 6 seconds.He then dashes to target champion and marks them for death. After 3 seconds, the mark will trigger, dealing physical damage equal to 100% Attack Damage plus 20/35/50% of all Magic and Physical Damage dealt to the target by Zed and his shadows while the mark was active.Reactivating Death Mark will cause Zed to switch positions with this shadow.', 'N/A', '120 / 100 / 80', '625', 5, 120);
INSERT INTO `mydb`.`ABILITES` (`ability_id`, `ABILITIY`, `Description`, `Cost`, `Cooldown`, `Ability_Range`, `ABILITIES_TYPE_abilities_type_id`, `CHAMPIONS_champion_id`) VALUES (621, 'Short Fuse', 'Every 12 seconds, Ziggs\' next basic attack deals bonus magic damage. This cooldown is reduced whenever Ziggs uses an ability.', 'N/A', '12', 'N/A', 1, 121);
INSERT INTO `mydb`.`ABILITES` (`ability_id`, `ABILITIY`, `Description`, `Cost`, `Cooldown`, `Ability_Range`, `ABILITIES_TYPE_abilities_type_id`, `CHAMPIONS_champion_id`) VALUES (622, 'Bouncing Bomb', 'Ziggs throws a bouncing bomb that deals magic damage.Ziggs throws a bouncing bomb that deals 75/120/165/210/255 (+65% Ability Power) magic damage.', '50/60/70/80/90 Mana ', '6 / 5.5 / 5 / 4.5 / 4', '850', 2, 121);
INSERT INTO `mydb`.`ABILITES` (`ability_id`, `ABILITIY`, `Description`, `Cost`, `Cooldown`, `Ability_Range`, `ABILITIES_TYPE_abilities_type_id`, `CHAMPIONS_champion_id`) VALUES (623, 'Satchel Charge', 'Ziggs flings an explosive charge that detonates after 4 seconds, or when this ability is activated again. The explosion deals magic damage to enemies, knocking them away. Ziggs is also knocked away, but takes no damage.Ziggs flings an explosive charge that detonates after 4 seconds, or when this ability is activated again. The explosion deals 70/105/140/175/210 (+35% Ability Power) magic damage to enemies, knocking them away.Ziggs is also knocked away, but takes no damage.', '65 Mana', '26 / 24 / 22 / 20 / 18', '1000', 3, 121);
INSERT INTO `mydb`.`ABILITES` (`ability_id`, `ABILITIY`, `Description`, `Cost`, `Cooldown`, `Ability_Range`, `ABILITIES_TYPE_abilities_type_id`, `CHAMPIONS_champion_id`) VALUES (624, 'Hexplosive Minefield', 'Ziggs scatters proximity mines that detonate on enemy contact, dealing magic damage and slowing.Ziggs scatters proximity mines that detonate on enemy contact, dealing 40/65/90/115/140 (+30% Ability Power) magic damage. Enemies hit are slowed by 20/25/30/35/40% for 1.5 seconds.Enemies triggering a mine take 40% damage from additional mines. Mines disarm automatically after 10 seconds.', '70/80/90/100/110 Mana ', '16', '900', 4, 121);
INSERT INTO `mydb`.`ABILITES` (`ability_id`, `ABILITIY`, `Description`, `Cost`, `Cooldown`, `Ability_Range`, `ABILITIES_TYPE_abilities_type_id`, `CHAMPIONS_champion_id`) VALUES (625, 'Mega Inferno Bomb', 'Ziggs deploys his ultimate creation, the Mega Inferno Bomb, hurling it an enormous distance. Enemies in the primary blast zone take more damage than those farther away.Ziggs deploys his ultimate creation, the Mega Inferno Bomb, hurling it an enormous distance. Enemies in the primary blast zone take 250/375/500 (+90% Ability Power) magic damage. Enemies farther away take 80% damage. Minions take double damage.', '100 Mana', '120', '5300', 5, 121);
INSERT INTO `mydb`.`ABILITES` (`ability_id`, `ABILITIY`, `Description`, `Cost`, `Cooldown`, `Ability_Range`, `ABILITIES_TYPE_abilities_type_id`, `CHAMPIONS_champion_id`) VALUES (626, 'Heightened Learning', 'Zilean and his nearby allied champions receive 8% additional experience.', 'N/A', 'N/A', '1500', 1, 122);
INSERT INTO `mydb`.`ABILITES` (`ability_id`, `ABILITIY`, `Description`, `Cost`, `Cooldown`, `Ability_Range`, `ABILITIES_TYPE_abilities_type_id`, `CHAMPIONS_champion_id`) VALUES (627, 'Time Bomb', 'Tosses a bomb to target area that sticks to units that come near it (prioritizes Champions). It detonates after 3 seconds, dealing area of effect damage. If a Time Bomb is detonated early by another Time Bomb, it also stuns enemies.Zilean tosses a time-delayed bomb to a location. The bomb sticks to the first unit which comes within a small area around it (prioritizes Champions). After 3 seconds it detonates, dealing 75/115/165/230/300 (+90% Ability Power) magic damage to all surrounding enemies. Placing two bombs on a unit detonates the first bomb early, stunning all enemies in the blast for 1.1/1.2/1.3/1.4/1.5 seconds.', '70/85/100/115/130 Mana ', '10 / 9.5 / 9 / 8.5 / 8', '700', 2, 122);
INSERT INTO `mydb`.`ABILITES` (`ability_id`, `ABILITIY`, `Description`, `Cost`, `Cooldown`, `Ability_Range`, `ABILITIES_TYPE_abilities_type_id`, `CHAMPIONS_champion_id`) VALUES (628, 'Rewind', 'Zilean can prepare himself for future confrontations, reducing the cooldowns his other basic abilities.Reduces Zilean\'s other basic spell cooldowns by 10 seconds.', '50 Mana', '14 / 12 / 10 / 8 / 6', 'N/A', 3, 122);
INSERT INTO `mydb`.`ABILITES` (`ability_id`, `ABILITIY`, `Description`, `Cost`, `Cooldown`, `Ability_Range`, `ABILITIES_TYPE_abilities_type_id`, `CHAMPIONS_champion_id`) VALUES (629, 'Time Warp', 'Zilean bends time around any unit, decreasing an enemy\'s Movement Speed or increasing an ally\'s Movement Speed for a short time.Zilean increases an allied champion\'s Movement Speed, or slows an enemy champion, by 40/55/70/85/99% for 2.5 seconds.', '80 Mana', '15', '700', 4, 122);
INSERT INTO `mydb`.`ABILITES` (`ability_id`, `ABILITIY`, `Description`, `Cost`, `Cooldown`, `Ability_Range`, `ABILITIES_TYPE_abilities_type_id`, `CHAMPIONS_champion_id`) VALUES (630, 'Chronoshift', 'Zilean places a protective time rune on an allied champion, teleporting the champion back in time if they take lethal damage.Zilean marks himself or an allied champion with a protective time rune for 5 seconds. If the target would take lethal damage, they are instead transported back in time, regaining 600/850/1100 (+200% Ability Power) Health.', '125/150/175 Mana ', '120 / 90 / 60', '900', 5, 122);
INSERT INTO `mydb`.`ABILITES` (`ability_id`, `ABILITIY`, `Description`, `Cost`, `Cooldown`, `Ability_Range`, `ABILITIES_TYPE_abilities_type_id`, `CHAMPIONS_champion_id`) VALUES (631, 'Rise of the Thorns', 'When Zyra dies, she briefly returns to her plant form. After 2 seconds, she can press any ability to fire a thorn toward her cursor, dealing true damage to each enemy it strikes.', 'N/A', 'N/A', '1500', 1, 123);
INSERT INTO `mydb`.`ABILITES` (`ability_id`, `ABILITIY`, `Description`, `Cost`, `Cooldown`, `Ability_Range`, `ABILITIES_TYPE_abilities_type_id`, `CHAMPIONS_champion_id`) VALUES (632, 'Deadly Bloom', 'Zyra grows a bud at target location. After a brief delay, it explodes, launching damaging thorns at all nearby enemies. If cast upon a seed, Deadly Bloom grows a Thorn Spitter plant, which fires at enemies from afar.Thorns shoot from the ground, dealing 70/105/140/175/210 (+65% Ability Power) magic damage to enemies within the area.Rampant Growth: If Deadly Bloom hits a seed, a Thorn Spitter grows, dealing 23 + (6.5 × level) (+20% Ability Power) magic damage. A Thorn Spitter has 750 range and lasts 10 seconds.', '75/80/85/90/95 Mana ', '7 / 6.5 / 6 / 5.5 / 5', '800', 2, 123);
INSERT INTO `mydb`.`ABILITES` (`ability_id`, `ABILITIY`, `Description`, `Cost`, `Cooldown`, `Ability_Range`, `ABILITIES_TYPE_abilities_type_id`, `CHAMPIONS_champion_id`) VALUES (633, 'Rampant Growth', 'Zyra plants a seed, granting vision of an area for up to 30 seconds.Other spells cast on seeds will turn them into plants, who fight for Zyra.Additionally passively grants her Cooldown Reduction.Grants 2/4/6/8/10% Cooldown Reduction.Active: Plants a seed, lasting 30 seconds. If an enemy Champion steps on a seed, it will be destroyed but they will be revealed for 2 seconds.Zyra stores a seed every 17/16/15/14/13 seconds(Max: 2 seeds stored, 4 seeds planted).Rampant Growth:Cast spells on seeds to grow plants.Plant damage is based on Zyra\'s level.Extra plants striking the same', '1 Seed', '16.7 / 15.4 / 14.1 / 12.9 / 11.7', '850', 3, 123);
INSERT INTO `mydb`.`ABILITES` (`ability_id`, `ABILITIY`, `Description`, `Cost`, `Cooldown`, `Ability_Range`, `ABILITIES_TYPE_abilities_type_id`, `CHAMPIONS_champion_id`) VALUES (634, 'Grasping Roots', 'Zyra sends forth vines through the ground to ensnare her target, dealing damage and rooting enemies they come across. If cast upon a seed, Grasping Roots grows a Vine Lasher, whose short range attacks reduce enemy Movement Speed.Sends forward vines dealing 60/95/130/165/200 (+50% Ability Power) magic damage and rooting enemies for 0.75/1/1.25/1.5/1.75 second.Rampant Growth: If Grasping Roots hits a seed, a Vine Lasher grows dealing 23 + (6.5 × level) (+20% Ability Power) magic damage and slowing enemies by 30% for 2 seconds. A Vine Lasher has 400 range and lasts 10 seconds.', '70/75/80/85/90 Mana ', '12', '1100', 4, 123);
INSERT INTO `mydb`.`ABILITES` (`ability_id`, `ABILITIY`, `Description`, `Cost`, `Cooldown`, `Ability_Range`, `ABILITIES_TYPE_abilities_type_id`, `CHAMPIONS_champion_id`) VALUES (635, 'Stranglethorns', 'Zyra summons a twisted thicket at her target location, dealing damage to enemies as it expands and knocking them airborne as it contracts.Summons the fury of nature, growing a twisted thicket at target location which deals 180/265/350 (+70% Ability Power) magic damage to all enemies in the area as it expands. After 2 seconds, the vines snap upward knocking enemies into the air.Rampant Growth: Plants within the thicket are enraged, increasing their Attack Speed by 50%.', '100/120/140 Mana ', '130 / 120 / 110', '700', 5, 123);

COMMIT;


-- -----------------------------------------------------
-- Data for table `mydb`.`CHAMPIONS_has_ITEMS`
-- -----------------------------------------------------
START TRANSACTION;
USE `mydb`;
INSERT INTO `mydb`.`CHAMPIONS_has_ITEMS` (`CHAMPIONS_champion_id`, `ITEMS_item_number`) VALUES (1, 1);
INSERT INTO `mydb`.`CHAMPIONS_has_ITEMS` (`CHAMPIONS_champion_id`, `ITEMS_item_number`) VALUES (2, 2);
INSERT INTO `mydb`.`CHAMPIONS_has_ITEMS` (`CHAMPIONS_champion_id`, `ITEMS_item_number`) VALUES (3, 3);
INSERT INTO `mydb`.`CHAMPIONS_has_ITEMS` (`CHAMPIONS_champion_id`, `ITEMS_item_number`) VALUES (4, 4);
INSERT INTO `mydb`.`CHAMPIONS_has_ITEMS` (`CHAMPIONS_champion_id`, `ITEMS_item_number`) VALUES (5, 5);
INSERT INTO `mydb`.`CHAMPIONS_has_ITEMS` (`CHAMPIONS_champion_id`, `ITEMS_item_number`) VALUES (6, 6);
INSERT INTO `mydb`.`CHAMPIONS_has_ITEMS` (`CHAMPIONS_champion_id`, `ITEMS_item_number`) VALUES (7, 7);
INSERT INTO `mydb`.`CHAMPIONS_has_ITEMS` (`CHAMPIONS_champion_id`, `ITEMS_item_number`) VALUES (8, 8);
INSERT INTO `mydb`.`CHAMPIONS_has_ITEMS` (`CHAMPIONS_champion_id`, `ITEMS_item_number`) VALUES (9, 9);
INSERT INTO `mydb`.`CHAMPIONS_has_ITEMS` (`CHAMPIONS_champion_id`, `ITEMS_item_number`) VALUES (10, 10);
INSERT INTO `mydb`.`CHAMPIONS_has_ITEMS` (`CHAMPIONS_champion_id`, `ITEMS_item_number`) VALUES (11, 11);
INSERT INTO `mydb`.`CHAMPIONS_has_ITEMS` (`CHAMPIONS_champion_id`, `ITEMS_item_number`) VALUES (12, 12);
INSERT INTO `mydb`.`CHAMPIONS_has_ITEMS` (`CHAMPIONS_champion_id`, `ITEMS_item_number`) VALUES (13, 13);
INSERT INTO `mydb`.`CHAMPIONS_has_ITEMS` (`CHAMPIONS_champion_id`, `ITEMS_item_number`) VALUES (14, 14);
INSERT INTO `mydb`.`CHAMPIONS_has_ITEMS` (`CHAMPIONS_champion_id`, `ITEMS_item_number`) VALUES (15, 15);
INSERT INTO `mydb`.`CHAMPIONS_has_ITEMS` (`CHAMPIONS_champion_id`, `ITEMS_item_number`) VALUES (16, 16);
INSERT INTO `mydb`.`CHAMPIONS_has_ITEMS` (`CHAMPIONS_champion_id`, `ITEMS_item_number`) VALUES (17, 17);
INSERT INTO `mydb`.`CHAMPIONS_has_ITEMS` (`CHAMPIONS_champion_id`, `ITEMS_item_number`) VALUES (18, 18);
INSERT INTO `mydb`.`CHAMPIONS_has_ITEMS` (`CHAMPIONS_champion_id`, `ITEMS_item_number`) VALUES (19, 19);
INSERT INTO `mydb`.`CHAMPIONS_has_ITEMS` (`CHAMPIONS_champion_id`, `ITEMS_item_number`) VALUES (20, 20);
INSERT INTO `mydb`.`CHAMPIONS_has_ITEMS` (`CHAMPIONS_champion_id`, `ITEMS_item_number`) VALUES (21, 21);
INSERT INTO `mydb`.`CHAMPIONS_has_ITEMS` (`CHAMPIONS_champion_id`, `ITEMS_item_number`) VALUES (22, 22);
INSERT INTO `mydb`.`CHAMPIONS_has_ITEMS` (`CHAMPIONS_champion_id`, `ITEMS_item_number`) VALUES (23, 23);
INSERT INTO `mydb`.`CHAMPIONS_has_ITEMS` (`CHAMPIONS_champion_id`, `ITEMS_item_number`) VALUES (24, 24);
INSERT INTO `mydb`.`CHAMPIONS_has_ITEMS` (`CHAMPIONS_champion_id`, `ITEMS_item_number`) VALUES (25, 25);
INSERT INTO `mydb`.`CHAMPIONS_has_ITEMS` (`CHAMPIONS_champion_id`, `ITEMS_item_number`) VALUES (26, 26);
INSERT INTO `mydb`.`CHAMPIONS_has_ITEMS` (`CHAMPIONS_champion_id`, `ITEMS_item_number`) VALUES (27, 27);
INSERT INTO `mydb`.`CHAMPIONS_has_ITEMS` (`CHAMPIONS_champion_id`, `ITEMS_item_number`) VALUES (28, 28);
INSERT INTO `mydb`.`CHAMPIONS_has_ITEMS` (`CHAMPIONS_champion_id`, `ITEMS_item_number`) VALUES (29, 29);
INSERT INTO `mydb`.`CHAMPIONS_has_ITEMS` (`CHAMPIONS_champion_id`, `ITEMS_item_number`) VALUES (30, 30);
INSERT INTO `mydb`.`CHAMPIONS_has_ITEMS` (`CHAMPIONS_champion_id`, `ITEMS_item_number`) VALUES (31, 31);
INSERT INTO `mydb`.`CHAMPIONS_has_ITEMS` (`CHAMPIONS_champion_id`, `ITEMS_item_number`) VALUES (32, 32);
INSERT INTO `mydb`.`CHAMPIONS_has_ITEMS` (`CHAMPIONS_champion_id`, `ITEMS_item_number`) VALUES (33, 33);
INSERT INTO `mydb`.`CHAMPIONS_has_ITEMS` (`CHAMPIONS_champion_id`, `ITEMS_item_number`) VALUES (34, 34);
INSERT INTO `mydb`.`CHAMPIONS_has_ITEMS` (`CHAMPIONS_champion_id`, `ITEMS_item_number`) VALUES (35, 35);
INSERT INTO `mydb`.`CHAMPIONS_has_ITEMS` (`CHAMPIONS_champion_id`, `ITEMS_item_number`) VALUES (36, 36);
INSERT INTO `mydb`.`CHAMPIONS_has_ITEMS` (`CHAMPIONS_champion_id`, `ITEMS_item_number`) VALUES (37, 37);
INSERT INTO `mydb`.`CHAMPIONS_has_ITEMS` (`CHAMPIONS_champion_id`, `ITEMS_item_number`) VALUES (38, 38);
INSERT INTO `mydb`.`CHAMPIONS_has_ITEMS` (`CHAMPIONS_champion_id`, `ITEMS_item_number`) VALUES (39, 39);
INSERT INTO `mydb`.`CHAMPIONS_has_ITEMS` (`CHAMPIONS_champion_id`, `ITEMS_item_number`) VALUES (40, 40);
INSERT INTO `mydb`.`CHAMPIONS_has_ITEMS` (`CHAMPIONS_champion_id`, `ITEMS_item_number`) VALUES (41, 41);
INSERT INTO `mydb`.`CHAMPIONS_has_ITEMS` (`CHAMPIONS_champion_id`, `ITEMS_item_number`) VALUES (42, 42);
INSERT INTO `mydb`.`CHAMPIONS_has_ITEMS` (`CHAMPIONS_champion_id`, `ITEMS_item_number`) VALUES (43, 43);
INSERT INTO `mydb`.`CHAMPIONS_has_ITEMS` (`CHAMPIONS_champion_id`, `ITEMS_item_number`) VALUES (44, 44);
INSERT INTO `mydb`.`CHAMPIONS_has_ITEMS` (`CHAMPIONS_champion_id`, `ITEMS_item_number`) VALUES (45, 45);
INSERT INTO `mydb`.`CHAMPIONS_has_ITEMS` (`CHAMPIONS_champion_id`, `ITEMS_item_number`) VALUES (46, 46);
INSERT INTO `mydb`.`CHAMPIONS_has_ITEMS` (`CHAMPIONS_champion_id`, `ITEMS_item_number`) VALUES (47, 47);
INSERT INTO `mydb`.`CHAMPIONS_has_ITEMS` (`CHAMPIONS_champion_id`, `ITEMS_item_number`) VALUES (48, 48);
INSERT INTO `mydb`.`CHAMPIONS_has_ITEMS` (`CHAMPIONS_champion_id`, `ITEMS_item_number`) VALUES (49, 49);
INSERT INTO `mydb`.`CHAMPIONS_has_ITEMS` (`CHAMPIONS_champion_id`, `ITEMS_item_number`) VALUES (50, 50);
INSERT INTO `mydb`.`CHAMPIONS_has_ITEMS` (`CHAMPIONS_champion_id`, `ITEMS_item_number`) VALUES (51, 51);
INSERT INTO `mydb`.`CHAMPIONS_has_ITEMS` (`CHAMPIONS_champion_id`, `ITEMS_item_number`) VALUES (52, 52);
INSERT INTO `mydb`.`CHAMPIONS_has_ITEMS` (`CHAMPIONS_champion_id`, `ITEMS_item_number`) VALUES (53, 53);
INSERT INTO `mydb`.`CHAMPIONS_has_ITEMS` (`CHAMPIONS_champion_id`, `ITEMS_item_number`) VALUES (54, 54);
INSERT INTO `mydb`.`CHAMPIONS_has_ITEMS` (`CHAMPIONS_champion_id`, `ITEMS_item_number`) VALUES (55, 55);
INSERT INTO `mydb`.`CHAMPIONS_has_ITEMS` (`CHAMPIONS_champion_id`, `ITEMS_item_number`) VALUES (56, 56);
INSERT INTO `mydb`.`CHAMPIONS_has_ITEMS` (`CHAMPIONS_champion_id`, `ITEMS_item_number`) VALUES (57, 57);
INSERT INTO `mydb`.`CHAMPIONS_has_ITEMS` (`CHAMPIONS_champion_id`, `ITEMS_item_number`) VALUES (58, 58);
INSERT INTO `mydb`.`CHAMPIONS_has_ITEMS` (`CHAMPIONS_champion_id`, `ITEMS_item_number`) VALUES (59, 59);
INSERT INTO `mydb`.`CHAMPIONS_has_ITEMS` (`CHAMPIONS_champion_id`, `ITEMS_item_number`) VALUES (60, 60);
INSERT INTO `mydb`.`CHAMPIONS_has_ITEMS` (`CHAMPIONS_champion_id`, `ITEMS_item_number`) VALUES (61, 61);
INSERT INTO `mydb`.`CHAMPIONS_has_ITEMS` (`CHAMPIONS_champion_id`, `ITEMS_item_number`) VALUES (62, 62);
INSERT INTO `mydb`.`CHAMPIONS_has_ITEMS` (`CHAMPIONS_champion_id`, `ITEMS_item_number`) VALUES (63, 63);
INSERT INTO `mydb`.`CHAMPIONS_has_ITEMS` (`CHAMPIONS_champion_id`, `ITEMS_item_number`) VALUES (64, 64);
INSERT INTO `mydb`.`CHAMPIONS_has_ITEMS` (`CHAMPIONS_champion_id`, `ITEMS_item_number`) VALUES (65, 65);
INSERT INTO `mydb`.`CHAMPIONS_has_ITEMS` (`CHAMPIONS_champion_id`, `ITEMS_item_number`) VALUES (66, 66);
INSERT INTO `mydb`.`CHAMPIONS_has_ITEMS` (`CHAMPIONS_champion_id`, `ITEMS_item_number`) VALUES (67, 67);
INSERT INTO `mydb`.`CHAMPIONS_has_ITEMS` (`CHAMPIONS_champion_id`, `ITEMS_item_number`) VALUES (68, 68);
INSERT INTO `mydb`.`CHAMPIONS_has_ITEMS` (`CHAMPIONS_champion_id`, `ITEMS_item_number`) VALUES (69, 69);
INSERT INTO `mydb`.`CHAMPIONS_has_ITEMS` (`CHAMPIONS_champion_id`, `ITEMS_item_number`) VALUES (70, 70);
INSERT INTO `mydb`.`CHAMPIONS_has_ITEMS` (`CHAMPIONS_champion_id`, `ITEMS_item_number`) VALUES (71, 71);
INSERT INTO `mydb`.`CHAMPIONS_has_ITEMS` (`CHAMPIONS_champion_id`, `ITEMS_item_number`) VALUES (72, 72);
INSERT INTO `mydb`.`CHAMPIONS_has_ITEMS` (`CHAMPIONS_champion_id`, `ITEMS_item_number`) VALUES (73, 73);
INSERT INTO `mydb`.`CHAMPIONS_has_ITEMS` (`CHAMPIONS_champion_id`, `ITEMS_item_number`) VALUES (74, 74);
INSERT INTO `mydb`.`CHAMPIONS_has_ITEMS` (`CHAMPIONS_champion_id`, `ITEMS_item_number`) VALUES (75, 75);
INSERT INTO `mydb`.`CHAMPIONS_has_ITEMS` (`CHAMPIONS_champion_id`, `ITEMS_item_number`) VALUES (76, 76);
INSERT INTO `mydb`.`CHAMPIONS_has_ITEMS` (`CHAMPIONS_champion_id`, `ITEMS_item_number`) VALUES (77, 77);
INSERT INTO `mydb`.`CHAMPIONS_has_ITEMS` (`CHAMPIONS_champion_id`, `ITEMS_item_number`) VALUES (78, 78);
INSERT INTO `mydb`.`CHAMPIONS_has_ITEMS` (`CHAMPIONS_champion_id`, `ITEMS_item_number`) VALUES (79, 79);
INSERT INTO `mydb`.`CHAMPIONS_has_ITEMS` (`CHAMPIONS_champion_id`, `ITEMS_item_number`) VALUES (80, 80);
INSERT INTO `mydb`.`CHAMPIONS_has_ITEMS` (`CHAMPIONS_champion_id`, `ITEMS_item_number`) VALUES (81, 81);
INSERT INTO `mydb`.`CHAMPIONS_has_ITEMS` (`CHAMPIONS_champion_id`, `ITEMS_item_number`) VALUES (82, 82);
INSERT INTO `mydb`.`CHAMPIONS_has_ITEMS` (`CHAMPIONS_champion_id`, `ITEMS_item_number`) VALUES (83, 83);
INSERT INTO `mydb`.`CHAMPIONS_has_ITEMS` (`CHAMPIONS_champion_id`, `ITEMS_item_number`) VALUES (84, 84);
INSERT INTO `mydb`.`CHAMPIONS_has_ITEMS` (`CHAMPIONS_champion_id`, `ITEMS_item_number`) VALUES (85, 85);
INSERT INTO `mydb`.`CHAMPIONS_has_ITEMS` (`CHAMPIONS_champion_id`, `ITEMS_item_number`) VALUES (86, 86);
INSERT INTO `mydb`.`CHAMPIONS_has_ITEMS` (`CHAMPIONS_champion_id`, `ITEMS_item_number`) VALUES (87, 87);
INSERT INTO `mydb`.`CHAMPIONS_has_ITEMS` (`CHAMPIONS_champion_id`, `ITEMS_item_number`) VALUES (88, 88);
INSERT INTO `mydb`.`CHAMPIONS_has_ITEMS` (`CHAMPIONS_champion_id`, `ITEMS_item_number`) VALUES (89, 89);
INSERT INTO `mydb`.`CHAMPIONS_has_ITEMS` (`CHAMPIONS_champion_id`, `ITEMS_item_number`) VALUES (90, 90);
INSERT INTO `mydb`.`CHAMPIONS_has_ITEMS` (`CHAMPIONS_champion_id`, `ITEMS_item_number`) VALUES (91, 91);
INSERT INTO `mydb`.`CHAMPIONS_has_ITEMS` (`CHAMPIONS_champion_id`, `ITEMS_item_number`) VALUES (92, 92);
INSERT INTO `mydb`.`CHAMPIONS_has_ITEMS` (`CHAMPIONS_champion_id`, `ITEMS_item_number`) VALUES (93, 93);
INSERT INTO `mydb`.`CHAMPIONS_has_ITEMS` (`CHAMPIONS_champion_id`, `ITEMS_item_number`) VALUES (94, 94);
INSERT INTO `mydb`.`CHAMPIONS_has_ITEMS` (`CHAMPIONS_champion_id`, `ITEMS_item_number`) VALUES (95, 95);
INSERT INTO `mydb`.`CHAMPIONS_has_ITEMS` (`CHAMPIONS_champion_id`, `ITEMS_item_number`) VALUES (96, 96);
INSERT INTO `mydb`.`CHAMPIONS_has_ITEMS` (`CHAMPIONS_champion_id`, `ITEMS_item_number`) VALUES (97, 97);
INSERT INTO `mydb`.`CHAMPIONS_has_ITEMS` (`CHAMPIONS_champion_id`, `ITEMS_item_number`) VALUES (98, 98);
INSERT INTO `mydb`.`CHAMPIONS_has_ITEMS` (`CHAMPIONS_champion_id`, `ITEMS_item_number`) VALUES (99, 99);
INSERT INTO `mydb`.`CHAMPIONS_has_ITEMS` (`CHAMPIONS_champion_id`, `ITEMS_item_number`) VALUES (100, 100);
INSERT INTO `mydb`.`CHAMPIONS_has_ITEMS` (`CHAMPIONS_champion_id`, `ITEMS_item_number`) VALUES (101, 101);
INSERT INTO `mydb`.`CHAMPIONS_has_ITEMS` (`CHAMPIONS_champion_id`, `ITEMS_item_number`) VALUES (102, 102);
INSERT INTO `mydb`.`CHAMPIONS_has_ITEMS` (`CHAMPIONS_champion_id`, `ITEMS_item_number`) VALUES (103, 103);
INSERT INTO `mydb`.`CHAMPIONS_has_ITEMS` (`CHAMPIONS_champion_id`, `ITEMS_item_number`) VALUES (104, 104);
INSERT INTO `mydb`.`CHAMPIONS_has_ITEMS` (`CHAMPIONS_champion_id`, `ITEMS_item_number`) VALUES (105, 105);
INSERT INTO `mydb`.`CHAMPIONS_has_ITEMS` (`CHAMPIONS_champion_id`, `ITEMS_item_number`) VALUES (106, 106);
INSERT INTO `mydb`.`CHAMPIONS_has_ITEMS` (`CHAMPIONS_champion_id`, `ITEMS_item_number`) VALUES (107, 107);
INSERT INTO `mydb`.`CHAMPIONS_has_ITEMS` (`CHAMPIONS_champion_id`, `ITEMS_item_number`) VALUES (108, 108);
INSERT INTO `mydb`.`CHAMPIONS_has_ITEMS` (`CHAMPIONS_champion_id`, `ITEMS_item_number`) VALUES (109, 109);
INSERT INTO `mydb`.`CHAMPIONS_has_ITEMS` (`CHAMPIONS_champion_id`, `ITEMS_item_number`) VALUES (110, 110);
INSERT INTO `mydb`.`CHAMPIONS_has_ITEMS` (`CHAMPIONS_champion_id`, `ITEMS_item_number`) VALUES (111, 111);
INSERT INTO `mydb`.`CHAMPIONS_has_ITEMS` (`CHAMPIONS_champion_id`, `ITEMS_item_number`) VALUES (112, 112);
INSERT INTO `mydb`.`CHAMPIONS_has_ITEMS` (`CHAMPIONS_champion_id`, `ITEMS_item_number`) VALUES (113, 113);
INSERT INTO `mydb`.`CHAMPIONS_has_ITEMS` (`CHAMPIONS_champion_id`, `ITEMS_item_number`) VALUES (114, 114);
INSERT INTO `mydb`.`CHAMPIONS_has_ITEMS` (`CHAMPIONS_champion_id`, `ITEMS_item_number`) VALUES (115, 115);
INSERT INTO `mydb`.`CHAMPIONS_has_ITEMS` (`CHAMPIONS_champion_id`, `ITEMS_item_number`) VALUES (116, 116);
INSERT INTO `mydb`.`CHAMPIONS_has_ITEMS` (`CHAMPIONS_champion_id`, `ITEMS_item_number`) VALUES (117, 117);
INSERT INTO `mydb`.`CHAMPIONS_has_ITEMS` (`CHAMPIONS_champion_id`, `ITEMS_item_number`) VALUES (118, 118);
INSERT INTO `mydb`.`CHAMPIONS_has_ITEMS` (`CHAMPIONS_champion_id`, `ITEMS_item_number`) VALUES (119, 119);
INSERT INTO `mydb`.`CHAMPIONS_has_ITEMS` (`CHAMPIONS_champion_id`, `ITEMS_item_number`) VALUES (120, 120);
INSERT INTO `mydb`.`CHAMPIONS_has_ITEMS` (`CHAMPIONS_champion_id`, `ITEMS_item_number`) VALUES (121, 121);
INSERT INTO `mydb`.`CHAMPIONS_has_ITEMS` (`CHAMPIONS_champion_id`, `ITEMS_item_number`) VALUES (122, 122);
INSERT INTO `mydb`.`CHAMPIONS_has_ITEMS` (`CHAMPIONS_champion_id`, `ITEMS_item_number`) VALUES (123, 123);
INSERT INTO `mydb`.`CHAMPIONS_has_ITEMS` (`CHAMPIONS_champion_id`, `ITEMS_item_number`) VALUES (1, 124);
INSERT INTO `mydb`.`CHAMPIONS_has_ITEMS` (`CHAMPIONS_champion_id`, `ITEMS_item_number`) VALUES (2, 125);
INSERT INTO `mydb`.`CHAMPIONS_has_ITEMS` (`CHAMPIONS_champion_id`, `ITEMS_item_number`) VALUES (3, 126);
INSERT INTO `mydb`.`CHAMPIONS_has_ITEMS` (`CHAMPIONS_champion_id`, `ITEMS_item_number`) VALUES (4, 127);
INSERT INTO `mydb`.`CHAMPIONS_has_ITEMS` (`CHAMPIONS_champion_id`, `ITEMS_item_number`) VALUES (5, 128);
INSERT INTO `mydb`.`CHAMPIONS_has_ITEMS` (`CHAMPIONS_champion_id`, `ITEMS_item_number`) VALUES (6, 129);
INSERT INTO `mydb`.`CHAMPIONS_has_ITEMS` (`CHAMPIONS_champion_id`, `ITEMS_item_number`) VALUES (7, 130);
INSERT INTO `mydb`.`CHAMPIONS_has_ITEMS` (`CHAMPIONS_champion_id`, `ITEMS_item_number`) VALUES (8, 131);
INSERT INTO `mydb`.`CHAMPIONS_has_ITEMS` (`CHAMPIONS_champion_id`, `ITEMS_item_number`) VALUES (9, 132);
INSERT INTO `mydb`.`CHAMPIONS_has_ITEMS` (`CHAMPIONS_champion_id`, `ITEMS_item_number`) VALUES (10, 133);
INSERT INTO `mydb`.`CHAMPIONS_has_ITEMS` (`CHAMPIONS_champion_id`, `ITEMS_item_number`) VALUES (11, 134);
INSERT INTO `mydb`.`CHAMPIONS_has_ITEMS` (`CHAMPIONS_champion_id`, `ITEMS_item_number`) VALUES (12, 135);
INSERT INTO `mydb`.`CHAMPIONS_has_ITEMS` (`CHAMPIONS_champion_id`, `ITEMS_item_number`) VALUES (13, 136);
INSERT INTO `mydb`.`CHAMPIONS_has_ITEMS` (`CHAMPIONS_champion_id`, `ITEMS_item_number`) VALUES (14, 137);
INSERT INTO `mydb`.`CHAMPIONS_has_ITEMS` (`CHAMPIONS_champion_id`, `ITEMS_item_number`) VALUES (15, 138);
INSERT INTO `mydb`.`CHAMPIONS_has_ITEMS` (`CHAMPIONS_champion_id`, `ITEMS_item_number`) VALUES (16, 139);
INSERT INTO `mydb`.`CHAMPIONS_has_ITEMS` (`CHAMPIONS_champion_id`, `ITEMS_item_number`) VALUES (17, 140);
INSERT INTO `mydb`.`CHAMPIONS_has_ITEMS` (`CHAMPIONS_champion_id`, `ITEMS_item_number`) VALUES (18, 141);
INSERT INTO `mydb`.`CHAMPIONS_has_ITEMS` (`CHAMPIONS_champion_id`, `ITEMS_item_number`) VALUES (19, 142);
INSERT INTO `mydb`.`CHAMPIONS_has_ITEMS` (`CHAMPIONS_champion_id`, `ITEMS_item_number`) VALUES (20, 143);
INSERT INTO `mydb`.`CHAMPIONS_has_ITEMS` (`CHAMPIONS_champion_id`, `ITEMS_item_number`) VALUES (21, 144);
INSERT INTO `mydb`.`CHAMPIONS_has_ITEMS` (`CHAMPIONS_champion_id`, `ITEMS_item_number`) VALUES (22, 145);
INSERT INTO `mydb`.`CHAMPIONS_has_ITEMS` (`CHAMPIONS_champion_id`, `ITEMS_item_number`) VALUES (23, 146);
INSERT INTO `mydb`.`CHAMPIONS_has_ITEMS` (`CHAMPIONS_champion_id`, `ITEMS_item_number`) VALUES (24, 147);

COMMIT;


-- -----------------------------------------------------
-- Data for table `mydb`.`ITEMS_has_required_ITEMS`
-- -----------------------------------------------------
START TRANSACTION;
USE `mydb`;
INSERT INTO `mydb`.`ITEMS_has_required_ITEMS` (`ITEMS_item_number`, `ITEMS_required_item_number1`) VALUES (1, 16);
INSERT INTO `mydb`.`ITEMS_has_required_ITEMS` (`ITEMS_item_number`, `ITEMS_required_item_number1`) VALUES (1, 80);
INSERT INTO `mydb`.`ITEMS_has_required_ITEMS` (`ITEMS_item_number`, `ITEMS_required_item_number1`) VALUES (2, 83);
INSERT INTO `mydb`.`ITEMS_has_required_ITEMS` (`ITEMS_item_number`, `ITEMS_required_item_number1`) VALUES (2, 97);
INSERT INTO `mydb`.`ITEMS_has_required_ITEMS` (`ITEMS_item_number`, `ITEMS_required_item_number1`) VALUES (2, 101);
INSERT INTO `mydb`.`ITEMS_has_required_ITEMS` (`ITEMS_item_number`, `ITEMS_required_item_number1`) VALUES (3, 4);
INSERT INTO `mydb`.`ITEMS_has_required_ITEMS` (`ITEMS_item_number`, `ITEMS_required_item_number1`) VALUES (4, 0);
INSERT INTO `mydb`.`ITEMS_has_required_ITEMS` (`ITEMS_item_number`, `ITEMS_required_item_number1`) VALUES (5, 0);
INSERT INTO `mydb`.`ITEMS_has_required_ITEMS` (`ITEMS_item_number`, `ITEMS_required_item_number1`) VALUES (6, 16);
INSERT INTO `mydb`.`ITEMS_has_required_ITEMS` (`ITEMS_item_number`, `ITEMS_required_item_number1`) VALUES (6, 125);
INSERT INTO `mydb`.`ITEMS_has_required_ITEMS` (`ITEMS_item_number`, `ITEMS_required_item_number1`) VALUES (7, 3);
INSERT INTO `mydb`.`ITEMS_has_required_ITEMS` (`ITEMS_item_number`, `ITEMS_required_item_number1`) VALUES (7, 42);
INSERT INTO `mydb`.`ITEMS_has_required_ITEMS` (`ITEMS_item_number`, `ITEMS_required_item_number1`) VALUES (8, 23);
INSERT INTO `mydb`.`ITEMS_has_required_ITEMS` (`ITEMS_item_number`, `ITEMS_required_item_number1`) VALUES (8, 41);
INSERT INTO `mydb`.`ITEMS_has_required_ITEMS` (`ITEMS_item_number`, `ITEMS_required_item_number1`) VALUES (9, 20);
INSERT INTO `mydb`.`ITEMS_has_required_ITEMS` (`ITEMS_item_number`, `ITEMS_required_item_number1`) VALUES (10, 0);
INSERT INTO `mydb`.`ITEMS_has_required_ITEMS` (`ITEMS_item_number`, `ITEMS_required_item_number1`) VALUES (11, 2);
INSERT INTO `mydb`.`ITEMS_has_required_ITEMS` (`ITEMS_item_number`, `ITEMS_required_item_number1`) VALUES (11, 41);
INSERT INTO `mydb`.`ITEMS_has_required_ITEMS` (`ITEMS_item_number`, `ITEMS_required_item_number1`) VALUES (12, 101);
INSERT INTO `mydb`.`ITEMS_has_required_ITEMS` (`ITEMS_item_number`, `ITEMS_required_item_number1`) VALUES (12, 113);
INSERT INTO `mydb`.`ITEMS_has_required_ITEMS` (`ITEMS_item_number`, `ITEMS_required_item_number1`) VALUES (13, 18);
INSERT INTO `mydb`.`ITEMS_has_required_ITEMS` (`ITEMS_item_number`, `ITEMS_required_item_number1`) VALUES (13, 28);
INSERT INTO `mydb`.`ITEMS_has_required_ITEMS` (`ITEMS_item_number`, `ITEMS_required_item_number1`) VALUES (14, 67);
INSERT INTO `mydb`.`ITEMS_has_required_ITEMS` (`ITEMS_item_number`, `ITEMS_required_item_number1`) VALUES (14, 133);
INSERT INTO `mydb`.`ITEMS_has_required_ITEMS` (`ITEMS_item_number`, `ITEMS_required_item_number1`) VALUES (15, 14);
INSERT INTO `mydb`.`ITEMS_has_required_ITEMS` (`ITEMS_item_number`, `ITEMS_required_item_number1`) VALUES (15, 28);
INSERT INTO `mydb`.`ITEMS_has_required_ITEMS` (`ITEMS_item_number`, `ITEMS_required_item_number1`) VALUES (16, 0);
INSERT INTO `mydb`.`ITEMS_has_required_ITEMS` (`ITEMS_item_number`, `ITEMS_required_item_number1`) VALUES (17, 0);
INSERT INTO `mydb`.`ITEMS_has_required_ITEMS` (`ITEMS_item_number`, `ITEMS_required_item_number1`) VALUES (18, 0);
INSERT INTO `mydb`.`ITEMS_has_required_ITEMS` (`ITEMS_item_number`, `ITEMS_required_item_number1`) VALUES (19, 18);
INSERT INTO `mydb`.`ITEMS_has_required_ITEMS` (`ITEMS_item_number`, `ITEMS_required_item_number1`) VALUES (20, 0);
INSERT INTO `mydb`.`ITEMS_has_required_ITEMS` (`ITEMS_item_number`, `ITEMS_required_item_number1`) VALUES (21, 101);
INSERT INTO `mydb`.`ITEMS_has_required_ITEMS` (`ITEMS_item_number`, `ITEMS_required_item_number1`) VALUES (21, 105);
INSERT INTO `mydb`.`ITEMS_has_required_ITEMS` (`ITEMS_item_number`, `ITEMS_required_item_number1`) VALUES (22, 25);
INSERT INTO `mydb`.`ITEMS_has_required_ITEMS` (`ITEMS_item_number`, `ITEMS_required_item_number1`) VALUES (23, 39);
INSERT INTO `mydb`.`ITEMS_has_required_ITEMS` (`ITEMS_item_number`, `ITEMS_required_item_number1`) VALUES (23, 83);
INSERT INTO `mydb`.`ITEMS_has_required_ITEMS` (`ITEMS_item_number`, `ITEMS_required_item_number1`) VALUES (24, 0);
INSERT INTO `mydb`.`ITEMS_has_required_ITEMS` (`ITEMS_item_number`, `ITEMS_required_item_number1`) VALUES (25, 0);
INSERT INTO `mydb`.`ITEMS_has_required_ITEMS` (`ITEMS_item_number`, `ITEMS_required_item_number1`) VALUES (26, 97);
INSERT INTO `mydb`.`ITEMS_has_required_ITEMS` (`ITEMS_item_number`, `ITEMS_required_item_number1`) VALUES (26, 101);
INSERT INTO `mydb`.`ITEMS_has_required_ITEMS` (`ITEMS_item_number`, `ITEMS_required_item_number1`) VALUES (27, 0);
INSERT INTO `mydb`.`ITEMS_has_required_ITEMS` (`ITEMS_item_number`, `ITEMS_required_item_number1`) VALUES (28, 0);
INSERT INTO `mydb`.`ITEMS_has_required_ITEMS` (`ITEMS_item_number`, `ITEMS_required_item_number1`) VALUES (29, 90);
INSERT INTO `mydb`.`ITEMS_has_required_ITEMS` (`ITEMS_item_number`, `ITEMS_required_item_number1`) VALUES (29, 119);
INSERT INTO `mydb`.`ITEMS_has_required_ITEMS` (`ITEMS_item_number`, `ITEMS_required_item_number1`) VALUES (30, 0);
INSERT INTO `mydb`.`ITEMS_has_required_ITEMS` (`ITEMS_item_number`, `ITEMS_required_item_number1`) VALUES (31, 0);
INSERT INTO `mydb`.`ITEMS_has_required_ITEMS` (`ITEMS_item_number`, `ITEMS_required_item_number1`) VALUES (32, 0);
INSERT INTO `mydb`.`ITEMS_has_required_ITEMS` (`ITEMS_item_number`, `ITEMS_required_item_number1`) VALUES (33, 0);
INSERT INTO `mydb`.`ITEMS_has_required_ITEMS` (`ITEMS_item_number`, `ITEMS_required_item_number1`) VALUES (34, 0);
INSERT INTO `mydb`.`ITEMS_has_required_ITEMS` (`ITEMS_item_number`, `ITEMS_required_item_number1`) VALUES (35, 0);
INSERT INTO `mydb`.`ITEMS_has_required_ITEMS` (`ITEMS_item_number`, `ITEMS_required_item_number1`) VALUES (36, 0);
INSERT INTO `mydb`.`ITEMS_has_required_ITEMS` (`ITEMS_item_number`, `ITEMS_required_item_number1`) VALUES (37, 10);
INSERT INTO `mydb`.`ITEMS_has_required_ITEMS` (`ITEMS_item_number`, `ITEMS_required_item_number1`) VALUES (37, 133);
INSERT INTO `mydb`.`ITEMS_has_required_ITEMS` (`ITEMS_item_number`, `ITEMS_required_item_number1`) VALUES (38, 62);
INSERT INTO `mydb`.`ITEMS_has_required_ITEMS` (`ITEMS_item_number`, `ITEMS_required_item_number1`) VALUES (38, 124);
INSERT INTO `mydb`.`ITEMS_has_required_ITEMS` (`ITEMS_item_number`, `ITEMS_required_item_number1`) VALUES (39, 0);
INSERT INTO `mydb`.`ITEMS_has_required_ITEMS` (`ITEMS_item_number`, `ITEMS_required_item_number1`) VALUES (40, 106);
INSERT INTO `mydb`.`ITEMS_has_required_ITEMS` (`ITEMS_item_number`, `ITEMS_required_item_number1`) VALUES (41, 4);
INSERT INTO `mydb`.`ITEMS_has_required_ITEMS` (`ITEMS_item_number`, `ITEMS_required_item_number1`) VALUES (42, 39);
INSERT INTO `mydb`.`ITEMS_has_required_ITEMS` (`ITEMS_item_number`, `ITEMS_required_item_number1`) VALUES (43, 41);
INSERT INTO `mydb`.`ITEMS_has_required_ITEMS` (`ITEMS_item_number`, `ITEMS_required_item_number1`) VALUES (43, 44);
INSERT INTO `mydb`.`ITEMS_has_required_ITEMS` (`ITEMS_item_number`, `ITEMS_required_item_number1`) VALUES (44, 114);
INSERT INTO `mydb`.`ITEMS_has_required_ITEMS` (`ITEMS_item_number`, `ITEMS_required_item_number1`) VALUES (45, 48);
INSERT INTO `mydb`.`ITEMS_has_required_ITEMS` (`ITEMS_item_number`, `ITEMS_required_item_number1`) VALUES (45, 136);
INSERT INTO `mydb`.`ITEMS_has_required_ITEMS` (`ITEMS_item_number`, `ITEMS_required_item_number1`) VALUES (46, 47);
INSERT INTO `mydb`.`ITEMS_has_required_ITEMS` (`ITEMS_item_number`, `ITEMS_required_item_number1`) VALUES (46, 88);
INSERT INTO `mydb`.`ITEMS_has_required_ITEMS` (`ITEMS_item_number`, `ITEMS_required_item_number1`) VALUES (46, 101);
INSERT INTO `mydb`.`ITEMS_has_required_ITEMS` (`ITEMS_item_number`, `ITEMS_required_item_number1`) VALUES (47, 101);
INSERT INTO `mydb`.`ITEMS_has_required_ITEMS` (`ITEMS_item_number`, `ITEMS_required_item_number1`) VALUES (48, 25);
INSERT INTO `mydb`.`ITEMS_has_required_ITEMS` (`ITEMS_item_number`, `ITEMS_required_item_number1`) VALUES (48, 105);
INSERT INTO `mydb`.`ITEMS_has_required_ITEMS` (`ITEMS_item_number`, `ITEMS_required_item_number1`) VALUES (49, 137);
INSERT INTO `mydb`.`ITEMS_has_required_ITEMS` (`ITEMS_item_number`, `ITEMS_required_item_number1`) VALUES (50, 137);
INSERT INTO `mydb`.`ITEMS_has_required_ITEMS` (`ITEMS_item_number`, `ITEMS_required_item_number1`) VALUES (51, 22);
INSERT INTO `mydb`.`ITEMS_has_required_ITEMS` (`ITEMS_item_number`, `ITEMS_required_item_number1`) VALUES (51, 80);
INSERT INTO `mydb`.`ITEMS_has_required_ITEMS` (`ITEMS_item_number`, `ITEMS_required_item_number1`) VALUES (52, 16);
INSERT INTO `mydb`.`ITEMS_has_required_ITEMS` (`ITEMS_item_number`, `ITEMS_required_item_number1`) VALUES (52, 88);
INSERT INTO `mydb`.`ITEMS_has_required_ITEMS` (`ITEMS_item_number`, `ITEMS_required_item_number1`) VALUES (53, 4);
INSERT INTO `mydb`.`ITEMS_has_required_ITEMS` (`ITEMS_item_number`, `ITEMS_required_item_number1`) VALUES (53, 101);
INSERT INTO `mydb`.`ITEMS_has_required_ITEMS` (`ITEMS_item_number`, `ITEMS_required_item_number1`) VALUES (54, 0);
INSERT INTO `mydb`.`ITEMS_has_required_ITEMS` (`ITEMS_item_number`, `ITEMS_required_item_number1`) VALUES (55, 67);
INSERT INTO `mydb`.`ITEMS_has_required_ITEMS` (`ITEMS_item_number`, `ITEMS_required_item_number1`) VALUES (55, 83);
INSERT INTO `mydb`.`ITEMS_has_required_ITEMS` (`ITEMS_item_number`, `ITEMS_required_item_number1`) VALUES (56, 14);
INSERT INTO `mydb`.`ITEMS_has_required_ITEMS` (`ITEMS_item_number`, `ITEMS_required_item_number1`) VALUES (56, 57);
INSERT INTO `mydb`.`ITEMS_has_required_ITEMS` (`ITEMS_item_number`, `ITEMS_required_item_number1`) VALUES (57, 5);
INSERT INTO `mydb`.`ITEMS_has_required_ITEMS` (`ITEMS_item_number`, `ITEMS_required_item_number1`) VALUES (58, 0);
INSERT INTO `mydb`.`ITEMS_has_required_ITEMS` (`ITEMS_item_number`, `ITEMS_required_item_number1`) VALUES (59, 48);
INSERT INTO `mydb`.`ITEMS_has_required_ITEMS` (`ITEMS_item_number`, `ITEMS_required_item_number1`) VALUES (59, 109);
INSERT INTO `mydb`.`ITEMS_has_required_ITEMS` (`ITEMS_item_number`, `ITEMS_required_item_number1`) VALUES (60, 10);
INSERT INTO `mydb`.`ITEMS_has_required_ITEMS` (`ITEMS_item_number`, `ITEMS_required_item_number1`) VALUES (60, 23);
INSERT INTO `mydb`.`ITEMS_has_required_ITEMS` (`ITEMS_item_number`, `ITEMS_required_item_number1`) VALUES (60, 88);
INSERT INTO `mydb`.`ITEMS_has_required_ITEMS` (`ITEMS_item_number`, `ITEMS_required_item_number1`) VALUES (61, 18);
INSERT INTO `mydb`.`ITEMS_has_required_ITEMS` (`ITEMS_item_number`, `ITEMS_required_item_number1`) VALUES (62, 101);
INSERT INTO `mydb`.`ITEMS_has_required_ITEMS` (`ITEMS_item_number`, `ITEMS_required_item_number1`) VALUES (63, 67);
INSERT INTO `mydb`.`ITEMS_has_required_ITEMS` (`ITEMS_item_number`, `ITEMS_required_item_number1`) VALUES (63, 88);
INSERT INTO `mydb`.`ITEMS_has_required_ITEMS` (`ITEMS_item_number`, `ITEMS_required_item_number1`) VALUES (64, 4);
INSERT INTO `mydb`.`ITEMS_has_required_ITEMS` (`ITEMS_item_number`, `ITEMS_required_item_number1`) VALUES (64, 53);
INSERT INTO `mydb`.`ITEMS_has_required_ITEMS` (`ITEMS_item_number`, `ITEMS_required_item_number1`) VALUES (65, 3);
INSERT INTO `mydb`.`ITEMS_has_required_ITEMS` (`ITEMS_item_number`, `ITEMS_required_item_number1`) VALUES (65, 109);
INSERT INTO `mydb`.`ITEMS_has_required_ITEMS` (`ITEMS_item_number`, `ITEMS_required_item_number1`) VALUES (66, 2);
INSERT INTO `mydb`.`ITEMS_has_required_ITEMS` (`ITEMS_item_number`, `ITEMS_required_item_number1`) VALUES (66, 62);
INSERT INTO `mydb`.`ITEMS_has_required_ITEMS` (`ITEMS_item_number`, `ITEMS_required_item_number1`) VALUES (67, 0);
INSERT INTO `mydb`.`ITEMS_has_required_ITEMS` (`ITEMS_item_number`, `ITEMS_required_item_number1`) VALUES (68, 28);
INSERT INTO `mydb`.`ITEMS_has_required_ITEMS` (`ITEMS_item_number`, `ITEMS_required_item_number1`) VALUES (69, 0);
INSERT INTO `mydb`.`ITEMS_has_required_ITEMS` (`ITEMS_item_number`, `ITEMS_required_item_number1`) VALUES (70, 88);
INSERT INTO `mydb`.`ITEMS_has_required_ITEMS` (`ITEMS_item_number`, `ITEMS_required_item_number1`) VALUES (70, 125);
INSERT INTO `mydb`.`ITEMS_has_required_ITEMS` (`ITEMS_item_number`, `ITEMS_required_item_number1`) VALUES (71, 55);
INSERT INTO `mydb`.`ITEMS_has_required_ITEMS` (`ITEMS_item_number`, `ITEMS_required_item_number1`) VALUES (71, 88);
INSERT INTO `mydb`.`ITEMS_has_required_ITEMS` (`ITEMS_item_number`, `ITEMS_required_item_number1`) VALUES (72, 4);
INSERT INTO `mydb`.`ITEMS_has_required_ITEMS` (`ITEMS_item_number`, `ITEMS_required_item_number1`) VALUES (73, 10);
INSERT INTO `mydb`.`ITEMS_has_required_ITEMS` (`ITEMS_item_number`, `ITEMS_required_item_number1`) VALUES (73, 90);
INSERT INTO `mydb`.`ITEMS_has_required_ITEMS` (`ITEMS_item_number`, `ITEMS_required_item_number1`) VALUES (74, 18);
INSERT INTO `mydb`.`ITEMS_has_required_ITEMS` (`ITEMS_item_number`, `ITEMS_required_item_number1`) VALUES (74, 83);
INSERT INTO `mydb`.`ITEMS_has_required_ITEMS` (`ITEMS_item_number`, `ITEMS_required_item_number1`) VALUES (75, 23);
INSERT INTO `mydb`.`ITEMS_has_required_ITEMS` (`ITEMS_item_number`, `ITEMS_required_item_number1`) VALUES (75, 42);
INSERT INTO `mydb`.`ITEMS_has_required_ITEMS` (`ITEMS_item_number`, `ITEMS_required_item_number1`) VALUES (76, 41);
INSERT INTO `mydb`.`ITEMS_has_required_ITEMS` (`ITEMS_item_number`, `ITEMS_required_item_number1`) VALUES (76, 42);
INSERT INTO `mydb`.`ITEMS_has_required_ITEMS` (`ITEMS_item_number`, `ITEMS_required_item_number1`) VALUES (77, 70);
INSERT INTO `mydb`.`ITEMS_has_required_ITEMS` (`ITEMS_item_number`, `ITEMS_required_item_number1`) VALUES (78, 41);
INSERT INTO `mydb`.`ITEMS_has_required_ITEMS` (`ITEMS_item_number`, `ITEMS_required_item_number1`) VALUES (78, 119);
INSERT INTO `mydb`.`ITEMS_has_required_ITEMS` (`ITEMS_item_number`, `ITEMS_required_item_number1`) VALUES (79, 0);
INSERT INTO `mydb`.`ITEMS_has_required_ITEMS` (`ITEMS_item_number`, `ITEMS_required_item_number1`) VALUES (80, 83);
INSERT INTO `mydb`.`ITEMS_has_required_ITEMS` (`ITEMS_item_number`, `ITEMS_required_item_number1`) VALUES (81, 18);
INSERT INTO `mydb`.`ITEMS_has_required_ITEMS` (`ITEMS_item_number`, `ITEMS_required_item_number1`) VALUES (81, 25);
INSERT INTO `mydb`.`ITEMS_has_required_ITEMS` (`ITEMS_item_number`, `ITEMS_required_item_number1`) VALUES (82, 5);
INSERT INTO `mydb`.`ITEMS_has_required_ITEMS` (`ITEMS_item_number`, `ITEMS_required_item_number1`) VALUES (83, 0);
INSERT INTO `mydb`.`ITEMS_has_required_ITEMS` (`ITEMS_item_number`, `ITEMS_required_item_number1`) VALUES (84, 62);
INSERT INTO `mydb`.`ITEMS_has_required_ITEMS` (`ITEMS_item_number`, `ITEMS_required_item_number1`) VALUES (84, 94);
INSERT INTO `mydb`.`ITEMS_has_required_ITEMS` (`ITEMS_item_number`, `ITEMS_required_item_number1`) VALUES (85, 121);
INSERT INTO `mydb`.`ITEMS_has_required_ITEMS` (`ITEMS_item_number`, `ITEMS_required_item_number1`) VALUES (86, 67);
INSERT INTO `mydb`.`ITEMS_has_required_ITEMS` (`ITEMS_item_number`, `ITEMS_required_item_number1`) VALUES (86, 101);
INSERT INTO `mydb`.`ITEMS_has_required_ITEMS` (`ITEMS_item_number`, `ITEMS_required_item_number1`) VALUES (87, 23);
INSERT INTO `mydb`.`ITEMS_has_required_ITEMS` (`ITEMS_item_number`, `ITEMS_required_item_number1`) VALUES (87, 28);
INSERT INTO `mydb`.`ITEMS_has_required_ITEMS` (`ITEMS_item_number`, `ITEMS_required_item_number1`) VALUES (87, 143);
INSERT INTO `mydb`.`ITEMS_has_required_ITEMS` (`ITEMS_item_number`, `ITEMS_required_item_number1`) VALUES (88, 0);
INSERT INTO `mydb`.`ITEMS_has_required_ITEMS` (`ITEMS_item_number`, `ITEMS_required_item_number1`) VALUES (89, 58);
INSERT INTO `mydb`.`ITEMS_has_required_ITEMS` (`ITEMS_item_number`, `ITEMS_required_item_number1`) VALUES (90, 83);
INSERT INTO `mydb`.`ITEMS_has_required_ITEMS` (`ITEMS_item_number`, `ITEMS_required_item_number1`) VALUES (91, 16);
INSERT INTO `mydb`.`ITEMS_has_required_ITEMS` (`ITEMS_item_number`, `ITEMS_required_item_number1`) VALUES (91, 79);
INSERT INTO `mydb`.`ITEMS_has_required_ITEMS` (`ITEMS_item_number`, `ITEMS_required_item_number1`) VALUES (92, 47);
INSERT INTO `mydb`.`ITEMS_has_required_ITEMS` (`ITEMS_item_number`, `ITEMS_required_item_number1`) VALUES (92, 136);
INSERT INTO `mydb`.`ITEMS_has_required_ITEMS` (`ITEMS_item_number`, `ITEMS_required_item_number1`) VALUES (93, 58);
INSERT INTO `mydb`.`ITEMS_has_required_ITEMS` (`ITEMS_item_number`, `ITEMS_required_item_number1`) VALUES (94, 25);
INSERT INTO `mydb`.`ITEMS_has_required_ITEMS` (`ITEMS_item_number`, `ITEMS_required_item_number1`) VALUES (94, 97);
INSERT INTO `mydb`.`ITEMS_has_required_ITEMS` (`ITEMS_item_number`, `ITEMS_required_item_number1`) VALUES (95, 130);
INSERT INTO `mydb`.`ITEMS_has_required_ITEMS` (`ITEMS_item_number`, `ITEMS_required_item_number1`) VALUES (95, 133);
INSERT INTO `mydb`.`ITEMS_has_required_ITEMS` (`ITEMS_item_number`, `ITEMS_required_item_number1`) VALUES (96, 0);
INSERT INTO `mydb`.`ITEMS_has_required_ITEMS` (`ITEMS_item_number`, `ITEMS_required_item_number1`) VALUES (97, 0);
INSERT INTO `mydb`.`ITEMS_has_required_ITEMS` (`ITEMS_item_number`, `ITEMS_required_item_number1`) VALUES (98, 0);
INSERT INTO `mydb`.`ITEMS_has_required_ITEMS` (`ITEMS_item_number`, `ITEMS_required_item_number1`) VALUES (99, 21);
INSERT INTO `mydb`.`ITEMS_has_required_ITEMS` (`ITEMS_item_number`, `ITEMS_required_item_number1`) VALUES (99, 26);
INSERT INTO `mydb`.`ITEMS_has_required_ITEMS` (`ITEMS_item_number`, `ITEMS_required_item_number1`) VALUES (100, 16);
INSERT INTO `mydb`.`ITEMS_has_required_ITEMS` (`ITEMS_item_number`, `ITEMS_required_item_number1`) VALUES (100, 21);
INSERT INTO `mydb`.`ITEMS_has_required_ITEMS` (`ITEMS_item_number`, `ITEMS_required_item_number1`) VALUES (101, 0);
INSERT INTO `mydb`.`ITEMS_has_required_ITEMS` (`ITEMS_item_number`, `ITEMS_required_item_number1`) VALUES (102, 101);
INSERT INTO `mydb`.`ITEMS_has_required_ITEMS` (`ITEMS_item_number`, `ITEMS_required_item_number1`) VALUES (102, 110);
INSERT INTO `mydb`.`ITEMS_has_required_ITEMS` (`ITEMS_item_number`, `ITEMS_required_item_number1`) VALUES (103, 28);
INSERT INTO `mydb`.`ITEMS_has_required_ITEMS` (`ITEMS_item_number`, `ITEMS_required_item_number1`) VALUES (103, 96);
INSERT INTO `mydb`.`ITEMS_has_required_ITEMS` (`ITEMS_item_number`, `ITEMS_required_item_number1`) VALUES (104, 4);
INSERT INTO `mydb`.`ITEMS_has_required_ITEMS` (`ITEMS_item_number`, `ITEMS_required_item_number1`) VALUES (104, 16);
INSERT INTO `mydb`.`ITEMS_has_required_ITEMS` (`ITEMS_item_number`, `ITEMS_required_item_number1`) VALUES (104, 47);
INSERT INTO `mydb`.`ITEMS_has_required_ITEMS` (`ITEMS_item_number`, `ITEMS_required_item_number1`) VALUES (105, 0);
INSERT INTO `mydb`.`ITEMS_has_required_ITEMS` (`ITEMS_item_number`, `ITEMS_required_item_number1`) VALUES (106, 0);
INSERT INTO `mydb`.`ITEMS_has_required_ITEMS` (`ITEMS_item_number`, `ITEMS_required_item_number1`) VALUES (107, 4);
INSERT INTO `mydb`.`ITEMS_has_required_ITEMS` (`ITEMS_item_number`, `ITEMS_required_item_number1`) VALUES (107, 25);
INSERT INTO `mydb`.`ITEMS_has_required_ITEMS` (`ITEMS_item_number`, `ITEMS_required_item_number1`) VALUES (108, 6);
INSERT INTO `mydb`.`ITEMS_has_required_ITEMS` (`ITEMS_item_number`, `ITEMS_required_item_number1`) VALUES (109, 4);
INSERT INTO `mydb`.`ITEMS_has_required_ITEMS` (`ITEMS_item_number`, `ITEMS_required_item_number1`) VALUES (109, 105);
INSERT INTO `mydb`.`ITEMS_has_required_ITEMS` (`ITEMS_item_number`, `ITEMS_required_item_number1`) VALUES (110, 101);
INSERT INTO `mydb`.`ITEMS_has_required_ITEMS` (`ITEMS_item_number`, `ITEMS_required_item_number1`) VALUES (111, 58);
INSERT INTO `mydb`.`ITEMS_has_required_ITEMS` (`ITEMS_item_number`, `ITEMS_required_item_number1`) VALUES (112, 18);
INSERT INTO `mydb`.`ITEMS_has_required_ITEMS` (`ITEMS_item_number`, `ITEMS_required_item_number1`) VALUES (113, 83);
INSERT INTO `mydb`.`ITEMS_has_required_ITEMS` (`ITEMS_item_number`, `ITEMS_required_item_number1`) VALUES (113, 101);
INSERT INTO `mydb`.`ITEMS_has_required_ITEMS` (`ITEMS_item_number`, `ITEMS_required_item_number1`) VALUES (114, 0);
INSERT INTO `mydb`.`ITEMS_has_required_ITEMS` (`ITEMS_item_number`, `ITEMS_required_item_number1`) VALUES (115, 62);
INSERT INTO `mydb`.`ITEMS_has_required_ITEMS` (`ITEMS_item_number`, `ITEMS_required_item_number1`) VALUES (115, 113);
INSERT INTO `mydb`.`ITEMS_has_required_ITEMS` (`ITEMS_item_number`, `ITEMS_required_item_number1`) VALUES (116, 58);
INSERT INTO `mydb`.`ITEMS_has_required_ITEMS` (`ITEMS_item_number`, `ITEMS_required_item_number1`) VALUES (117, 9);
INSERT INTO `mydb`.`ITEMS_has_required_ITEMS` (`ITEMS_item_number`, `ITEMS_required_item_number1`) VALUES (117, 143);
INSERT INTO `mydb`.`ITEMS_has_required_ITEMS` (`ITEMS_item_number`, `ITEMS_required_item_number1`) VALUES (118, 0);
INSERT INTO `mydb`.`ITEMS_has_required_ITEMS` (`ITEMS_item_number`, `ITEMS_required_item_number1`) VALUES (119, 28);
INSERT INTO `mydb`.`ITEMS_has_required_ITEMS` (`ITEMS_item_number`, `ITEMS_required_item_number1`) VALUES (120, 22);
INSERT INTO `mydb`.`ITEMS_has_required_ITEMS` (`ITEMS_item_number`, `ITEMS_required_item_number1`) VALUES (120, 47);
INSERT INTO `mydb`.`ITEMS_has_required_ITEMS` (`ITEMS_item_number`, `ITEMS_required_item_number1`) VALUES (121, 0);
INSERT INTO `mydb`.`ITEMS_has_required_ITEMS` (`ITEMS_item_number`, `ITEMS_required_item_number1`) VALUES (122, 67);
INSERT INTO `mydb`.`ITEMS_has_required_ITEMS` (`ITEMS_item_number`, `ITEMS_required_item_number1`) VALUES (123, 42);
INSERT INTO `mydb`.`ITEMS_has_required_ITEMS` (`ITEMS_item_number`, `ITEMS_required_item_number1`) VALUES (123, 82);
INSERT INTO `mydb`.`ITEMS_has_required_ITEMS` (`ITEMS_item_number`, `ITEMS_required_item_number1`) VALUES (124, 98);
INSERT INTO `mydb`.`ITEMS_has_required_ITEMS` (`ITEMS_item_number`, `ITEMS_required_item_number1`) VALUES (125, 39);
INSERT INTO `mydb`.`ITEMS_has_required_ITEMS` (`ITEMS_item_number`, `ITEMS_required_item_number1`) VALUES (125, 105);
INSERT INTO `mydb`.`ITEMS_has_required_ITEMS` (`ITEMS_item_number`, `ITEMS_required_item_number1`) VALUES (126, 101);
INSERT INTO `mydb`.`ITEMS_has_required_ITEMS` (`ITEMS_item_number`, `ITEMS_required_item_number1`) VALUES (126, 128);
INSERT INTO `mydb`.`ITEMS_has_required_ITEMS` (`ITEMS_item_number`, `ITEMS_required_item_number1`) VALUES (127, 10);
INSERT INTO `mydb`.`ITEMS_has_required_ITEMS` (`ITEMS_item_number`, `ITEMS_required_item_number1`) VALUES (127, 133);
INSERT INTO `mydb`.`ITEMS_has_required_ITEMS` (`ITEMS_item_number`, `ITEMS_required_item_number1`) VALUES (128, 67);
INSERT INTO `mydb`.`ITEMS_has_required_ITEMS` (`ITEMS_item_number`, `ITEMS_required_item_number1`) VALUES (129, 22);
INSERT INTO `mydb`.`ITEMS_has_required_ITEMS` (`ITEMS_item_number`, `ITEMS_required_item_number1`) VALUES (129, 25);
INSERT INTO `mydb`.`ITEMS_has_required_ITEMS` (`ITEMS_item_number`, `ITEMS_required_item_number1`) VALUES (130, 67);
INSERT INTO `mydb`.`ITEMS_has_required_ITEMS` (`ITEMS_item_number`, `ITEMS_required_item_number1`) VALUES (130, 88);
INSERT INTO `mydb`.`ITEMS_has_required_ITEMS` (`ITEMS_item_number`, `ITEMS_required_item_number1`) VALUES (130, 97);
INSERT INTO `mydb`.`ITEMS_has_required_ITEMS` (`ITEMS_item_number`, `ITEMS_required_item_number1`) VALUES (131, 86);
INSERT INTO `mydb`.`ITEMS_has_required_ITEMS` (`ITEMS_item_number`, `ITEMS_required_item_number1`) VALUES (131, 109);
INSERT INTO `mydb`.`ITEMS_has_required_ITEMS` (`ITEMS_item_number`, `ITEMS_required_item_number1`) VALUES (131, 143);
INSERT INTO `mydb`.`ITEMS_has_required_ITEMS` (`ITEMS_item_number`, `ITEMS_required_item_number1`) VALUES (132, 3);
INSERT INTO `mydb`.`ITEMS_has_required_ITEMS` (`ITEMS_item_number`, `ITEMS_required_item_number1`) VALUES (132, 41);
INSERT INTO `mydb`.`ITEMS_has_required_ITEMS` (`ITEMS_item_number`, `ITEMS_required_item_number1`) VALUES (133, 67);
INSERT INTO `mydb`.`ITEMS_has_required_ITEMS` (`ITEMS_item_number`, `ITEMS_required_item_number1`) VALUES (134, 0);
INSERT INTO `mydb`.`ITEMS_has_required_ITEMS` (`ITEMS_item_number`, `ITEMS_required_item_number1`) VALUES (135, 4);
INSERT INTO `mydb`.`ITEMS_has_required_ITEMS` (`ITEMS_item_number`, `ITEMS_required_item_number1`) VALUES (135, 16);
INSERT INTO `mydb`.`ITEMS_has_required_ITEMS` (`ITEMS_item_number`, `ITEMS_required_item_number1`) VALUES (136, 25);
INSERT INTO `mydb`.`ITEMS_has_required_ITEMS` (`ITEMS_item_number`, `ITEMS_required_item_number1`) VALUES (137, 0);
INSERT INTO `mydb`.`ITEMS_has_required_ITEMS` (`ITEMS_item_number`, `ITEMS_required_item_number1`) VALUES (138, 26);
INSERT INTO `mydb`.`ITEMS_has_required_ITEMS` (`ITEMS_item_number`, `ITEMS_required_item_number1`) VALUES (138, 47);
INSERT INTO `mydb`.`ITEMS_has_required_ITEMS` (`ITEMS_item_number`, `ITEMS_required_item_number1`) VALUES (139, 41);
INSERT INTO `mydb`.`ITEMS_has_required_ITEMS` (`ITEMS_item_number`, `ITEMS_required_item_number1`) VALUES (139, 57);
INSERT INTO `mydb`.`ITEMS_has_required_ITEMS` (`ITEMS_item_number`, `ITEMS_required_item_number1`) VALUES (140, 28);
INSERT INTO `mydb`.`ITEMS_has_required_ITEMS` (`ITEMS_item_number`, `ITEMS_required_item_number1`) VALUES (140, 83);
INSERT INTO `mydb`.`ITEMS_has_required_ITEMS` (`ITEMS_item_number`, `ITEMS_required_item_number1`) VALUES (140, 96);
INSERT INTO `mydb`.`ITEMS_has_required_ITEMS` (`ITEMS_item_number`, `ITEMS_required_item_number1`) VALUES (141, 28);
INSERT INTO `mydb`.`ITEMS_has_required_ITEMS` (`ITEMS_item_number`, `ITEMS_required_item_number1`) VALUES (141, 67);
INSERT INTO `mydb`.`ITEMS_has_required_ITEMS` (`ITEMS_item_number`, `ITEMS_required_item_number1`) VALUES (141, 68);
INSERT INTO `mydb`.`ITEMS_has_required_ITEMS` (`ITEMS_item_number`, `ITEMS_required_item_number1`) VALUES (142, 9);
INSERT INTO `mydb`.`ITEMS_has_required_ITEMS` (`ITEMS_item_number`, `ITEMS_required_item_number1`) VALUES (142, 128);
INSERT INTO `mydb`.`ITEMS_has_required_ITEMS` (`ITEMS_item_number`, `ITEMS_required_item_number1`) VALUES (143, 20);
INSERT INTO `mydb`.`ITEMS_has_required_ITEMS` (`ITEMS_item_number`, `ITEMS_required_item_number1`) VALUES (143, 28);
INSERT INTO `mydb`.`ITEMS_has_required_ITEMS` (`ITEMS_item_number`, `ITEMS_required_item_number1`) VALUES (144, 62);
INSERT INTO `mydb`.`ITEMS_has_required_ITEMS` (`ITEMS_item_number`, `ITEMS_required_item_number1`) VALUES (144, 133);
INSERT INTO `mydb`.`ITEMS_has_required_ITEMS` (`ITEMS_item_number`, `ITEMS_required_item_number1`) VALUES (145, 88);
INSERT INTO `mydb`.`ITEMS_has_required_ITEMS` (`ITEMS_item_number`, `ITEMS_required_item_number1`) VALUES (145, 119);
INSERT INTO `mydb`.`ITEMS_has_required_ITEMS` (`ITEMS_item_number`, `ITEMS_required_item_number1`) VALUES (146, 79);
INSERT INTO `mydb`.`ITEMS_has_required_ITEMS` (`ITEMS_item_number`, `ITEMS_required_item_number1`) VALUES (146, 107);
INSERT INTO `mydb`.`ITEMS_has_required_ITEMS` (`ITEMS_item_number`, `ITEMS_required_item_number1`) VALUES (147, 80);
INSERT INTO `mydb`.`ITEMS_has_required_ITEMS` (`ITEMS_item_number`, `ITEMS_required_item_number1`) VALUES (147, 94);

COMMIT;


-- -----------------------------------------------------
-- Data for table `mydb`.`SUMMONERS_has_CHAMPIONS`
-- -----------------------------------------------------
START TRANSACTION;
USE `mydb`;
INSERT INTO `mydb`.`SUMMONERS_has_CHAMPIONS` (`SUMMONERS_Summoners_Nickname`, `CHAMPIONS_champion_id`) VALUES ('Amazing', 1);
INSERT INTO `mydb`.`SUMMONERS_has_CHAMPIONS` (`SUMMONERS_Summoners_Nickname`, `CHAMPIONS_champion_id`) VALUES ('Archie', 2);
INSERT INTO `mydb`.`SUMMONERS_has_CHAMPIONS` (`SUMMONERS_Summoners_Nickname`, `CHAMPIONS_champion_id`) VALUES ('Archive', 3);
INSERT INTO `mydb`.`SUMMONERS_has_CHAMPIONS` (`SUMMONERS_Summoners_Nickname`, `CHAMPIONS_champion_id`) VALUES ('BalIs', 4);
INSERT INTO `mydb`.`SUMMONERS_has_CHAMPIONS` (`SUMMONERS_Summoners_Nickname`, `CHAMPIONS_champion_id`) VALUES ('Bebe', 5);
INSERT INTO `mydb`.`SUMMONERS_has_CHAMPIONS` (`SUMMONERS_Summoners_Nickname`, `CHAMPIONS_champion_id`) VALUES ('Bjergsen', 6);
INSERT INTO `mydb`.`SUMMONERS_has_CHAMPIONS` (`SUMMONERS_Summoners_Nickname`, `CHAMPIONS_champion_id`) VALUES ('Claire', 7);
INSERT INTO `mydb`.`SUMMONERS_has_CHAMPIONS` (`SUMMONERS_Summoners_Nickname`, `CHAMPIONS_champion_id`) VALUES ('Crystal M', 8);
INSERT INTO `mydb`.`SUMMONERS_has_CHAMPIONS` (`SUMMONERS_Summoners_Nickname`, `CHAMPIONS_champion_id`) VALUES ('dade', 9);
INSERT INTO `mydb`.`SUMMONERS_has_CHAMPIONS` (`SUMMONERS_Summoners_Nickname`, `CHAMPIONS_champion_id`) VALUES ('Dandy', 10);
INSERT INTO `mydb`.`SUMMONERS_has_CHAMPIONS` (`SUMMONERS_Summoners_Nickname`, `CHAMPIONS_champion_id`) VALUES ('Dioud', 11);
INSERT INTO `mydb`.`SUMMONERS_has_CHAMPIONS` (`SUMMONERS_Summoners_Nickname`, `CHAMPIONS_champion_id`) VALUES ('Dumbledoge', 12);
INSERT INTO `mydb`.`SUMMONERS_has_CHAMPIONS` (`SUMMONERS_Summoners_Nickname`, `CHAMPIONS_champion_id`) VALUES ('Dyrus', 13);
INSERT INTO `mydb`.`SUMMONERS_has_CHAMPIONS` (`SUMMONERS_Summoners_Nickname`, `CHAMPIONS_champion_id`) VALUES ('Elwind', 14);
INSERT INTO `mydb`.`SUMMONERS_has_CHAMPIONS` (`SUMMONERS_Summoners_Nickname`, `CHAMPIONS_champion_id`) VALUES ('Energy', 15);
INSERT INTO `mydb`.`SUMMONERS_has_CHAMPIONS` (`SUMMONERS_Summoners_Nickname`, `CHAMPIONS_champion_id`) VALUES ('Fabulous', 16);
INSERT INTO `mydb`.`SUMMONERS_has_CHAMPIONS` (`SUMMONERS_Summoners_Nickname`, `CHAMPIONS_champion_id`) VALUES ('Faker', 17);
INSERT INTO `mydb`.`SUMMONERS_has_CHAMPIONS` (`SUMMONERS_Summoners_Nickname`, `CHAMPIONS_champion_id`) VALUES ('FlashInTheNight', 18);
INSERT INTO `mydb`.`SUMMONERS_has_CHAMPIONS` (`SUMMONERS_Summoners_Nickname`, `CHAMPIONS_champion_id`) VALUES ('Froggen', 19);
INSERT INTO `mydb`.`SUMMONERS_has_CHAMPIONS` (`SUMMONERS_Summoners_Nickname`, `CHAMPIONS_champion_id`) VALUES ('Gramas', 20);
INSERT INTO `mydb`.`SUMMONERS_has_CHAMPIONS` (`SUMMONERS_Summoners_Nickname`, `CHAMPIONS_champion_id`) VALUES ('Holyanimor', 21);
INSERT INTO `mydb`.`SUMMONERS_has_CHAMPIONS` (`SUMMONERS_Summoners_Nickname`, `CHAMPIONS_champion_id`) VALUES ('imp', 22);
INSERT INTO `mydb`.`SUMMONERS_has_CHAMPIONS` (`SUMMONERS_Summoners_Nickname`, `CHAMPIONS_champion_id`) VALUES ('Impact', 23);
INSERT INTO `mydb`.`SUMMONERS_has_CHAMPIONS` (`SUMMONERS_Summoners_Nickname`, `CHAMPIONS_champion_id`) VALUES ('Incarnati0n', 24);
INSERT INTO `mydb`.`SUMMONERS_has_CHAMPIONS` (`SUMMONERS_Summoners_Nickname`, `CHAMPIONS_champion_id`) VALUES ('inSec', 25);
INSERT INTO `mydb`.`SUMMONERS_has_CHAMPIONS` (`SUMMONERS_Summoners_Nickname`, `CHAMPIONS_champion_id`) VALUES ('Krepo', 26);
INSERT INTO `mydb`.`SUMMONERS_has_CHAMPIONS` (`SUMMONERS_Summoners_Nickname`, `CHAMPIONS_champion_id`) VALUES ('Klaus', 27);
INSERT INTO `mydb`.`SUMMONERS_has_CHAMPIONS` (`SUMMONERS_Summoners_Nickname`, `CHAMPIONS_champion_id`) VALUES ('LongB', 28);
INSERT INTO `mydb`.`SUMMONERS_has_CHAMPIONS` (`SUMMONERS_Summoners_Nickname`, `CHAMPIONS_champion_id`) VALUES ('MadLife', 29);
INSERT INTO `mydb`.`SUMMONERS_has_CHAMPIONS` (`SUMMONERS_Summoners_Nickname`, `CHAMPIONS_champion_id`) VALUES ('Mata', 30);
INSERT INTO `mydb`.`SUMMONERS_has_CHAMPIONS` (`SUMMONERS_Summoners_Nickname`, `CHAMPIONS_champion_id`) VALUES ('MaRin', 31);
INSERT INTO `mydb`.`SUMMONERS_has_CHAMPIONS` (`SUMMONERS_Summoners_Nickname`, `CHAMPIONS_champion_id`) VALUES ('Matty', 32);
INSERT INTO `mydb`.`SUMMONERS_has_CHAMPIONS` (`SUMMONERS_Summoners_Nickname`, `CHAMPIONS_champion_id`) VALUES ('Mayney', 33);
INSERT INTO `mydb`.`SUMMONERS_has_CHAMPIONS` (`SUMMONERS_Summoners_Nickname`, `CHAMPIONS_champion_id`) VALUES ('Metalurijist', 34);
INSERT INTO `mydb`.`SUMMONERS_has_CHAMPIONS` (`SUMMONERS_Summoners_Nickname`, `CHAMPIONS_champion_id`) VALUES ('Meteos', 35);
INSERT INTO `mydb`.`SUMMONERS_has_CHAMPIONS` (`SUMMONERS_Summoners_Nickname`, `CHAMPIONS_champion_id`) VALUES ('MikeyR', 36);
INSERT INTO `mydb`.`SUMMONERS_has_CHAMPIONS` (`SUMMONERS_Summoners_Nickname`, `CHAMPIONS_champion_id`) VALUES ('Monarch1967', 37);
INSERT INTO `mydb`.`SUMMONERS_has_CHAMPIONS` (`SUMMONERS_Summoners_Nickname`, `CHAMPIONS_champion_id`) VALUES ('Morning', 38);
INSERT INTO `mydb`.`SUMMONERS_has_CHAMPIONS` (`SUMMONERS_Summoners_Nickname`, `CHAMPIONS_champion_id`) VALUES ('Mylon', 39);
INSERT INTO `mydb`.`SUMMONERS_has_CHAMPIONS` (`SUMMONERS_Summoners_Nickname`, `CHAMPIONS_champion_id`) VALUES ('NaMei', 40);
INSERT INTO `mydb`.`SUMMONERS_has_CHAMPIONS` (`SUMMONERS_Summoners_Nickname`, `CHAMPIONS_champion_id`) VALUES ('Nardeus', 41);
INSERT INTO `mydb`.`SUMMONERS_has_CHAMPIONS` (`SUMMONERS_Summoners_Nickname`, `CHAMPIONS_champion_id`) VALUES ('Naru', 42);
INSERT INTO `mydb`.`SUMMONERS_has_CHAMPIONS` (`SUMMONERS_Summoners_Nickname`, `CHAMPIONS_champion_id`) VALUES ('NerzhuL', 43);
INSERT INTO `mydb`.`SUMMONERS_has_CHAMPIONS` (`SUMMONERS_Summoners_Nickname`, `CHAMPIONS_champion_id`) VALUES ('niQ', 44);
INSERT INTO `mydb`.`SUMMONERS_has_CHAMPIONS` (`SUMMONERS_Summoners_Nickname`, `CHAMPIONS_champion_id`) VALUES ('PawN', 45);
INSERT INTO `mydb`.`SUMMONERS_has_CHAMPIONS` (`SUMMONERS_Summoners_Nickname`, `CHAMPIONS_champion_id`) VALUES ('Piglet', 46);
INSERT INTO `mydb`.`SUMMONERS_has_CHAMPIONS` (`SUMMONERS_Summoners_Nickname`, `CHAMPIONS_champion_id`) VALUES ('Porky', 47);
INSERT INTO `mydb`.`SUMMONERS_has_CHAMPIONS` (`SUMMONERS_Summoners_Nickname`, `CHAMPIONS_champion_id`) VALUES ('Quas', 48);
INSERT INTO `mydb`.`SUMMONERS_has_CHAMPIONS` (`SUMMONERS_Summoners_Nickname`, `CHAMPIONS_champion_id`) VALUES ('Raydere', 49);
INSERT INTO `mydb`.`SUMMONERS_has_CHAMPIONS` (`SUMMONERS_Summoners_Nickname`, `CHAMPIONS_champion_id`) VALUES ('Rekkles', 50);
INSERT INTO `mydb`.`SUMMONERS_has_CHAMPIONS` (`SUMMONERS_Summoners_Nickname`, `CHAMPIONS_champion_id`) VALUES ('Santorin', 51);
INSERT INTO `mydb`.`SUMMONERS_has_CHAMPIONS` (`SUMMONERS_Summoners_Nickname`, `CHAMPIONS_champion_id`) VALUES ('SirT', 52);
INSERT INTO `mydb`.`SUMMONERS_has_CHAMPIONS` (`SUMMONERS_Summoners_Nickname`, `CHAMPIONS_champion_id`) VALUES ('Shaman', 53);
INSERT INTO `mydb`.`SUMMONERS_has_CHAMPIONS` (`SUMMONERS_Summoners_Nickname`, `CHAMPIONS_champion_id`) VALUES ('Snoopeh', 54);
INSERT INTO `mydb`.`SUMMONERS_has_CHAMPIONS` (`SUMMONERS_Summoners_Nickname`, `CHAMPIONS_champion_id`) VALUES ('sOAZ', 55);
INSERT INTO `mydb`.`SUMMONERS_has_CHAMPIONS` (`SUMMONERS_Summoners_Nickname`, `CHAMPIONS_champion_id`) VALUES ('SuperAZE', 56);
INSERT INTO `mydb`.`SUMMONERS_has_CHAMPIONS` (`SUMMONERS_Summoners_Nickname`, `CHAMPIONS_champion_id`) VALUES ('Svenskeren', 57);
INSERT INTO `mydb`.`SUMMONERS_has_CHAMPIONS` (`SUMMONERS_Summoners_Nickname`, `CHAMPIONS_champion_id`) VALUES ('t4nk', 58);
INSERT INTO `mydb`.`SUMMONERS_has_CHAMPIONS` (`SUMMONERS_Summoners_Nickname`, `CHAMPIONS_champion_id`) VALUES ('Thaldrin', 59);
INSERT INTO `mydb`.`SUMMONERS_has_CHAMPIONS` (`SUMMONERS_Summoners_Nickname`, `CHAMPIONS_champion_id`) VALUES ('The Chain Wârden', 60);
INSERT INTO `mydb`.`SUMMONERS_has_CHAMPIONS` (`SUMMONERS_Summoners_Nickname`, `CHAMPIONS_champion_id`) VALUES ('Theokoles', 61);
INSERT INTO `mydb`.`SUMMONERS_has_CHAMPIONS` (`SUMMONERS_Summoners_Nickname`, `CHAMPIONS_champion_id`) VALUES ('Tiridus', 62);
INSERT INTO `mydb`.`SUMMONERS_has_CHAMPIONS` (`SUMMONERS_Summoners_Nickname`, `CHAMPIONS_champion_id`) VALUES ('Toyz', 63);
INSERT INTO `mydb`.`SUMMONERS_has_CHAMPIONS` (`SUMMONERS_Summoners_Nickname`, `CHAMPIONS_champion_id`) VALUES ('un1tback', 64);
INSERT INTO `mydb`.`SUMMONERS_has_CHAMPIONS` (`SUMMONERS_Summoners_Nickname`, `CHAMPIONS_champion_id`) VALUES ('Uzi', 65);
INSERT INTO `mydb`.`SUMMONERS_has_CHAMPIONS` (`SUMMONERS_Summoners_Nickname`, `CHAMPIONS_champion_id`) VALUES ('WildTurtle', 66);
INSERT INTO `mydb`.`SUMMONERS_has_CHAMPIONS` (`SUMMONERS_Summoners_Nickname`, `CHAMPIONS_champion_id`) VALUES ('Xyraz', 67);
INSERT INTO `mydb`.`SUMMONERS_has_CHAMPIONS` (`SUMMONERS_Summoners_Nickname`, `CHAMPIONS_champion_id`) VALUES ('xPeke', 68);
INSERT INTO `mydb`.`SUMMONERS_has_CHAMPIONS` (`SUMMONERS_Summoners_Nickname`, `CHAMPIONS_champion_id`) VALUES ('YellOwStaR', 69);
INSERT INTO `mydb`.`SUMMONERS_has_CHAMPIONS` (`SUMMONERS_Summoners_Nickname`, `CHAMPIONS_champion_id`) VALUES ('Zergsting', 70);
INSERT INTO `mydb`.`SUMMONERS_has_CHAMPIONS` (`SUMMONERS_Summoners_Nickname`, `CHAMPIONS_champion_id`) VALUES ('Amazing', 71);
INSERT INTO `mydb`.`SUMMONERS_has_CHAMPIONS` (`SUMMONERS_Summoners_Nickname`, `CHAMPIONS_champion_id`) VALUES ('Archie', 72);
INSERT INTO `mydb`.`SUMMONERS_has_CHAMPIONS` (`SUMMONERS_Summoners_Nickname`, `CHAMPIONS_champion_id`) VALUES ('Archive', 73);
INSERT INTO `mydb`.`SUMMONERS_has_CHAMPIONS` (`SUMMONERS_Summoners_Nickname`, `CHAMPIONS_champion_id`) VALUES ('BalIs', 74);
INSERT INTO `mydb`.`SUMMONERS_has_CHAMPIONS` (`SUMMONERS_Summoners_Nickname`, `CHAMPIONS_champion_id`) VALUES ('Bebe', 75);
INSERT INTO `mydb`.`SUMMONERS_has_CHAMPIONS` (`SUMMONERS_Summoners_Nickname`, `CHAMPIONS_champion_id`) VALUES ('Bjergsen', 76);
INSERT INTO `mydb`.`SUMMONERS_has_CHAMPIONS` (`SUMMONERS_Summoners_Nickname`, `CHAMPIONS_champion_id`) VALUES ('Claire', 77);
INSERT INTO `mydb`.`SUMMONERS_has_CHAMPIONS` (`SUMMONERS_Summoners_Nickname`, `CHAMPIONS_champion_id`) VALUES ('Crystal M', 78);
INSERT INTO `mydb`.`SUMMONERS_has_CHAMPIONS` (`SUMMONERS_Summoners_Nickname`, `CHAMPIONS_champion_id`) VALUES ('dade', 79);
INSERT INTO `mydb`.`SUMMONERS_has_CHAMPIONS` (`SUMMONERS_Summoners_Nickname`, `CHAMPIONS_champion_id`) VALUES ('Dandy', 80);
INSERT INTO `mydb`.`SUMMONERS_has_CHAMPIONS` (`SUMMONERS_Summoners_Nickname`, `CHAMPIONS_champion_id`) VALUES ('Dioud', 81);
INSERT INTO `mydb`.`SUMMONERS_has_CHAMPIONS` (`SUMMONERS_Summoners_Nickname`, `CHAMPIONS_champion_id`) VALUES ('Dumbledoge', 82);
INSERT INTO `mydb`.`SUMMONERS_has_CHAMPIONS` (`SUMMONERS_Summoners_Nickname`, `CHAMPIONS_champion_id`) VALUES ('Dyrus', 83);
INSERT INTO `mydb`.`SUMMONERS_has_CHAMPIONS` (`SUMMONERS_Summoners_Nickname`, `CHAMPIONS_champion_id`) VALUES ('Elwind', 84);
INSERT INTO `mydb`.`SUMMONERS_has_CHAMPIONS` (`SUMMONERS_Summoners_Nickname`, `CHAMPIONS_champion_id`) VALUES ('Energy', 85);
INSERT INTO `mydb`.`SUMMONERS_has_CHAMPIONS` (`SUMMONERS_Summoners_Nickname`, `CHAMPIONS_champion_id`) VALUES ('Fabulous', 86);
INSERT INTO `mydb`.`SUMMONERS_has_CHAMPIONS` (`SUMMONERS_Summoners_Nickname`, `CHAMPIONS_champion_id`) VALUES ('Faker', 87);
INSERT INTO `mydb`.`SUMMONERS_has_CHAMPIONS` (`SUMMONERS_Summoners_Nickname`, `CHAMPIONS_champion_id`) VALUES ('FlashInTheNight', 88);
INSERT INTO `mydb`.`SUMMONERS_has_CHAMPIONS` (`SUMMONERS_Summoners_Nickname`, `CHAMPIONS_champion_id`) VALUES ('Froggen', 89);
INSERT INTO `mydb`.`SUMMONERS_has_CHAMPIONS` (`SUMMONERS_Summoners_Nickname`, `CHAMPIONS_champion_id`) VALUES ('Gramas', 90);
INSERT INTO `mydb`.`SUMMONERS_has_CHAMPIONS` (`SUMMONERS_Summoners_Nickname`, `CHAMPIONS_champion_id`) VALUES ('Holyanimor', 91);
INSERT INTO `mydb`.`SUMMONERS_has_CHAMPIONS` (`SUMMONERS_Summoners_Nickname`, `CHAMPIONS_champion_id`) VALUES ('imp', 92);
INSERT INTO `mydb`.`SUMMONERS_has_CHAMPIONS` (`SUMMONERS_Summoners_Nickname`, `CHAMPIONS_champion_id`) VALUES ('Impact', 93);
INSERT INTO `mydb`.`SUMMONERS_has_CHAMPIONS` (`SUMMONERS_Summoners_Nickname`, `CHAMPIONS_champion_id`) VALUES ('Incarnati0n', 94);
INSERT INTO `mydb`.`SUMMONERS_has_CHAMPIONS` (`SUMMONERS_Summoners_Nickname`, `CHAMPIONS_champion_id`) VALUES ('inSec', 95);
INSERT INTO `mydb`.`SUMMONERS_has_CHAMPIONS` (`SUMMONERS_Summoners_Nickname`, `CHAMPIONS_champion_id`) VALUES ('Krepo', 96);
INSERT INTO `mydb`.`SUMMONERS_has_CHAMPIONS` (`SUMMONERS_Summoners_Nickname`, `CHAMPIONS_champion_id`) VALUES ('Klaus', 97);
INSERT INTO `mydb`.`SUMMONERS_has_CHAMPIONS` (`SUMMONERS_Summoners_Nickname`, `CHAMPIONS_champion_id`) VALUES ('LongB', 98);
INSERT INTO `mydb`.`SUMMONERS_has_CHAMPIONS` (`SUMMONERS_Summoners_Nickname`, `CHAMPIONS_champion_id`) VALUES ('MadLife', 99);
INSERT INTO `mydb`.`SUMMONERS_has_CHAMPIONS` (`SUMMONERS_Summoners_Nickname`, `CHAMPIONS_champion_id`) VALUES ('Mata', 100);
INSERT INTO `mydb`.`SUMMONERS_has_CHAMPIONS` (`SUMMONERS_Summoners_Nickname`, `CHAMPIONS_champion_id`) VALUES ('MaRin', 101);
INSERT INTO `mydb`.`SUMMONERS_has_CHAMPIONS` (`SUMMONERS_Summoners_Nickname`, `CHAMPIONS_champion_id`) VALUES ('Matty', 102);
INSERT INTO `mydb`.`SUMMONERS_has_CHAMPIONS` (`SUMMONERS_Summoners_Nickname`, `CHAMPIONS_champion_id`) VALUES ('Mayney', 103);
INSERT INTO `mydb`.`SUMMONERS_has_CHAMPIONS` (`SUMMONERS_Summoners_Nickname`, `CHAMPIONS_champion_id`) VALUES ('Metalurijist', 104);
INSERT INTO `mydb`.`SUMMONERS_has_CHAMPIONS` (`SUMMONERS_Summoners_Nickname`, `CHAMPIONS_champion_id`) VALUES ('Meteos', 105);
INSERT INTO `mydb`.`SUMMONERS_has_CHAMPIONS` (`SUMMONERS_Summoners_Nickname`, `CHAMPIONS_champion_id`) VALUES ('MikeyR', 106);
INSERT INTO `mydb`.`SUMMONERS_has_CHAMPIONS` (`SUMMONERS_Summoners_Nickname`, `CHAMPIONS_champion_id`) VALUES ('Monarch1967', 107);
INSERT INTO `mydb`.`SUMMONERS_has_CHAMPIONS` (`SUMMONERS_Summoners_Nickname`, `CHAMPIONS_champion_id`) VALUES ('Morning', 108);
INSERT INTO `mydb`.`SUMMONERS_has_CHAMPIONS` (`SUMMONERS_Summoners_Nickname`, `CHAMPIONS_champion_id`) VALUES ('Mylon', 109);
INSERT INTO `mydb`.`SUMMONERS_has_CHAMPIONS` (`SUMMONERS_Summoners_Nickname`, `CHAMPIONS_champion_id`) VALUES ('NaMei', 110);
INSERT INTO `mydb`.`SUMMONERS_has_CHAMPIONS` (`SUMMONERS_Summoners_Nickname`, `CHAMPIONS_champion_id`) VALUES ('Nardeus', 111);
INSERT INTO `mydb`.`SUMMONERS_has_CHAMPIONS` (`SUMMONERS_Summoners_Nickname`, `CHAMPIONS_champion_id`) VALUES ('Naru', 112);
INSERT INTO `mydb`.`SUMMONERS_has_CHAMPIONS` (`SUMMONERS_Summoners_Nickname`, `CHAMPIONS_champion_id`) VALUES ('NerzhuL', 113);
INSERT INTO `mydb`.`SUMMONERS_has_CHAMPIONS` (`SUMMONERS_Summoners_Nickname`, `CHAMPIONS_champion_id`) VALUES ('niQ', 114);
INSERT INTO `mydb`.`SUMMONERS_has_CHAMPIONS` (`SUMMONERS_Summoners_Nickname`, `CHAMPIONS_champion_id`) VALUES ('PawN', 115);
INSERT INTO `mydb`.`SUMMONERS_has_CHAMPIONS` (`SUMMONERS_Summoners_Nickname`, `CHAMPIONS_champion_id`) VALUES ('Piglet', 116);
INSERT INTO `mydb`.`SUMMONERS_has_CHAMPIONS` (`SUMMONERS_Summoners_Nickname`, `CHAMPIONS_champion_id`) VALUES ('Porky', 117);
INSERT INTO `mydb`.`SUMMONERS_has_CHAMPIONS` (`SUMMONERS_Summoners_Nickname`, `CHAMPIONS_champion_id`) VALUES ('Quas', 118);
INSERT INTO `mydb`.`SUMMONERS_has_CHAMPIONS` (`SUMMONERS_Summoners_Nickname`, `CHAMPIONS_champion_id`) VALUES ('Raydere', 119);
INSERT INTO `mydb`.`SUMMONERS_has_CHAMPIONS` (`SUMMONERS_Summoners_Nickname`, `CHAMPIONS_champion_id`) VALUES ('Rekkles', 120);
INSERT INTO `mydb`.`SUMMONERS_has_CHAMPIONS` (`SUMMONERS_Summoners_Nickname`, `CHAMPIONS_champion_id`) VALUES ('Santorin', 121);
INSERT INTO `mydb`.`SUMMONERS_has_CHAMPIONS` (`SUMMONERS_Summoners_Nickname`, `CHAMPIONS_champion_id`) VALUES ('SirT', 122);
INSERT INTO `mydb`.`SUMMONERS_has_CHAMPIONS` (`SUMMONERS_Summoners_Nickname`, `CHAMPIONS_champion_id`) VALUES ('Shaman', 123);

COMMIT;

